external_id,task_id,primary_topic_id,primary_topic_title,confidence,difficulty,action
"159027","b28982f9-53b1-4910-ba81-40a451fabdd7","a61293f9-8a4a-4a9d-836c-fb1d617bf961","Графики движения (x-t, v-t, a-t)","0.95","средняя","inserted"
"13527","f3cbed88-1cc8-473b-9e63-7084ea61758f","d990b470-e47d-4f73-b895-427f26b0c233","Гармонические колебания","0.95","средняя","inserted"
"64216","a0d41134-7962-4888-8332-028477419c5b","d990b470-e47d-4f73-b895-427f26b0c233","Гармонические колебания","0.95","средняя","inserted"
"96183","30f50100-41ca-45a3-bd21-f8872aaa8593","d990b470-e47d-4f73-b895-427f26b0c233","Гармонические колебания","0.95","средняя","inserted"
"94350","3841d880-b8db-489a-9b1d-951e4696e7ad","a61293f9-8a4a-4a9d-836c-fb1d617bf961","Графики движения (x-t, v-t, a-t)","0.95","средняя","inserted"
"102984","b18ac5d4-499d-44cd-9cea-e84b1e87d5c0","a61293f9-8a4a-4a9d-836c-fb1d617bf961","Графики движения (x-t, v-t, a-t)","0.95","средняя","inserted"
"92489","7c8c5e08-979e-4d31-9408-d8f29c58860d","f930f7a2-dcae-4a22-b546-9131c952c71d","Движение по окружности","0.95","средняя","inserted"
"84914","73c18f25-b59b-4bdc-abee-1b33ba3e8370","d990b470-e47d-4f73-b895-427f26b0c233","Гармонические колебания","0.95","средняя","inserted"
"107675","c4dccf36-3a44-4375-97a9-a4595ddc3225","ffca6ba7-889d-4abe-8d92-e1e1d5ab1c49","Давление жидкости","0.95","средняя","inserted"
"65188","b2c3a684-a492-4351-b2ba-d29b0d715250","d990b470-e47d-4f73-b895-427f26b0c233","Гармонические колебания","0.95","средняя","inserted"
"13522","e40ae90e-598f-4153-bf61-d89d7860ea22","ffca6ba7-889d-4abe-8d92-e1e1d5ab1c49","Давление жидкости","0.95","средняя","inserted"
"102424","1fb3dcd4-b265-4a6b-b1ad-11228a2084d8","81ff7bcf-312a-4e72-ac82-de97b383b6bf","Закон Архимеда, плавание тел","0.95","средняя","inserted"
"107674","586285cd-fa66-4e24-9c7b-bdbde5f158b2","ffca6ba7-889d-4abe-8d92-e1e1d5ab1c49","Давление жидкости","0.95","средняя","inserted"
"102987","8a269f64-6e38-4fa7-9e35-9ad3df127d12","f930f7a2-dcae-4a22-b546-9131c952c71d","Движение по окружности","0.95","средняя","inserted"
"178841","8ed9c808-b26a-4a5c-b5ac-681a129aa6e6","90ae48ff-fb53-42ab-bc93-a7d4b3dcffe0","Математический и пружинный маятник","0.95","средняя","inserted"
"13524","999a6bd1-9dec-4ba0-9be8-6286059df68d","81ff7bcf-312a-4e72-ac82-de97b383b6bf","Закон Архимеда, плавание тел","0.95","средняя","inserted"
"136678","06b77a69-360e-4213-9f3d-6ea464b0f524","f930f7a2-dcae-4a22-b546-9131c952c71d","Движение по окружности","0.95","средняя","inserted"
"175134","f8b5eefc-236f-4326-8072-a8d2c8de44ba","90ae48ff-fb53-42ab-bc93-a7d4b3dcffe0","Математический и пружинный маятник","0.95","средняя","inserted"
"17829","b46aecbc-7c4b-4784-b0b7-4251184b8f52","d990b470-e47d-4f73-b895-427f26b0c233","Гармонические колебания","0.95","средняя","inserted"
"146958","f2b3b2fb-6eef-431b-9dc7-a4a35f963a81","12c8c859-0607-44d1-92c2-a7e066beccb6","Движение спутников","0.95","средняя","inserted"
"13500","1f1526ee-c009-43b9-842d-ad091daa5df5","81ff7bcf-312a-4e72-ac82-de97b383b6bf","Закон Архимеда, плавание тел","0.95","средняя","inserted"
"120456","eae6ec9e-ad1c-4344-9998-9381d6278013","0dad3f47-1aa4-4765-9f41-34a9a6005ed4","Законы Ньютона","0.95","средняя","inserted"
"112678","0f42bc34-a1fd-4cfb-a39a-a5a00d734986","a61293f9-8a4a-4a9d-836c-fb1d617bf961","Графики движения (x-t, v-t, a-t)","0.95","средняя","inserted"
"54998","5cddf07c-92db-4c4c-8e6a-e857ca2fb2f5","ffca6ba7-889d-4abe-8d92-e1e1d5ab1c49","Давление жидкости","0.95","сложная","inserted"
"91577","d1fed7c5-0996-42c3-a5f2-3b1803cf081c","81ff7bcf-312a-4e72-ac82-de97b383b6bf","Закон Архимеда, плавание тел","0.95","средняя","inserted"
"114649","d044e170-d33e-488d-a7f8-2f9749c4ded6","a61293f9-8a4a-4a9d-836c-fb1d617bf961","Графики движения (x-t, v-t, a-t)","0.95","средняя","inserted"
"95946","29daeda9-3d1e-4f33-a4ed-1026e7f357b8","ffca6ba7-889d-4abe-8d92-e1e1d5ab1c49","Давление жидкости","0.95","средняя","inserted"
"98115","a9538bfa-ba8e-4528-97e4-c389ebc10fc5","d990b470-e47d-4f73-b895-427f26b0c233","Гармонические колебания","0.95","сложная","inserted"
"103359","dffe1183-3aee-4e59-bf40-ce6d105ccb0f","83f8506c-da8d-4515-a47e-c20c1548d17f","Равноускоренное движение","0.95","средняя","inserted"
"54999","6599ea1a-2a2d-4f30-badd-a6d0459aa6e0","a61293f9-8a4a-4a9d-836c-fb1d617bf961","Графики движения (x-t, v-t, a-t)","0.9","средняя","inserted"
"96346","0ca6d3b9-8bf9-43a7-aecd-0f3b13676506","ffca6ba7-889d-4abe-8d92-e1e1d5ab1c49","Давление жидкости","0.95","средняя","inserted"
"160011","6f8b157e-a740-4207-aff9-1ef2c00beff5","a61293f9-8a4a-4a9d-836c-fb1d617bf961","Графики движения (x-t, v-t, a-t)","0.95","средняя","inserted"
"115438","4a5ee082-d6d0-4c1a-9261-2ac52fe7e9fd","a61293f9-8a4a-4a9d-836c-fb1d617bf961","Графики движения (x-t, v-t, a-t)","0.95","средняя","inserted"
"108058","7817c776-cd68-470f-bb5a-4d275d0e2e7a","81ff7bcf-312a-4e72-ac82-de97b383b6bf","Закон Архимеда, плавание тел","0.95","средняя","inserted"
"107960","9e5b7570-eeaf-4244-8605-ab321165f5ef","ffca6ba7-889d-4abe-8d92-e1e1d5ab1c49","Давление жидкости","0.9","средняя","inserted"
"175155","09590a5c-564f-4508-b3ce-9fd7d4d042c7","90ae48ff-fb53-42ab-bc93-a7d4b3dcffe0","Математический и пружинный маятник","0.95","средняя","inserted"
"13501","f13d5c14-b27f-4fbf-8687-8db896c27dc2","b62883d8-b923-4c11-809c-317c0eb233ad","Закон сохранения механической энергии","0.95","средняя","inserted"
"112598","f3018fab-6a85-46bc-95a4-f897fabe97ce","d990b470-e47d-4f73-b895-427f26b0c233","Гармонические колебания","0.95","средняя","inserted"
"126620","1659acd4-920a-4124-b33f-59b00463608c","a61293f9-8a4a-4a9d-836c-fb1d617bf961","Графики движения (x-t, v-t, a-t)","0.95","средняя","inserted"
"102036","2b02bebe-e62c-4564-8822-e014c1f57b9b","7abbe545-8b29-4161-a9c0-85b09555d81e","Упругий и неупругий удар","0.95","средняя","inserted"
"131276","72de606b-487b-4527-9592-b7c66eff2019","58d13f7e-0580-491e-9b7a-59facfa77b2a","Движение по наклонной плоскости","0.95","средняя","inserted"
"102986","b2d42c83-372e-489f-899c-be71ffe0071a","83f8506c-da8d-4515-a47e-c20c1548d17f","Равноускоренное движение","0.95","средняя","inserted"
"107496","4881c15d-e8bf-4eca-8699-118846413e64","81ff7bcf-312a-4e72-ac82-de97b383b6bf","Закон Архимеда, плавание тел","0.95","сложная","inserted"
"104237","355c39da-6e5b-4262-acb6-c346fb6553e7","d990b470-e47d-4f73-b895-427f26b0c233","Гармонические колебания","0.95","средняя","inserted"
"91689","83a5efc4-edd6-4e82-91be-37912aff06cb","7abbe545-8b29-4161-a9c0-85b09555d81e","Упругий и неупругий удар","0.95","средняя","inserted"
"130370","0975b280-c1b0-4678-83ba-0e623957d808","90ae48ff-fb53-42ab-bc93-a7d4b3dcffe0","Математический и пружинный маятник","0.95","средняя","inserted"
"104238","790e405c-dab8-4d0a-9b04-60f6e0a2cdc6","d990b470-e47d-4f73-b895-427f26b0c233","Гармонические колебания","0.95","средняя","inserted"
"136145","db831c7e-d222-43b5-9d40-a910853954c5","102d78c8-5777-441d-a393-83ae508cc8f3","Свободное падение","0.95","средняя","inserted"
"94009","4ffce551-ba8a-4157-ab43-e1f7dbf54d3f","83f8506c-da8d-4515-a47e-c20c1548d17f","Равноускоренное движение","0.95","средняя","inserted"
"158779","bf0055a6-016d-4642-b15f-3034624646c1","a61293f9-8a4a-4a9d-836c-fb1d617bf961","Графики движения (x-t, v-t, a-t)","0.95","средняя","inserted"
"130566","13e65bdf-63f1-48b0-977e-553efedd5fc5","d990b470-e47d-4f73-b895-427f26b0c233","Гармонические колебания","0.95","средняя","inserted"
"130815","e2f2351b-af48-4f86-b5f5-b0f855b9d353","58d13f7e-0580-491e-9b7a-59facfa77b2a","Движение по наклонной плоскости","0.95","средняя","inserted"
"137495","b4a4f007-acff-44e8-9b35-9ea0a9c1673e","77baf1e0-84d8-4933-b4d4-c520df7559a1","Импульс, закон сохранения импульса","0.95","средняя","inserted"
"139061","449a5606-0c93-401a-a36d-8dcb22268945","c7e7b6c7-e91b-4dcc-8573-6515d79e404f","Условие равновесия тел","0.95","сложная","inserted"
"138680","985cd467-fb07-463a-9335-626fffa96d85","d8dbee33-8a12-4785-bb2e-adc086b7f548","Движение связанных тел (блоки, нити)","0.95","сложная","inserted"
"135320","0dfa7e2a-4efc-45ad-9b15-637f57469c67","a61293f9-8a4a-4a9d-836c-fb1d617bf961","Графики движения (x-t, v-t, a-t)","0.95","средняя","inserted"
"141117","d87a584e-80cf-47f2-8bfb-336edf0239c1","b62883d8-b923-4c11-809c-317c0eb233ad","Закон сохранения механической энергии","0.95","средняя","inserted"
"139375","f0763780-5371-4345-b59d-6a161ea4fb32","83f8506c-da8d-4515-a47e-c20c1548d17f","Равноускоренное движение","0.95","средняя","inserted"
"132622","793cbe51-f828-4e64-8ad2-4438f039f92b","b62883d8-b923-4c11-809c-317c0eb233ad","Закон сохранения механической энергии","0.95","средняя","inserted"
"136853","a01da316-b9e2-4b81-a43e-4ce4d106b94a","0c674863-412d-4cdb-8e84-d90b0e62d513","Закон всемирного тяготения","0.95","средняя","inserted"
"138677","9ed05428-db77-434f-b935-38a50bd4d31b","d8dbee33-8a12-4785-bb2e-adc086b7f548","Движение связанных тел (блоки, нити)","0.95","сложная","inserted"
"138871","a5623b9c-6a9f-429f-9fad-d06e4b56b48e","58d13f7e-0580-491e-9b7a-59facfa77b2a","Движение по наклонной плоскости","0.95","средняя","inserted"
"141627","b645586e-d1ab-4692-b49e-00a4ea2cae3f","90ae48ff-fb53-42ab-bc93-a7d4b3dcffe0","Математический и пружинный маятник","0.95","средняя","inserted"
"155605","6da2a658-47d0-4c6a-8e9c-111106396e7b","a61293f9-8a4a-4a9d-836c-fb1d617bf961","Графики движения (x-t, v-t, a-t)","0.95","средняя","inserted"
"138597","7ae7c93d-e01c-4038-9ff5-2a53c875cc1a","a61293f9-8a4a-4a9d-836c-fb1d617bf961","Графики движения (x-t, v-t, a-t)","0.95","средняя","inserted"
"142483","f0082b32-f7ba-4537-b771-f635d669154f","90ae48ff-fb53-42ab-bc93-a7d4b3dcffe0","Математический и пружинный маятник","0.95","средняя","inserted"
"176000","9400a36f-0c7f-4b2d-9798-d211760c40bd","0dad3f47-1aa4-4765-9f41-34a9a6005ed4","Законы Ньютона","0.95","средняя","inserted"
"139060","4eca2613-c4bb-4ba3-a29f-fdc3d3d3a5f3","c7e7b6c7-e91b-4dcc-8573-6515d79e404f","Условие равновесия тел","0.95","сложная","inserted"
"84371","3da497d8-f98a-46b7-9bd1-9bd57ec5707b","90ae48ff-fb53-42ab-bc93-a7d4b3dcffe0","Математический и пружинный маятник","0.95","средняя","inserted"
"102985","b4b249de-2c4f-4b0e-850e-da8dc29605cb","83f8506c-da8d-4515-a47e-c20c1548d17f","Равноускоренное движение","0.95","средняя","inserted"
"13521","cad16d58-e572-4150-aa96-7ed8c9171816","81ff7bcf-312a-4e72-ac82-de97b383b6bf","Закон Архимеда, плавание тел","0.95","сложная","inserted"
"39096","8e6b0138-fdb5-4be6-8c5d-f0e0a944640a","d990b470-e47d-4f73-b895-427f26b0c233","Гармонические колебания","0.95","средняя","inserted"
"29294","7687d002-8d42-4d32-896d-a61a221db455","81ff7bcf-312a-4e72-ac82-de97b383b6bf","Закон Архимеда, плавание тел","0.95","средняя","inserted"
"39719","bdf280e7-5d7c-42c3-a23f-20fc169bd740","d990b470-e47d-4f73-b895-427f26b0c233","Гармонические колебания","0.95","средняя","inserted"
"177427","a09e2b6e-3523-4c2d-8da4-ed84901868fe","a61293f9-8a4a-4a9d-836c-fb1d617bf961","Графики движения (x-t, v-t, a-t)","0.95","средняя","inserted"
"55005","1d140447-b1ad-43e5-9d7c-93fe05c4eaa2","a61293f9-8a4a-4a9d-836c-fb1d617bf961","Графики движения (x-t, v-t, a-t)","0.95","средняя","inserted"
"84715","7d7ffafa-d953-4e40-8f2e-4742073fe6b1","90ae48ff-fb53-42ab-bc93-a7d4b3dcffe0","Математический и пружинный маятник","0.95","средняя","inserted"
"177155","dc8dcd4f-52e8-4bd7-b07e-fd7e394995d3","a61293f9-8a4a-4a9d-836c-fb1d617bf961","Графики движения (x-t, v-t, a-t)","0.95","средняя","inserted"
"160944","044d4a77-b977-4589-ba2d-d3cdbe657d91","d990b470-e47d-4f73-b895-427f26b0c233","Гармонические колебания","0.95","средняя","inserted"
"164460","6a564f4f-5abd-451f-adc5-ea3f2d6354f0","019ee2aa-8647-4aa1-b4ba-c805df98fa80","Движение тела, брошенного под углом к горизонту","0.95","средняя","inserted"
"107478","d323ac01-1f0a-4e29-960f-19915418c6be","81ff7bcf-312a-4e72-ac82-de97b383b6bf","Закон Архимеда, плавание тел","0.95","средняя","inserted"
"93782","9157c0e0-a723-4e5c-865c-16a8ed30cbda","a61293f9-8a4a-4a9d-836c-fb1d617bf961","Графики движения (x-t, v-t, a-t)","0.95","средняя","inserted"
"127692","a34430fb-89c4-4a8b-b2cf-4d9325308e98","102d78c8-5777-441d-a393-83ae508cc8f3","Свободное падение","0.95","средняя","inserted"
"96915","9f93535a-c726-4f3c-88c5-d133037d82b4","b62883d8-b923-4c11-809c-317c0eb233ad","Закон сохранения механической энергии","0.95","средняя","inserted"
"136477","1cb497f0-ae49-47d7-8d58-8d42fc76a9b5","81ff7bcf-312a-4e72-ac82-de97b383b6bf","Закон Архимеда, плавание тел","0.95","средняя","inserted"
"120461","2593d852-e820-4180-a075-7e9077641391","83f8506c-da8d-4515-a47e-c20c1548d17f","Равноускоренное движение","0.95","средняя","inserted"
"37107","68c6d7bd-6e9b-41f3-b1db-e9d063224452","d990b470-e47d-4f73-b895-427f26b0c233","Гармонические колебания","0.95","сложная","inserted"
"102634","61b24261-77dc-4a73-8fe1-627e293ba559","71ace6ec-c281-4894-9ac9-69e0abe13228","Кинетическая и потенциальная энергия","0.88","средняя","inserted"
"136839","e036f09e-4b87-4935-8e76-cfe4d01b1d94","d990b470-e47d-4f73-b895-427f26b0c233","Гармонические колебания","0.95","средняя","inserted"
"120458","eff844bb-7087-4b8a-ae8b-d5f6d3006b58","864f3bc5-4561-4b0c-8f5f-37d5716e8da7","Сила трения","0.95","средняя","inserted"
"137494","692061e2-c30f-4926-be8d-447705a96d98","7abbe545-8b29-4161-a9c0-85b09555d81e","Упругий и неупругий удар","0.95","средняя","inserted"
"133142","8d842694-1f9c-4cc3-ac5c-5ddce34589b6","b62883d8-b923-4c11-809c-317c0eb233ad","Закон сохранения механической энергии","0.95","средняя","inserted"
"99960","e90c59f1-f802-449a-b8e2-696a103f7465","a61293f9-8a4a-4a9d-836c-fb1d617bf961","Графики движения (x-t, v-t, a-t)","0.95","средняя","inserted"
"135466","56d834aa-7925-4fce-b111-c3dad1c169f2","a61293f9-8a4a-4a9d-836c-fb1d617bf961","Графики движения (x-t, v-t, a-t)","0.95","средняя","inserted"
"138632","bb832b85-c13f-4ecd-9696-ab0410972411","a61293f9-8a4a-4a9d-836c-fb1d617bf961","Графики движения (x-t, v-t, a-t)","0.95","средняя","inserted"
"155746","aff114fe-a5fe-4362-8628-efd9c7163856","a61293f9-8a4a-4a9d-836c-fb1d617bf961","Графики движения (x-t, v-t, a-t)","0.95","средняя","inserted"
"102562","e3d03ade-1f68-4d67-a448-f4e522e712b8","102d78c8-5777-441d-a393-83ae508cc8f3","Свободное падение","0.95","средняя","inserted"
"160115","b0133309-19ff-40d6-b7d7-4afe0276ff2d","90ae48ff-fb53-42ab-bc93-a7d4b3dcffe0","Математический и пружинный маятник","0.95","средняя","inserted"
"104664","b5a9b00d-18f4-47fc-a73b-ce8f7017746d","7abbe545-8b29-4161-a9c0-85b09555d81e","Упругий и неупругий удар","0.95","сложная","inserted"
"169646","797264b4-95a4-4bf5-bce0-169f115b2435","0dad3f47-1aa4-4765-9f41-34a9a6005ed4","Законы Ньютона","0.95","средняя","inserted"
"13520","efb0505c-2e6e-4606-bd1d-c7afb2a9fe18","ffca6ba7-889d-4abe-8d92-e1e1d5ab1c49","Давление жидкости","0.95","средняя","inserted"
"34583","b07f55dc-cd96-4121-882b-6d83bef7c56f","a61293f9-8a4a-4a9d-836c-fb1d617bf961","Графики движения (x-t, v-t, a-t)","0.95","средняя","inserted"
"13525","d05ff235-54af-4de0-b40c-1bdbbafdf1ef","d990b470-e47d-4f73-b895-427f26b0c233","Гармонические колебания","0.95","средняя","inserted"
"120459","9773ebc9-3a79-4b29-b8cc-638089341abd","77baf1e0-84d8-4933-b4d4-c520df7559a1","Импульс, закон сохранения импульса","0.95","средняя","inserted"
"13392","a1bae731-6388-4e22-96a6-e51c51f41d42","a61293f9-8a4a-4a9d-836c-fb1d617bf961","Графики движения (x-t, v-t, a-t)","0.95","средняя","inserted"
"120460","373b81a6-df9b-404c-8e0c-9d6e21a5ffee","77baf1e0-84d8-4933-b4d4-c520df7559a1","Импульс, закон сохранения импульса","0.95","средняя","inserted"
"13513","24feae5c-630e-4c54-8c2b-7c8b5125ca83","77baf1e0-84d8-4933-b4d4-c520df7559a1","Импульс, закон сохранения импульса","0.95","средняя","inserted"
"94082","087ab963-e5ec-4709-96a0-ed49022f7bf0","d990b470-e47d-4f73-b895-427f26b0c233","Гармонические колебания","0.95","средняя","inserted"
"58072","dc1399bb-46af-4eec-8d8b-8431bea03d69","81ff7bcf-312a-4e72-ac82-de97b383b6bf","Закон Архимеда, плавание тел","0.95","средняя","inserted"
"13499","308dde0f-d508-424d-888a-a67484754f79","12c8c859-0607-44d1-92c2-a7e066beccb6","Движение спутников","0.95","средняя","inserted"
"120693","6bada37d-a55a-4154-bc45-17520f562616","f930f7a2-dcae-4a22-b546-9131c952c71d","Движение по окружности","0.95","средняя","inserted"
"13526","13b893a5-d9aa-41b7-9399-6b1f2a155df6","d990b470-e47d-4f73-b895-427f26b0c233","Гармонические колебания","0.95","средняя","inserted"
"136948","f6188ff3-7b11-480e-9985-425b571938d1","d990b470-e47d-4f73-b895-427f26b0c233","Гармонические колебания","0.95","средняя","inserted"
"64689","d35c6700-577d-45a2-835c-248af503e62b","d990b470-e47d-4f73-b895-427f26b0c233","Гармонические колебания","0.95","средняя","inserted"
"121340","52fb9aae-eabb-4b16-b34e-a71d23aa4512","b62883d8-b923-4c11-809c-317c0eb233ad","Закон сохранения механической энергии","0.95","сложная","inserted"
"139093","aa5d4165-9c6c-471c-817d-c54d266d17b2","b62883d8-b923-4c11-809c-317c0eb233ad","Закон сохранения механической энергии","0.95","средняя","inserted"
"92322","70a72be1-feb4-44d3-af85-e2faeedc3f62","f930f7a2-dcae-4a22-b546-9131c952c71d","Движение по окружности","0.95","средняя","inserted"
"136962","061a13cf-2bb7-442b-8351-88d0e8aabea8","81ff7bcf-312a-4e72-ac82-de97b383b6bf","Закон Архимеда, плавание тел","0.95","средняя","inserted"
"58129","d54664a3-f827-4813-b6e7-ceae8c0222ae","ffca6ba7-889d-4abe-8d92-e1e1d5ab1c49","Давление жидкости","0.95","средняя","inserted"
"139376","245bafa0-0d42-450b-bf4b-697d67400122","83f8506c-da8d-4515-a47e-c20c1548d17f","Равноускоренное движение","0.95","средняя","inserted"
"126454","a37a99c3-4851-4b4f-8fed-3d8d87864c70","a61293f9-8a4a-4a9d-836c-fb1d617bf961","Графики движения (x-t, v-t, a-t)","0.95","средняя","inserted"
"136849","24f70590-c714-4af9-9d06-c6b548ff0bae","0c674863-412d-4cdb-8e84-d90b0e62d513","Закон всемирного тяготения","0.95","средняя","inserted"
"143850","82c938df-ecea-4f00-92ad-29b985caaded","019ee2aa-8647-4aa1-b4ba-c805df98fa80","Движение тела, брошенного под углом к горизонту","0.95","средняя","inserted"
"138886","eab4ae53-f8c8-48e6-8a89-c883fc35d112","12c8c859-0607-44d1-92c2-a7e066beccb6","Движение спутников","0.95","средняя","inserted"
"142495","6c9d42e4-30a4-4bda-b0ef-32eeb6773080","58d13f7e-0580-491e-9b7a-59facfa77b2a","Движение по наклонной плоскости","0.95","средняя","inserted"
"141689","938e8477-b4a7-443a-a2d5-339c439279bb","58d13f7e-0580-491e-9b7a-59facfa77b2a","Движение по наклонной плоскости","0.95","средняя","inserted"
"13567","8e7fcc24-1d17-439f-a91e-238c970f70f9","58d13f7e-0580-491e-9b7a-59facfa77b2a","Движение по наклонной плоскости","0.95","средняя","inserted"
"175123","3976cbc1-a33d-4ca2-b78e-605dc4228269","a61293f9-8a4a-4a9d-836c-fb1d617bf961","Графики движения (x-t, v-t, a-t)","0.95","средняя","inserted"
"64980","54647e13-97c4-48bb-a1ce-a91f9a8e1ed1","d990b470-e47d-4f73-b895-427f26b0c233","Гармонические колебания","0.95","средняя","inserted"
"168643","4dd7103b-1504-489e-8e3f-f27308d53b54","019ee2aa-8647-4aa1-b4ba-c805df98fa80","Движение тела, брошенного под углом к горизонту","0.95","средняя","inserted"
"94010","0d06b3a9-ca4e-496c-a093-e9bf151b4e93","81ff7bcf-312a-4e72-ac82-de97b383b6bf","Закон Архимеда, плавание тел","0.95","средняя","inserted"
"102717","7f30f3b6-ab00-4110-a9ed-0d7b9c6cf20e","12c8c859-0607-44d1-92c2-a7e066beccb6","Движение спутников","0.95","средняя","inserted"
"177172","bf181896-19bd-4fc6-9619-089529719d15","81ff7bcf-312a-4e72-ac82-de97b383b6bf","Закон Архимеда, плавание тел","0.95","средняя","inserted"
"92293","e4a40ba5-287b-4772-89dd-ab33a8923fc4","d990b470-e47d-4f73-b895-427f26b0c233","Гармонические колебания","0.95","средняя","inserted"
"94931","76685e9e-c82f-44ca-abab-44a79d4db511","12c8c859-0607-44d1-92c2-a7e066beccb6","Движение спутников","0.95","средняя","inserted"
"60865","423fde31-ad09-4fb3-a341-9971d4e34d0b","58d13f7e-0580-491e-9b7a-59facfa77b2a","Движение по наклонной плоскости","0.95","средняя","inserted"
"13557","b7190d1d-1633-4a39-a2e3-4b96308aba92","019ee2aa-8647-4aa1-b4ba-c805df98fa80","Движение тела, брошенного под углом к горизонту","0.95","лёгкая","inserted"
"97741","83668d6f-d97f-4817-b8bb-1dccf9bab3b1","019ee2aa-8647-4aa1-b4ba-c805df98fa80","Движение тела, брошенного под углом к горизонту","0.95","лёгкая","inserted"
"160116","f46fd51e-9857-4917-b045-cbf49fc89f69","81ff7bcf-312a-4e72-ac82-de97b383b6bf","Закон Архимеда, плавание тел","0.95","средняя","inserted"
"13599","acbd44e9-c770-41f9-806b-522e72d89658","12c8c859-0607-44d1-92c2-a7e066beccb6","Движение спутников","0.95","средняя","inserted"
"14028","ac0e3a27-0b0d-4e4a-ae7a-9766db70518b","019ee2aa-8647-4aa1-b4ba-c805df98fa80","Движение тела, брошенного под углом к горизонту","0.95","средняя","inserted"
"102995","f60a5aa2-7c19-4837-b2b2-0175cfad3d5b","d990b470-e47d-4f73-b895-427f26b0c233","Гармонические колебания","0.95","лёгкая","inserted"
"107148","b9f8aca0-a624-4dd1-bc72-f1c7e3e5d876","019ee2aa-8647-4aa1-b4ba-c805df98fa80","Движение тела, брошенного под углом к горизонту","0.95","средняя","inserted"
"165529","c9a71bfa-59a7-45c3-9614-598a96fee3bd","102d78c8-5777-441d-a393-83ae508cc8f3","Свободное падение","0.95","лёгкая","inserted"
"39099","48b82bf1-14ff-4a88-bbd4-c9a1f956f2f7","90ae48ff-fb53-42ab-bc93-a7d4b3dcffe0","Математический и пружинный маятник","0.95","средняя","inserted"
"13598","7b855924-eb66-4cf6-b7b3-fd01bbefe799","12c8c859-0607-44d1-92c2-a7e066beccb6","Движение спутников","0.95","средняя","inserted"
"13566","e7e35d09-5afe-4138-aea9-ba32a803a23c","12c8c859-0607-44d1-92c2-a7e066beccb6","Движение спутников","0.95","средняя","inserted"
"91765","a55fdc80-d056-4c33-823e-3641e8bfd8a0","58d13f7e-0580-491e-9b7a-59facfa77b2a","Движение по наклонной плоскости","0.95","средняя","inserted"
"64981","d980cdf2-b81d-46c0-96e3-cfad22b694f3","a61293f9-8a4a-4a9d-836c-fb1d617bf961","Графики движения (x-t, v-t, a-t)","0.95","средняя","inserted"
"164468","0cbf6de3-34de-47b1-b991-72fc13688d50","d990b470-e47d-4f73-b895-427f26b0c233","Гармонические колебания","0.95","средняя","inserted"
"158954","796b0537-b949-4623-abc9-2904c5209409","d990b470-e47d-4f73-b895-427f26b0c233","Гармонические колебания","0.95","средняя","inserted"
"14029","f26f10ac-dae0-4e1b-959b-cb0b52315ba3","a61293f9-8a4a-4a9d-836c-fb1d617bf961","Графики движения (x-t, v-t, a-t)","0.95","средняя","inserted"
"39097","321c5560-eb98-435a-a252-85c693bcdb0d","77baf1e0-84d8-4933-b4d4-c520df7559a1","Импульс, закон сохранения импульса","0.95","средняя","inserted"
"58073","c856d493-9ba5-4259-802c-7fde81de8415","81ff7bcf-312a-4e72-ac82-de97b383b6bf","Закон Архимеда, плавание тел","0.95","средняя","inserted"
"102037","502172ae-219d-4a0b-95a8-56d698ab88d4","a61293f9-8a4a-4a9d-836c-fb1d617bf961","Графики движения (x-t, v-t, a-t)","0.95","средняя","inserted"
"28072","f489d96a-7e32-410e-bed6-f6cdcc19c60c","f930f7a2-dcae-4a22-b546-9131c952c71d","Движение по окружности","0.95","средняя","inserted"
"164462","3180f6c6-7ceb-4fb4-a948-90711b0b00b9","a61293f9-8a4a-4a9d-836c-fb1d617bf961","Графики движения (x-t, v-t, a-t)","0.95","средняя","inserted"
"65070","298dfdfd-e244-43c5-a166-e685e9d466ac","019ee2aa-8647-4aa1-b4ba-c805df98fa80","Движение тела, брошенного под углом к горизонту","0.95","средняя","inserted"
"96347","ccf4769b-6efc-40c0-a86b-25a5a7967261","12c8c859-0607-44d1-92c2-a7e066beccb6","Движение спутников","0.95","средняя","inserted"
"34585","ca7b8623-08d6-457a-b9f2-26e2ff850796","d990b470-e47d-4f73-b895-427f26b0c233","Гармонические колебания","0.95","средняя","inserted"
"91448","faf44619-dc29-48c5-bf4f-53c54068d5ab","12c8c859-0607-44d1-92c2-a7e066beccb6","Движение спутников","0.95","средняя","inserted"
"14045","96981f2c-fbe3-4ecf-aa91-e570b6e2bb78","d990b470-e47d-4f73-b895-427f26b0c233","Гармонические колебания","0.95","средняя","inserted"
"94462","2da1ecdb-74a1-4330-b773-0b46d2bc7976","90ae48ff-fb53-42ab-bc93-a7d4b3dcffe0","Математический и пружинный маятник","0.95","средняя","inserted"
"14048","d374777c-f465-4a51-92b5-bd9fc43c56f3","d990b470-e47d-4f73-b895-427f26b0c233","Гармонические колебания","0.95","средняя","inserted"
"117362","b385c823-c762-4561-ba9a-1932c50ccfb2","f930f7a2-dcae-4a22-b546-9131c952c71d","Движение по окружности","0.95","средняя","inserted"
"120695","6ff9ad02-d9b2-4237-b4d9-53e5812a1ee7","81ff7bcf-312a-4e72-ac82-de97b383b6bf","Закон Архимеда, плавание тел","0.95","средняя","inserted"
"14044","7825f916-c8ab-4b08-8243-17dfa6eba857","d990b470-e47d-4f73-b895-427f26b0c233","Гармонические колебания","0.95","средняя","inserted"
"96012","c910b3f4-36cf-403e-96df-a6f2467e3168","d990b470-e47d-4f73-b895-427f26b0c233","Гармонические колебания","0.95","средняя","inserted"
"102218","4653bc9e-68a6-4a89-ac49-adfd4893ee43","f930f7a2-dcae-4a22-b546-9131c952c71d","Движение по окружности","0.95","средняя","inserted"
"104239","4d32124d-00f0-4baf-91b1-99b4592c70bb","a61293f9-8a4a-4a9d-836c-fb1d617bf961","Графики движения (x-t, v-t, a-t)","0.95","средняя","inserted"
"131305","5d0d724b-46d8-4a3a-b068-00ff844ba343","d990b470-e47d-4f73-b895-427f26b0c233","Гармонические колебания","0.95","средняя","inserted"
"172926","0e36049b-e51a-415c-8042-08bca1234578","71ace6ec-c281-4894-9ac9-69e0abe13228","Кинетическая и потенциальная энергия","0.95","средняя","inserted"
"117184","197a9da4-c129-4eb6-a0dd-1314a199e23f","019ee2aa-8647-4aa1-b4ba-c805df98fa80","Движение тела, брошенного под углом к горизонту","0.95","средняя","inserted"
"130818","8960b683-08c3-46bb-bc5a-2d0c0211eb08","d990b470-e47d-4f73-b895-427f26b0c233","Гармонические колебания","0.95","средняя","inserted"
"126455","411a1cbe-0a02-4fcf-8d00-ca59058d93b6","ffca6ba7-889d-4abe-8d92-e1e1d5ab1c49","Давление жидкости","0.95","средняя","inserted"
"130502","81bf8e3a-ebd9-4ea8-8f6a-e8a9128235a7","019ee2aa-8647-4aa1-b4ba-c805df98fa80","Движение тела, брошенного под углом к горизонту","0.95","средняя","inserted"
"126621","8ba7e88c-967f-41df-83a6-b8fc38ba25da","ffca6ba7-889d-4abe-8d92-e1e1d5ab1c49","Давление жидкости","0.95","средняя","inserted"
"136845","c090873a-26b3-472d-8c2e-5784fa958cff","864f3bc5-4561-4b0c-8f5f-37d5716e8da7","Сила трения","0.95","средняя","inserted"
"130372","e7565dac-0d5e-4e85-a1d6-1dedddf362ad","019ee2aa-8647-4aa1-b4ba-c805df98fa80","Движение тела, брошенного под углом к горизонту","0.95","средняя","inserted"
"135251","5b4a5b09-6e5b-4646-8c69-583ac4eecb91","019ee2aa-8647-4aa1-b4ba-c805df98fa80","Движение тела, брошенного под углом к горизонту","0.95","средняя","inserted"
"133196","a67da3a4-debb-4b68-a4f5-b6fff564abe0","8bbb5507-6364-4078-89d1-a423f766858f","Конденсаторы, электроёмкость","0.95","средняя","inserted"
"136479","89509b9f-b812-49ea-a06c-84d86dddcd57","898671a3-5724-42b5-b555-8430582a2ead","Механические волны, звук","0.95","средняя","inserted"
"135324","70b6e456-c90b-4239-a93c-c5ab5bfdca8b","77baf1e0-84d8-4933-b4d4-c520df7559a1","Импульс, закон сохранения импульса","0.95","средняя","inserted"
"136855","50be470f-e547-4c20-af46-f53669613959","90ae48ff-fb53-42ab-bc93-a7d4b3dcffe0","Математический и пружинный маятник","0.95","средняя","inserted"
"132868","067bbcd7-17a5-4a5d-a2a7-ccaf6166cc77","019ee2aa-8647-4aa1-b4ba-c805df98fa80","Движение тела, брошенного под углом к горизонту","0.95","средняя","inserted"
"138688","211da09f-f60d-46df-8a6c-25384156b024","d990b470-e47d-4f73-b895-427f26b0c233","Гармонические колебания","0.95","средняя","inserted"
"143856","c9a67980-cd84-42fb-a52b-51e218631dda","77baf1e0-84d8-4933-b4d4-c520df7559a1","Импульс, закон сохранения импульса","0.95","средняя","inserted"
"136481","8b74c936-5d8f-48d1-a83e-d069899e70e9","d990b470-e47d-4f73-b895-427f26b0c233","Гармонические колебания","0.95","средняя","inserted"
"138634","1f04e714-a865-4acb-a7ec-77d1c6d3feb9","d990b470-e47d-4f73-b895-427f26b0c233","Гармонические колебания","0.95","средняя","inserted"
"139064","efafd072-211f-476c-ae2d-d50fa887ad6f","102d78c8-5777-441d-a393-83ae508cc8f3","Свободное падение","0.95","средняя","inserted"
"136858","0196b22b-25ad-40be-ac4f-256196d50c8d","90ae48ff-fb53-42ab-bc93-a7d4b3dcffe0","Математический и пружинный маятник","0.95","средняя","inserted"
"138682","9e20f8f8-7fe8-4c6d-af3b-9823c6e2b370","662add6c-6ad6-4a05-b2e6-de8b7b4452fc","Работа и мощность","0.95","средняя","inserted"
"136863","80aa2802-c26a-48ca-89c6-80f419135b3a","58d13f7e-0580-491e-9b7a-59facfa77b2a","Движение по наклонной плоскости","0.95","средняя","inserted"
"139094","1e1a36a2-92d8-48ff-88a0-2f9b96ce80db","864f3bc5-4561-4b0c-8f5f-37d5716e8da7","Сила трения","0.95","средняя","inserted"
"141118","c9b31db5-17e4-4ffa-abb9-be2ce674a1ad","d990b470-e47d-4f73-b895-427f26b0c233","Гармонические колебания","0.95","средняя","inserted"
"138683","757a4e34-03a2-4593-95a3-4cfbd13b3f8b","662add6c-6ad6-4a05-b2e6-de8b7b4452fc","Работа и мощность","0.95","средняя","inserted"
"139062","2f75bdd6-be91-4d9a-a9bd-9ac9d7a95bd3","7abbe545-8b29-4161-a9c0-85b09555d81e","Упругий и неупругий удар","0.95","средняя","inserted"
"146762","93e08c5d-5feb-4a61-afaa-34172c79d6eb","898671a3-5724-42b5-b555-8430582a2ead","Механические волны, звук","0.95","средняя","inserted"
"139063","542f6179-25f9-4fbc-87ba-63d63e74139d","7abbe545-8b29-4161-a9c0-85b09555d81e","Упругий и неупругий удар","0.95","средняя","inserted"
"155607","115b2924-4ac7-4aa0-838c-e5ad541ee9a2","019ee2aa-8647-4aa1-b4ba-c805df98fa80","Движение тела, брошенного под углом к горизонту","0.95","средняя","inserted"
"16681","9eb89b5c-8bbf-48db-abd0-7abd4626e156","f930f7a2-dcae-4a22-b546-9131c952c71d","Движение по окружности","0.95","средняя","inserted"
"138685","66a47694-4977-4d51-9032-ceb647a18a6b","d990b470-e47d-4f73-b895-427f26b0c233","Гармонические колебания","0.95","средняя","inserted"
"143767","6ec5f78f-f0c9-4b66-ac65-af4f95626037","90ae48ff-fb53-42ab-bc93-a7d4b3dcffe0","Математический и пружинный маятник","0.95","средняя","inserted"
"177439","59eb60f4-0f30-407e-9b74-2bb106d730dd","beb05615-48ed-4f52-b4d3-afe21f02f4ea","Превращение энергии при колебаниях","0.95","средняя","inserted"
"13564","9b78e5a0-49ee-4d59-bca8-07737bae54f8","12c8c859-0607-44d1-92c2-a7e066beccb6","Движение спутников","0.95","средняя","inserted"
"97575","38cd9605-c738-44e9-b9b0-59c9b3a7e686","019ee2aa-8647-4aa1-b4ba-c805df98fa80","Движение тела, брошенного под углом к горизонту","0.95","средняя","inserted"
"93783","05f6cd73-40e9-4ab6-9ac3-2686874cee97","81ff7bcf-312a-4e72-ac82-de97b383b6bf","Закон Архимеда, плавание тел","0.95","средняя","inserted"
"141686","554859ec-18a7-41ab-a850-5a3ae05ee6e0","83f8506c-da8d-4515-a47e-c20c1548d17f","Равноускоренное движение","0.95","средняя","inserted"
"141119","9abd4510-4e2d-48f5-ab59-e8ba0853201c","12c8c859-0607-44d1-92c2-a7e066beccb6","Движение спутников","0.95","средняя","inserted"
"27092","91640bb9-4d1b-40d3-8195-723000e7fc31","a61293f9-8a4a-4a9d-836c-fb1d617bf961","Графики движения (x-t, v-t, a-t)","0.95","лёгкая","inserted"
"175133","8564f5f4-56ee-4280-afc7-61f869780bf1","a61293f9-8a4a-4a9d-836c-fb1d617bf961","Графики движения (x-t, v-t, a-t)","0.95","средняя","inserted"
"96916","e28c690d-ece8-46cb-979c-280a99faff34","d990b470-e47d-4f73-b895-427f26b0c233","Гармонические колебания","0.95","средняя","inserted"
"91973","adc38436-14a6-4699-93d1-46e98ef6e56c","d990b470-e47d-4f73-b895-427f26b0c233","Гармонические колебания","0.95","средняя","inserted"
"92490","faf123f6-2487-4fb2-9aed-92412008adc3","81ff7bcf-312a-4e72-ac82-de97b383b6bf","Закон Архимеда, плавание тел","0.95","средняя","inserted"
"102425","97b8fb08-6ebd-4b5f-b6f5-96eb6192dd5e","d990b470-e47d-4f73-b895-427f26b0c233","Гармонические колебания","0.95","средняя","inserted"
"103000","ea265349-48d8-497c-8300-a8467c2d64e0","d990b470-e47d-4f73-b895-427f26b0c233","Гармонические колебания","0.95","средняя","inserted"
"178842","a22d29b4-52fd-42d2-998d-40489c355154","019ee2aa-8647-4aa1-b4ba-c805df98fa80","Движение тела, брошенного под углом к горизонту","0.95","лёгкая","inserted"
"92324","00efe6c8-205a-4796-b44a-0f1ce7548401","81ff7bcf-312a-4e72-ac82-de97b383b6bf","Закон Архимеда, плавание тел","0.95","средняя","inserted"
"102635","d8231106-84fe-48b1-9f63-9bb1fc741275","019ee2aa-8647-4aa1-b4ba-c805df98fa80","Движение тела, брошенного под углом к горизонту","0.95","средняя","inserted"
"13565","ced8aa76-8d69-4032-82d6-3cc5ac619cb9","12c8c859-0607-44d1-92c2-a7e066beccb6","Движение спутников","0.95","средняя","inserted"
"176002","3620bad8-1658-4572-ab26-fab1be1fe28b","d990b470-e47d-4f73-b895-427f26b0c233","Гармонические колебания","0.95","средняя","inserted"
"27091","dd9f27b0-3753-461c-b404-8f38bd824009","12c8c859-0607-44d1-92c2-a7e066beccb6","Движение спутников","0.95","средняя","inserted"
"127693","4412228e-3ee0-4f99-bc5a-a17fcab0ec7a","90ae48ff-fb53-42ab-bc93-a7d4b3dcffe0","Математический и пружинный маятник","0.95","средняя","inserted"
"131277","f787819f-5439-44b2-88f3-9c9d665c83cd","c7e7b6c7-e91b-4dcc-8573-6515d79e404f","Условие равновесия тел","0.95","средняя","inserted"
"14031","aa2b70f2-a6ae-4d3f-9e55-9aa053b7ef81","a61293f9-8a4a-4a9d-836c-fb1d617bf961","Графики движения (x-t, v-t, a-t)","0.95","средняя","inserted"
"132623","15c38629-11a0-4a59-aee7-fee09bdffc75","e8c6865b-99f5-4065-b0a4-d5732deda411","Момент силы, рычаг","0.95","средняя","inserted"
"14030","6215d9f0-2661-4924-9436-0c4edb1c228a","a61293f9-8a4a-4a9d-836c-fb1d617bf961","Графики движения (x-t, v-t, a-t)","0.95","средняя","inserted"
"133144","eab54d63-1e00-44ec-989d-2d177e79109f","e8c6865b-99f5-4065-b0a4-d5732deda411","Момент силы, рычаг","0.95","средняя","inserted"
"115758","3e5f2c65-b0db-4bf9-9000-d358cd680385","a61293f9-8a4a-4a9d-836c-fb1d617bf961","Графики движения (x-t, v-t, a-t)","0.95","средняя","inserted"
"130816","cbfd0f7b-d4d8-4356-8674-956d1a4f33fc","e8c6865b-99f5-4065-b0a4-d5732deda411","Момент силы, рычаг","0.95","средняя","inserted"
"135468","5dd44bb8-60c4-4995-9dcc-1805410a248c","77baf1e0-84d8-4933-b4d4-c520df7559a1","Импульс, закон сохранения импульса","0.95","средняя","inserted"
"22639","186e2c44-a3f8-492c-b495-1a8d35c4db3b","d990b470-e47d-4f73-b895-427f26b0c233","Гармонические колебания","0.95","средняя","inserted"
"138547","c5270647-450a-4427-8eea-b8c36316027f","d990b470-e47d-4f73-b895-427f26b0c233","Гармонические колебания","0.95","средняя","inserted"
"136866","2db6be63-0d11-4683-b678-64be9e2c8b97","58d13f7e-0580-491e-9b7a-59facfa77b2a","Движение по наклонной плоскости","0.95","средняя","inserted"
"130501","7629966d-97d1-4275-97d2-f560bcc484e3","77baf1e0-84d8-4933-b4d4-c520df7559a1","Импульс, закон сохранения импульса","0.95","средняя","inserted"
"134163","86a4b984-168e-430a-bb8e-423cf86aab4c","c7e7b6c7-e91b-4dcc-8573-6515d79e404f","Условие равновесия тел","0.95","сложная","inserted"
"12820","876140a5-16ea-45f6-96fd-c76d9cfcde78","0dad3f47-1aa4-4765-9f41-34a9a6005ed4","Законы Ньютона","0.95","лёгкая","inserted"
"139620","2f1ab98d-3c28-4e82-8f71-58201ce90a76","58d13f7e-0580-491e-9b7a-59facfa77b2a","Движение по наклонной плоскости","0.95","средняя","inserted"
"139623","994a0d4a-addb-4ffc-b949-50ab5168b2c2","12c8c859-0607-44d1-92c2-a7e066beccb6","Движение спутников","0.95","средняя","inserted"
"139095","be9d8e19-eed5-4d7a-bcb8-da493ed51ec5","83f8506c-da8d-4515-a47e-c20c1548d17f","Равноускоренное движение","0.95","средняя","inserted"
"139621","e804d18d-cced-4c9d-a10c-313b87943720","58d13f7e-0580-491e-9b7a-59facfa77b2a","Движение по наклонной плоскости","0.95","средняя","inserted"
"183534","28917c82-86bd-4069-92e4-3e118dfcb2c3","d990b470-e47d-4f73-b895-427f26b0c233","Гармонические колебания","0.95","средняя","inserted"
"95506","44c71c06-36b1-4122-ae6f-1b70c4ea16bc","b62883d8-b923-4c11-809c-317c0eb233ad","Закон сохранения механической энергии","0.95","средняя","inserted"
"96184","647a05b7-5131-41f0-9161-d1c94c69b527","12c8c859-0607-44d1-92c2-a7e066beccb6","Движение спутников","0.95","средняя","inserted"
"126009","e76cc2c4-43ca-4969-963a-5f8ee53b82de","81ff7bcf-312a-4e72-ac82-de97b383b6bf","Закон Архимеда, плавание тел","0.95","средняя","inserted"
"121342","c80b9ef0-1558-40e7-8b4e-b0570b4fa99a","d990b470-e47d-4f73-b895-427f26b0c233","Гармонические колебания","0.95","средняя","inserted"
"164465","36403eb3-7852-488f-b0a9-391d447aa1b2","a61293f9-8a4a-4a9d-836c-fb1d617bf961","Графики движения (x-t, v-t, a-t)","0.95","средняя","inserted"
"94732","3d069584-4a58-40db-a2bb-71a5a491932a","12c8c859-0607-44d1-92c2-a7e066beccb6","Движение спутников","0.95","средняя","inserted"
"95948","a5636c1b-6672-4d86-a906-a4a242b9ed32","019ee2aa-8647-4aa1-b4ba-c805df98fa80","Движение тела, брошенного под углом к горизонту","0.95","средняя","inserted"
"112680","4c0cc764-ebec-4ad5-86fc-abe52442951a","a61293f9-8a4a-4a9d-836c-fb1d617bf961","Графики движения (x-t, v-t, a-t)","0.95","средняя","inserted"
"175169","9a681608-8c6b-41b6-9bee-bbd29245dc7d","a61293f9-8a4a-4a9d-836c-fb1d617bf961","Графики движения (x-t, v-t, a-t)","0.95","средняя","inserted"
"136690","d962176b-61a3-4dfe-9c80-c0085b11a344","019ee2aa-8647-4aa1-b4ba-c805df98fa80","Движение тела, брошенного под углом к горизонту","0.95","средняя","inserted"
"142485","dc751ef3-bb42-4b6a-a268-11fde17f6b2b","83f8506c-da8d-4515-a47e-c20c1548d17f","Равноускоренное движение","0.95","средняя","inserted"
"96811","9a2f3250-086d-4bd9-bec8-c7e9a74d1b21","beb05615-48ed-4f52-b4d3-afe21f02f4ea","Превращение энергии при колебаниях","0.95","средняя","inserted"
"96547","70056504-7257-4d16-856d-d0b7006f96ae","12c8c859-0607-44d1-92c2-a7e066beccb6","Движение спутников","0.95","средняя","inserted"
"94351","aa167241-26b7-431d-b878-25751cb476c2","90ae48ff-fb53-42ab-bc93-a7d4b3dcffe0","Математический и пружинный маятник","0.95","средняя","inserted"
"104241","67764591-74c2-46ed-bbc3-cdf042269101","a61293f9-8a4a-4a9d-836c-fb1d617bf961","Графики движения (x-t, v-t, a-t)","0.95","средняя","inserted"
"135467","f3ecb1f3-5efb-406f-8a9f-6d8451f43ef6","019ee2aa-8647-4aa1-b4ba-c805df98fa80","Движение тела, брошенного под углом к горизонту","0.95","средняя","inserted"
"160018","bf547ba8-cb9a-4259-b1ae-454d6d72634c","a61293f9-8a4a-4a9d-836c-fb1d617bf961","Графики движения (x-t, v-t, a-t)","0.95","средняя","inserted"
"133170","91456523-fbf9-4386-816f-0c109d152497","973e904d-33c9-494b-b3da-4c34a48b4b20","Внутренняя энергия газа","0.95","средняя","inserted"
"169647","c7d2abd5-18d5-45ea-a23c-87bd52a59edf","f930f7a2-dcae-4a22-b546-9131c952c71d","Движение по окружности","0.95","средняя","inserted"
"130371","35a2f56a-74ee-436f-ba7e-cbeec11df745","77baf1e0-84d8-4933-b4d4-c520df7559a1","Импульс, закон сохранения импульса","0.95","средняя","inserted"
"137537","d3f474c1-28d9-4cda-9f62-4b602c0f7778","a61293f9-8a4a-4a9d-836c-fb1d617bf961","Графики движения (x-t, v-t, a-t)","0.95","средняя","inserted"
"121341","ed9d76fc-e7e5-4c7b-ace3-df0198786e60","81ff7bcf-312a-4e72-ac82-de97b383b6bf","Закон Архимеда, плавание тел","0.95","средняя","inserted"
"136949","c2789d8a-aba3-4347-9b9a-ce26b1081079","864f3bc5-4561-4b0c-8f5f-37d5716e8da7","Сила трения","0.95","средняя","inserted"
"139065","2aa7e790-4529-4ce5-93d2-6dd8dfa43a37","102d78c8-5777-441d-a393-83ae508cc8f3","Свободное падение","0.95","средняя","inserted"
"114657","d15b893b-5935-4310-94db-9c22ecba367e","a61293f9-8a4a-4a9d-836c-fb1d617bf961","Графики движения (x-t, v-t, a-t)","0.95","средняя","inserted"
"34584","33a577ad-5301-4f22-9e49-112117bfe744","81ff7bcf-312a-4e72-ac82-de97b383b6bf","Закон Архимеда, плавание тел","0.95","средняя","inserted"
"102994","a6947dcd-fe53-4c05-8c79-041b6dc9176d","12c8c859-0607-44d1-92c2-a7e066beccb6","Движение спутников","0.95","средняя","inserted"
"34589","0309513a-603d-4134-b37e-7549693d0480","92c499aa-3df6-4335-a036-24219b611408","Основное уравнение МКТ","0.95","сложная","inserted"
"94355","e906fa02-f9ae-478a-a7a6-86355172fcbb","92c499aa-3df6-4335-a036-24219b611408","Основное уравнение МКТ","0.95","сложная","inserted"
"177340","2cd58f3d-770b-42ac-ad9e-be4785c3fcf1","3a3372ab-387c-4614-a852-42dade28c3b7","Изопроцессы","0.95","средняя","inserted"
"169650","c67c4097-3e97-402d-af07-c9f24d66bf39","3a3372ab-387c-4614-a852-42dade28c3b7","Изопроцессы","0.95","средняя","inserted"
"178845","be6aeb8d-82e1-458a-8988-73304df997af","ab5b8a4a-72f7-46e0-8324-e3b84c92ea67","Тепловые машины, КПД","0.95","средняя","inserted"
"94465","491f123f-780d-4c27-b78b-a5e8dc4a5f43","92c499aa-3df6-4335-a036-24219b611408","Основное уравнение МКТ","0.95","сложная","inserted"
"125792","09f5e1f1-c7bb-4152-8369-87776c201ac6","ab5b8a4a-72f7-46e0-8324-e3b84c92ea67","Тепловые машины, КПД","0.95","сложная","inserted"
"12483","b7b7e96d-0fd4-4212-ac9b-fb09646b6916","77f30a76-213f-4e80-b0dd-b296539dcaa3","Уравнение состояния идеального газа (Менделеева-Клапейрона)","0.95","средняя","inserted"
"103437","b1d4c50f-6c80-460b-8f26-06b12dd1e88b","5ee4e31f-8b00-45ef-a1aa-607856809c83","Графики изопроцессов","0.95","средняя","inserted"
"117354","5b0a301b-f552-403a-9b45-ba70c5d8e766","6918f1ff-251c-4dbe-ba73-51eb58a2072f","Насыщенный пар","0.95","сложная","inserted"
"103100","844b31a2-dc30-4f2b-8703-fab687447f76","6918f1ff-251c-4dbe-ba73-51eb58a2072f","Насыщенный пар","0.95","сложная","inserted"
"103099","cfae99d0-72fb-493d-9060-2a0b6a7cd0bd","71bce80a-2ea1-4de1-99f9-cb789b285b26","Теплопередача, количество теплоты","0.95","средняя","inserted"
"12486","123625b7-77e8-4194-acd2-e3311589e868","77f30a76-213f-4e80-b0dd-b296539dcaa3","Уравнение состояния идеального газа (Менделеева-Клапейрона)","0.95","средняя","inserted"
"64432","9031c975-d93d-4da6-bd87-3498eef792ff","3a3372ab-387c-4614-a852-42dade28c3b7","Изопроцессы","0.95","средняя","inserted"
"12499","01833e47-2134-40f8-af1f-6ee5edf60f80","5ee4e31f-8b00-45ef-a1aa-607856809c83","Графики изопроцессов","0.95","средняя","inserted"
"94213","c068379b-6558-4344-abbc-fcce0fbee575","92c499aa-3df6-4335-a036-24219b611408","Основное уравнение МКТ","0.95","средняя","inserted"
"103101","6480ca93-d606-4b90-96c3-dfdf6ddf1cdd","92c499aa-3df6-4335-a036-24219b611408","Основное уравнение МКТ","0.95","средняя","inserted"
"12489","86489727-2456-4f17-b742-bb9364865bfd","92c499aa-3df6-4335-a036-24219b611408","Основное уравнение МКТ","0.95","средняя","inserted"
"12517","064e1a4d-b608-485b-b0c4-75433530e06c","6918f1ff-251c-4dbe-ba73-51eb58a2072f","Насыщенный пар","0.95","сложная","inserted"
"136702","b3ba1d01-c1ae-4786-8c01-58f103f82fef","77f30a76-213f-4e80-b0dd-b296539dcaa3","Уравнение состояния идеального газа (Менделеева-Клапейрона)","0.95","средняя","inserted"
"100597","eba46818-7291-4a63-866b-4e5938186aec","63286143-8bd2-4207-abf6-a0633f570716","Агрегатные переходы (плавление, парообразование)","0.95","средняя","inserted"
"168646","847ec4b9-f1c1-4e87-90ad-b55373d0bafe","5ee4e31f-8b00-45ef-a1aa-607856809c83","Графики изопроцессов","0.95","средняя","inserted"
"95514","d5f99d30-e4f1-4cf8-93ef-f82e731cca90","77f30a76-213f-4e80-b0dd-b296539dcaa3","Уравнение состояния идеального газа (Менделеева-Клапейрона)","0.95","средняя","inserted"
"12494","0ac9b8c1-772c-4cd8-acf4-e3261eef6b50","5ee4e31f-8b00-45ef-a1aa-607856809c83","Графики изопроцессов","0.95","средняя","inserted"
"91768","be308417-d7fa-4e7e-a6fc-706a2f50c7ed","92c499aa-3df6-4335-a036-24219b611408","Основное уравнение МКТ","0.95","средняя","inserted"
"126843","9c599c13-0ef6-47c1-9b7d-98ae2bda720e","973e904d-33c9-494b-b3da-4c34a48b4b20","Внутренняя энергия газа","0.95","средняя","inserted"
"158783","d186d565-2071-4a5e-80ff-2b41841adc05","5ee4e31f-8b00-45ef-a1aa-607856809c83","Графики изопроцессов","0.95","средняя","inserted"
"64804","c8ef92ca-41fe-410c-986e-ab198a09d5ce","3a3372ab-387c-4614-a852-42dade28c3b7","Изопроцессы","0.95","средняя","inserted"
"102639","f612d4fd-3056-4d92-bf29-15fcd4ea4665","77f30a76-213f-4e80-b0dd-b296539dcaa3","Уравнение состояния идеального газа (Менделеева-Клапейрона)","0.95","средняя","inserted"
"12495","0b3e9a26-a11a-4a4d-90df-0ca20dbc7e2f","77f30a76-213f-4e80-b0dd-b296539dcaa3","Уравнение состояния идеального газа (Менделеева-Клапейрона)","0.95","средняя","inserted"
"39104","435d98c8-f9d7-43d3-a75f-74ab60842303","6918f1ff-251c-4dbe-ba73-51eb58a2072f","Насыщенный пар","0.95","средняя","inserted"
"65213","e77a8d55-88be-4a71-8d19-5320e7963736","92c499aa-3df6-4335-a036-24219b611408","Основное уравнение МКТ","0.95","средняя","inserted"
"145929","7d283fd2-e0f1-483f-98f3-7f4b0765c200","77f30a76-213f-4e80-b0dd-b296539dcaa3","Уравнение состояния идеального газа (Менделеева-Клапейрона)","0.95","средняя","inserted"
"177181","0bc677d7-df0c-4238-9e2f-952fa3b1e173","92c499aa-3df6-4335-a036-24219b611408","Основное уравнение МКТ","0.95","средняя","inserted"
"94935","148221b7-a471-40d0-931c-7f340678afef","63286143-8bd2-4207-abf6-a0633f570716","Агрегатные переходы (плавление, парообразование)","0.95","средняя","inserted"
"119084","b46450ac-d52f-4345-999f-77b1c0cb4496","92c499aa-3df6-4335-a036-24219b611408","Основное уравнение МКТ","0.95","средняя","inserted"
"121857","88d10db1-4921-4ad3-8daf-a4ae229c994c","3a3372ab-387c-4614-a852-42dade28c3b7","Изопроцессы","0.95","средняя","inserted"
"64742","7d7e9ca0-ffac-4660-a4d3-2914af4dc519","92c499aa-3df6-4335-a036-24219b611408","Основное уравнение МКТ","0.95","средняя","inserted"
"159031","9b933c3e-3cf1-4afd-ace9-89c49188e92c","3a3372ab-387c-4614-a852-42dade28c3b7","Изопроцессы","0.95","средняя","inserted"
"144020","d8110cf8-5793-4d2c-a2bf-1767038abe75","3a3372ab-387c-4614-a852-42dade28c3b7","Изопроцессы","0.95","средняя","inserted"
"65193","9370873d-72f2-4b82-a8ef-6bcb487fbfa6","6918f1ff-251c-4dbe-ba73-51eb58a2072f","Насыщенный пар","0.95","сложная","inserted"
"12513","feaf9fb8-4e98-4983-a14c-07662a7eca98","63286143-8bd2-4207-abf6-a0633f570716","Агрегатные переходы (плавление, парообразование)","0.95","средняя","inserted"
"102565","9a23a82b-aeb1-493f-af47-ec0902b6d5d2","63286143-8bd2-4207-abf6-a0633f570716","Агрегатные переходы (плавление, парообразование)","0.95","средняя","inserted"
"84372","def1eafb-c810-4a7f-8e80-192cca048924","63286143-8bd2-4207-abf6-a0633f570716","Агрегатные переходы (плавление, парообразование)","0.95","средняя","inserted"
"97902","e1169246-9742-4c2d-83ae-b5d32956c545","77f30a76-213f-4e80-b0dd-b296539dcaa3","Уравнение состояния идеального газа (Менделеева-Клапейрона)","0.95","средняя","inserted"
"120741","de66fd41-179d-42b2-9cbc-94e99d5d49f4","92c499aa-3df6-4335-a036-24219b611408","Основное уравнение МКТ","0.95","сложная","inserted"
"96669","552e9d7b-73e3-427a-af0a-15324606cead","63286143-8bd2-4207-abf6-a0633f570716","Агрегатные переходы (плавление, парообразование)","0.95","средняя","inserted"
"18701","635cbff7-43d6-4a68-8ef3-1a2a62d474ed","5ee4e31f-8b00-45ef-a1aa-607856809c83","Графики изопроцессов","0.95","сложная","inserted"
"102429","eeaebd9d-9b1c-4c4a-a751-4f0a2fa22b56","6918f1ff-251c-4dbe-ba73-51eb58a2072f","Насыщенный пар","0.95","средняя","inserted"
"177733","43e475ff-6755-4590-8db4-af9b82212d20","3a3372ab-387c-4614-a852-42dade28c3b7","Изопроцессы","0.95","сложная","inserted"
"133165","c5f112e5-f3cd-4b33-9148-fa315cca6783","63286143-8bd2-4207-abf6-a0633f570716","Агрегатные переходы (плавление, парообразование)","0.95","средняя","inserted"
"136954","2ae4b36d-7e0c-4d8a-85b9-b6caf61b71dd","77f30a76-213f-4e80-b0dd-b296539dcaa3","Уравнение состояния идеального газа (Менделеева-Клапейрона)","0.95","средняя","inserted"
"86286","bad1e880-e51c-4e09-8f0a-b183d6e36f66","63286143-8bd2-4207-abf6-a0633f570716","Агрегатные переходы (плавление, парообразование)","0.95","средняя","inserted"
"112687","0816a7e3-fbf6-406c-b0c1-6f8df059ad1d","61ebc2e0-9d14-4f93-ae46-8943bb279889","Влажность воздуха","0.95","средняя","inserted"
"113137","028abf5d-88da-47b5-94ae-668b6903b970","61ebc2e0-9d14-4f93-ae46-8943bb279889","Влажность воздуха","0.95","средняя","inserted"
"131000","4af809ea-d534-459c-9df3-fbdc16545d13","3a3372ab-387c-4614-a852-42dade28c3b7","Изопроцессы","0.95","сложная","inserted"
"136196","1d2d2d59-7e5f-42e8-ba93-32d679433a3a","92c499aa-3df6-4335-a036-24219b611408","Основное уравнение МКТ","0.95","средняя","inserted"
"136859","222f4e36-5a33-48d4-9427-2e6f8958c9aa","77f30a76-213f-4e80-b0dd-b296539dcaa3","Уравнение состояния идеального газа (Менделеева-Клапейрона)","0.95","средняя","inserted"
"121346","b9a7960b-a177-49a1-801c-848e6f970f84","92c499aa-3df6-4335-a036-24219b611408","Основное уравнение МКТ","0.95","сложная","inserted"
"138599","7f8b24d6-be90-4c1c-a5d9-1c68afd43abb","77f30a76-213f-4e80-b0dd-b296539dcaa3","Уравнение состояния идеального газа (Менделеева-Клапейрона)","0.95","средняя","inserted"
"136969","1f841fca-f950-4837-9392-e51131f8264e","5ee4e31f-8b00-45ef-a1aa-607856809c83","Графики изопроцессов","0.95","средняя","inserted"
"126648","8d412ce9-6ae5-476c-8147-d48515b5cf73","77f30a76-213f-4e80-b0dd-b296539dcaa3","Уравнение состояния идеального газа (Менделеева-Клапейрона)","0.95","средняя","inserted"
"134182","c7d48ebe-b46a-4f64-a658-a7f2276e007a","92c499aa-3df6-4335-a036-24219b611408","Основное уравнение МКТ","0.95","средняя","inserted"
"135532","8eef297e-a315-4f2b-8ea6-7eebc385d5aa","61ebc2e0-9d14-4f93-ae46-8943bb279889","Влажность воздуха","0.95","сложная","inserted"
"136485","36312ae1-b084-47ac-9e05-912079a285cf","77f30a76-213f-4e80-b0dd-b296539dcaa3","Уравнение состояния идеального газа (Менделеева-Клапейрона)","0.95","средняя","inserted"
"137292","c14aa125-6934-43bb-aafe-a79e5abe6e53","61ebc2e0-9d14-4f93-ae46-8943bb279889","Влажность воздуха","0.95","средняя","inserted"
"94209","4f7550eb-6d50-4a5d-84f2-3d8edb171f07","d990b470-e47d-4f73-b895-427f26b0c233","Гармонические колебания","0.95","средняя","inserted"
"138754","8f992680-00ac-42bd-bc00-5267d395cdd2","92c499aa-3df6-4335-a036-24219b611408","Основное уравнение МКТ","0.95","средняя","inserted"
"176021","fd7a6f93-a7f8-46e3-af3c-b3dfb2616b32","63286143-8bd2-4207-abf6-a0633f570716","Агрегатные переходы (плавление, парообразование)","0.95","средняя","inserted"
"183293","6b729687-200e-4dcd-8f65-5c6b38a695d8","63286143-8bd2-4207-abf6-a0633f570716","Агрегатные переходы (плавление, парообразование)","0.95","средняя","inserted"
"139069","21ee2034-22af-48c2-9563-3a358dab37c3","92c499aa-3df6-4335-a036-24219b611408","Основное уравнение МКТ","0.95","средняя","inserted"
"141696","def91fd4-e18e-4f29-ba53-8f6f8dac50da","6918f1ff-251c-4dbe-ba73-51eb58a2072f","Насыщенный пар","0.95","сложная","inserted"
"139073","e3ab08f4-f69a-45be-8fef-0081de95aa42","3a3372ab-387c-4614-a852-42dade28c3b7","Изопроцессы","0.95","средняя","inserted"
"139075","92f5e933-2fb3-4210-bd5d-f107549368f6","5ee4e31f-8b00-45ef-a1aa-607856809c83","Графики изопроцессов","0.95","средняя","inserted"
"155611","6b3e21c0-68ec-48ba-b5fd-48a871aa0c85","63286143-8bd2-4207-abf6-a0633f570716","Агрегатные переходы (плавление, парообразование)","0.95","средняя","inserted"
"103363","86e802f7-1b25-44b9-a2d8-3330356799b5","63286143-8bd2-4207-abf6-a0633f570716","Агрегатные переходы (плавление, парообразование)","0.95","сложная","inserted"
"12493","ce9c142d-3510-4d9d-b873-efededf78544","77f30a76-213f-4e80-b0dd-b296539dcaa3","Уравнение состояния идеального газа (Менделеева-Клапейрона)","0.95","средняя","inserted"
"117365","50e48646-131d-42bf-9eaf-87d91cc8cf6a","77f30a76-213f-4e80-b0dd-b296539dcaa3","Уравнение состояния идеального газа (Менделеева-Клапейрона)","0.95","средняя","inserted"
"12500","3679e0c7-f9b4-4a72-a8a5-4c52c837c680","5ee4e31f-8b00-45ef-a1aa-607856809c83","Графики изопроцессов","0.95","средняя","inserted"
"100557","ea24d36c-87a8-4420-b84a-bfb1eaefa77b","77f30a76-213f-4e80-b0dd-b296539dcaa3","Уравнение состояния идеального газа (Менделеева-Клапейрона)","0.95","средняя","inserted"
"29298","3157a567-42d0-42f8-9bb6-452f6f1b3fd2","77f30a76-213f-4e80-b0dd-b296539dcaa3","Уравнение состояния идеального газа (Менделеева-Клапейрона)","0.95","средняя","inserted"
"145891","49323d5b-4e48-4712-b610-89a91c3dfe42","92c499aa-3df6-4335-a036-24219b611408","Основное уравнение МКТ","0.95","средняя","inserted"
"103127","b6e37c22-90a5-4c18-9957-73f422b9c129","3a3372ab-387c-4614-a852-42dade28c3b7","Изопроцессы","0.95","средняя","inserted"
"65304","5ad35625-41f5-4ed8-94a8-a0c5342a20ac","92c499aa-3df6-4335-a036-24219b611408","Основное уравнение МКТ","0.95","средняя","inserted"
"27095","ef9b5add-f99c-49b9-a5bf-bedb81710a98","77f30a76-213f-4e80-b0dd-b296539dcaa3","Уравнение состояния идеального газа (Менделеева-Клапейрона)","0.95","средняя","inserted"
"84972","52a325ce-cc66-43d2-8574-19810e06e103","81ff7bcf-312a-4e72-ac82-de97b383b6bf","Закон Архимеда, плавание тел","0.95","средняя","inserted"
"12518","7a8c31f5-2461-4ede-928e-cfad31f3ba33","6918f1ff-251c-4dbe-ba73-51eb58a2072f","Насыщенный пар","0.95","средняя","inserted"
"26339","191a0887-a85a-428a-b7d5-ce436fa1b203","61ebc2e0-9d14-4f93-ae46-8943bb279889","Влажность воздуха","0.95","средняя","inserted"
"113107","cabc650d-09d3-4e2a-ba63-08c38722f61d","61ebc2e0-9d14-4f93-ae46-8943bb279889","Влажность воздуха","0.95","средняя","inserted"
"104250","1efc8b54-6e39-41ff-ba8d-5fcd4538af80","63286143-8bd2-4207-abf6-a0633f570716","Агрегатные переходы (плавление, парообразование)","0.95","средняя","inserted"
"100661","9b030126-3cfe-4012-b1c7-0343d32f1ce2","6918f1ff-251c-4dbe-ba73-51eb58a2072f","Насыщенный пар","0.95","сложная","inserted"
"102236","a0f377ce-a693-4710-ab8f-ae59f177ef1f","77f30a76-213f-4e80-b0dd-b296539dcaa3","Уравнение состояния идеального газа (Менделеева-Клапейрона)","0.95","средняя","inserted"
"102053","c268c917-76e6-4a66-9fa1-51f3eceb0376","3a3372ab-387c-4614-a852-42dade28c3b7","Изопроцессы","0.95","сложная","inserted"
"130413","3e0b5fdc-4d7b-43d2-84a8-62e9abb9c9e8","77f30a76-213f-4e80-b0dd-b296539dcaa3","Уравнение состояния идеального газа (Менделеева-Клапейрона)","0.95","средняя","inserted"
"135334","0df69cdf-92d1-4c2e-86e8-4b97148187e6","61ebc2e0-9d14-4f93-ae46-8943bb279889","Влажность воздуха","0.95","сложная","inserted"
"104248","b9a2791b-314e-4785-9d8d-f6bbfc982934","63286143-8bd2-4207-abf6-a0633f570716","Агрегатные переходы (плавление, парообразование)","0.95","средняя","inserted"
"137293","02595143-918c-4c99-b5a9-be799ef6d5d0","61ebc2e0-9d14-4f93-ae46-8943bb279889","Влажность воздуха","0.95","средняя","inserted"
"125784","12c8629c-4412-4a25-9dfc-c5690dfd4f6e","92c499aa-3df6-4335-a036-24219b611408","Основное уравнение МКТ","0.95","средняя","inserted"
"138636","14c2c2b4-be29-4fa0-a06f-2defc9f7bf03","92c499aa-3df6-4335-a036-24219b611408","Основное уравнение МКТ","0.95","средняя","inserted"
"65362","6dd4f5bb-d7e4-4378-ba13-c6d6cfc43936","92c499aa-3df6-4335-a036-24219b611408","Основное уравнение МКТ","0.95","сложная","inserted"
"132432","f2f9b19a-a545-4cf9-8f1c-6951f4d157d0","3a3372ab-387c-4614-a852-42dade28c3b7","Изопроцессы","0.95","сложная","inserted"
"137813","344ea15c-326f-4b7f-aecd-9f5935d927db","f56de6c4-8ede-4e26-a7ce-ac3c09e4a8b5","Первый закон термодинамики","0.95","средняя","inserted"
"139116","5cd891fa-0499-4fcf-b684-9a9289d1336f","f56de6c4-8ede-4e26-a7ce-ac3c09e4a8b5","Первый закон термодинамики","0.95","средняя","inserted"
"143449","8e26dc88-e784-49de-a272-2b6fc0537f64","92c499aa-3df6-4335-a036-24219b611408","Основное уравнение МКТ","0.95","сложная","inserted"
"179666","5bb550bb-8b72-49a5-b21a-aceaf5b1bc7f","63286143-8bd2-4207-abf6-a0633f570716","Агрегатные переходы (плавление, парообразование)","0.95","сложная","inserted"
"171952","39ac0ea1-c569-4eee-a9a2-4dcec908f7c2","92c499aa-3df6-4335-a036-24219b611408","Основное уравнение МКТ","0.95","средняя","inserted"
"39725","f93faccf-ca7b-4836-8e55-696a93645c8b","71bce80a-2ea1-4de1-99f9-cb789b285b26","Теплопередача, количество теплоты","0.95","средняя","inserted"
"64406","ef29c14b-3d3a-4d94-97ca-6378ab391226","63286143-8bd2-4207-abf6-a0633f570716","Агрегатные переходы (плавление, парообразование)","0.95","средняя","inserted"
"144000","002f9207-5558-4560-bece-fde85c10530f","61ebc2e0-9d14-4f93-ae46-8943bb279889","Влажность воздуха","0.95","средняя","inserted"
"12496","bc5de1f6-d7cf-49c7-83d9-3440a221ef25","3a3372ab-387c-4614-a852-42dade28c3b7","Изопроцессы","0.95","средняя","inserted"
"17837","4ee9db0b-e083-4ffa-86ac-d2b1ca0ea7ed","77f30a76-213f-4e80-b0dd-b296539dcaa3","Уравнение состояния идеального газа (Менделеева-Клапейрона)","0.95","средняя","inserted"
"92298","ec4d8597-7647-43d8-8d70-8b93aba04f77","6918f1ff-251c-4dbe-ba73-51eb58a2072f","Насыщенный пар","0.95","средняя","inserted"
"20420","ba3a1969-a89f-4001-b346-b164899dfb17","61ebc2e0-9d14-4f93-ae46-8943bb279889","Влажность воздуха","0.95","средняя","inserted"
"12491","852499fa-1713-40a9-9e9d-a522e244c83e","973e904d-33c9-494b-b3da-4c34a48b4b20","Внутренняя энергия газа","0.95","средняя","inserted"
"12497","76b8a5dc-658b-4d65-9272-adb35f75d2de","77f30a76-213f-4e80-b0dd-b296539dcaa3","Уравнение состояния идеального газа (Менделеева-Клапейрона)","0.95","средняя","inserted"
"97745","82463d59-a19b-43fc-9934-88ccb2a6b83e","973e904d-33c9-494b-b3da-4c34a48b4b20","Внутренняя энергия газа","0.95","средняя","inserted"
"103098","0b436fa4-4aa5-4e4a-af47-d6f3c8dfee89","3a3372ab-387c-4614-a852-42dade28c3b7","Изопроцессы","0.95","средняя","inserted"
"91985","c0c27e36-734b-41e9-9f46-4d7fa60b1374","6918f1ff-251c-4dbe-ba73-51eb58a2072f","Насыщенный пар","0.95","средняя","inserted"
"20561","420e4ee1-294e-439c-8474-30e175a20214","5ee4e31f-8b00-45ef-a1aa-607856809c83","Графики изопроцессов","0.95","средняя","inserted"
"132873","8a214dfe-5380-429d-aca9-787fba685765","63286143-8bd2-4207-abf6-a0633f570716","Агрегатные переходы (плавление, парообразование)","0.95","средняя","inserted"
"143859","6fd6fcc4-c962-4a52-8f5c-63d938417d3a","f56de6c4-8ede-4e26-a7ce-ac3c09e4a8b5","Первый закон термодинамики","0.95","средняя","inserted"
"64486","cc28d6c7-6a98-495e-b232-886fd8fb66d0","77f30a76-213f-4e80-b0dd-b296539dcaa3","Уравнение состояния идеального газа (Менделеева-Клапейрона)","0.95","средняя","inserted"
"60869","6fcc4e5a-1be3-4759-b134-590172b524e3","61ebc2e0-9d14-4f93-ae46-8943bb279889","Влажность воздуха","0.95","средняя","inserted"
"64984","a4f93a39-2b31-4e4d-b17b-e227a874e171","6918f1ff-251c-4dbe-ba73-51eb58a2072f","Насыщенный пар","0.95","сложная","inserted"
"91692","5a30f5c4-0347-431e-a945-9215e331c405","92c499aa-3df6-4335-a036-24219b611408","Основное уравнение МКТ","0.95","средняя","inserted"
"130525","b054e24b-cd50-4124-a4c0-e4780b67bb98","3a3372ab-387c-4614-a852-42dade28c3b7","Изопроцессы","0.95","средняя","inserted"
"138755","5113ca34-ee2f-429d-a396-1d79875839d9","92c499aa-3df6-4335-a036-24219b611408","Основное уравнение МКТ","0.95","средняя","inserted"
"139631","cbb48802-98a6-4951-b6c2-125fd420ee99","61ebc2e0-9d14-4f93-ae46-8943bb279889","Влажность воздуха","0.95","средняя","inserted"
"103126","4af4d919-9882-437c-bdd1-571444ca1470","63286143-8bd2-4207-abf6-a0633f570716","Агрегатные переходы (плавление, парообразование)","0.95","сложная","inserted"
"139630","7b41530c-a0f7-4a4d-8374-de26555dcc0a","61ebc2e0-9d14-4f93-ae46-8943bb279889","Влажность воздуха","0.95","средняя","inserted"
"100663","dd731ef6-97ec-4fb2-8d86-611b4ebbbebe","6918f1ff-251c-4dbe-ba73-51eb58a2072f","Насыщенный пар","0.95","средняя","inserted"
"137808","34565072-b962-4bff-af94-361353f083f7","71bce80a-2ea1-4de1-99f9-cb789b285b26","Теплопередача, количество теплоты","0.95","средняя","inserted"
"155752","ac53ca52-1e1a-44f6-a315-737a0d569e2a","63286143-8bd2-4207-abf6-a0633f570716","Агрегатные переходы (плавление, парообразование)","0.95","средняя","inserted"
"85594","95e5ca79-ff2d-473c-8a6d-c8e09dd4dca8","5ee4e31f-8b00-45ef-a1aa-607856809c83","Графики изопроцессов","0.95","средняя","inserted"
"64220","85243129-0e72-4a54-9d02-8e103cbe60cb","973e904d-33c9-494b-b3da-4c34a48b4b20","Внутренняя энергия газа","0.95","средняя","inserted"
"12515","8f9f62f2-4299-4be6-8ca2-1534a5d5eae1","63286143-8bd2-4207-abf6-a0633f570716","Агрегатные переходы (плавление, парообразование)","0.95","средняя","inserted"
"96715","fead9be9-7beb-454c-949b-1d54f1551a3a","63286143-8bd2-4207-abf6-a0633f570716","Агрегатные переходы (плавление, парообразование)","0.95","средняя","inserted"
"12480","c6ce729b-7674-4228-a794-46d7ba3b1a27","77f30a76-213f-4e80-b0dd-b296539dcaa3","Уравнение состояния идеального газа (Менделеева-Клапейрона)","0.95","сложная","inserted"
"24180","317fa0e2-de46-4e3b-8234-70ea8cc7f6c0","ab5b8a4a-72f7-46e0-8324-e3b84c92ea67","Тепловые машины, КПД","0.95","средняя","inserted"
"158958","5151a7f1-f4e9-4881-b22a-606ebaba1025","ab5b8a4a-72f7-46e0-8324-e3b84c92ea67","Тепловые машины, КПД","0.95","средняя","inserted"
"14053","85c4edd5-5416-4f2c-adce-e7e633d7ec05","77f30a76-213f-4e80-b0dd-b296539dcaa3","Уравнение состояния идеального газа (Менделеева-Клапейрона)","0.95","средняя","inserted"
"159032","070e36a0-88e9-4c31-b48e-4a416a7cf527","ab5b8a4a-72f7-46e0-8324-e3b84c92ea67","Тепловые машины, КПД","0.95","средняя","inserted"
"177477","873581f5-1f19-4303-8fc4-85bc12a7312e","92c499aa-3df6-4335-a036-24219b611408","Основное уравнение МКТ","0.95","средняя","inserted"
"175125","32125bef-4c02-4b6b-b3d1-5772b9ba3e97","3a3372ab-387c-4614-a852-42dade28c3b7","Изопроцессы","0.95","средняя","inserted"
"158784","c53d0414-8c4a-4cf4-b6a5-72d073955cae","ab5b8a4a-72f7-46e0-8324-e3b84c92ea67","Тепловые машины, КПД","0.95","средняя","inserted"
"95517","0701b7ff-7c2b-439f-8ab1-7811626f78dd","ab5b8a4a-72f7-46e0-8324-e3b84c92ea67","Тепловые машины, КПД","0.95","средняя","inserted"
"14066","b74501e4-df9f-4753-af1a-49ee2408a5b4","ab5b8a4a-72f7-46e0-8324-e3b84c92ea67","Тепловые машины, КПД","0.95","средняя","inserted"
"178846","0d18d19b-e724-4204-923d-b98e9c18f781","77f30a76-213f-4e80-b0dd-b296539dcaa3","Уравнение состояния идеального газа (Менделеева-Клапейрона)","0.95","средняя","inserted"
"14067","f7b121dc-90d8-4c38-b01b-89df99a524d0","ab5b8a4a-72f7-46e0-8324-e3b84c92ea67","Тепловые машины, КПД","0.95","средняя","inserted"
"14075","cf29f998-2f6d-4a57-968f-1b18bc8e81a3","973e904d-33c9-494b-b3da-4c34a48b4b20","Внутренняя энергия газа","0.95","средняя","inserted"
"28081","84c3ce52-fbc5-467a-9059-3e1e055b20aa","3a3372ab-387c-4614-a852-42dade28c3b7","Изопроцессы","0.95","средняя","inserted"
"94356","d256bd6a-940b-49fd-b4e5-1815f7dc47b7","ab5b8a4a-72f7-46e0-8324-e3b84c92ea67","Тепловые машины, КПД","0.95","средняя","inserted"
"65073","68e76044-9d44-4148-999b-90985fbb6e62","5ee4e31f-8b00-45ef-a1aa-607856809c83","Графики изопроцессов","0.95","средняя","inserted"
"119087","c50d60d8-f575-4e1d-be13-53267e3a6bba","3a3372ab-387c-4614-a852-42dade28c3b7","Изопроцессы","0.95","средняя","inserted"
"176020","1c93c390-a9c6-462c-be4d-052060cdcb43","77f30a76-213f-4e80-b0dd-b296539dcaa3","Уравнение состояния идеального газа (Менделеева-Клапейрона)","0.95","средняя","inserted"
"65214","c6738bea-2e50-4a85-85dc-aa0d5ce21fc5","973e904d-33c9-494b-b3da-4c34a48b4b20","Внутренняя энергия газа","0.95","средняя","inserted"
"14060","4150e7e4-0b4a-4d9b-8d61-50557e847bd8","77f30a76-213f-4e80-b0dd-b296539dcaa3","Уравнение состояния идеального газа (Менделеева-Клапейрона)","0.95","средняя","inserted"
"64433","22681389-5f24-4ffd-9dd4-069691ddf6a4","77f30a76-213f-4e80-b0dd-b296539dcaa3","Уравнение состояния идеального газа (Менделеева-Клапейрона)","0.95","средняя","inserted"
"84721","b5f7a992-2714-4055-beda-caa93cc5b2ed","77f30a76-213f-4e80-b0dd-b296539dcaa3","Уравнение состояния идеального газа (Менделеева-Клапейрона)","0.95","средняя","inserted"
"92300","5b1444ce-9688-4cf2-b4db-3981c122d587","77f30a76-213f-4e80-b0dd-b296539dcaa3","Уравнение состояния идеального газа (Менделеева-Клапейрона)","0.95","средняя","inserted"
"64766","311aea35-f932-4192-ac49-95b781a1e5c0","92c499aa-3df6-4335-a036-24219b611408","Основное уравнение МКТ","0.95","средняя","inserted"
"177705","94bede3d-ed59-41f3-a054-7f5e41d58224","973e904d-33c9-494b-b3da-4c34a48b4b20","Внутренняя энергия газа","0.95","средняя","inserted"
"65194","7d0a0aef-1ff5-4fc4-96bc-144b415d747a","5ee4e31f-8b00-45ef-a1aa-607856809c83","Графики изопроцессов","0.95","средняя","inserted"
"94084","c5decb88-cc83-4a3a-be2f-2d9021ea8ffc","63286143-8bd2-4207-abf6-a0633f570716","Агрегатные переходы (плавление, парообразование)","0.95","средняя","inserted"
"177480","d6dea13a-8181-44ec-86d4-a30017d3cf73","77f30a76-213f-4e80-b0dd-b296539dcaa3","Уравнение состояния идеального газа (Менделеева-Клапейрона)","0.95","средняя","inserted"
"146316","1eb0838d-d824-4d2e-9db5-3b814f840c14","3a3372ab-387c-4614-a852-42dade28c3b7","Изопроцессы","0.95","средняя","inserted"
"125786","7c5513f6-e673-40a1-ab7e-abbb957a0fb2","3a3372ab-387c-4614-a852-42dade28c3b7","Изопроцессы","0.95","средняя","inserted"
"119085","5b407eb1-b3d7-47ae-b424-e45e7fc27272","3a3372ab-387c-4614-a852-42dade28c3b7","Изопроцессы","0.95","средняя","inserted"
"168647","1994104b-a79a-4d80-a7c4-292ef9a35411","ab5b8a4a-72f7-46e0-8324-e3b84c92ea67","Тепловые машины, КПД","0.95","средняя","inserted"
"94214","c9ef1196-706d-4430-bc02-b894ea2c7206","63286143-8bd2-4207-abf6-a0633f570716","Агрегатные переходы (плавление, парообразование)","0.95","средняя","inserted"
"136719","a8cad1d6-850f-49c5-8e4e-caae2485ea44","6918f1ff-251c-4dbe-ba73-51eb58a2072f","Насыщенный пар","0.95","средняя","inserted"
"103438","dabec9fd-9237-4849-ac02-425a3ba5b145","3a3372ab-387c-4614-a852-42dade28c3b7","Изопроцессы","0.95","средняя","inserted"
"14088","f0a0ab95-4384-4c98-97cb-bec5223f5ab5","71bce80a-2ea1-4de1-99f9-cb789b285b26","Теплопередача, количество теплоты","0.95","средняя","inserted"
"64409","74828bdf-4a08-4518-9239-24e9fd7d29bc","3a3372ab-387c-4614-a852-42dade28c3b7","Изопроцессы","0.95","средняя","inserted"
"119086","857bc767-f50e-47f7-b691-f04da9bff6e1","77f30a76-213f-4e80-b0dd-b296539dcaa3","Уравнение состояния идеального газа (Менделеева-Клапейрона)","0.95","средняя","inserted"
"103104","97e89899-6e9a-4150-bc1e-d544a18460ad","63286143-8bd2-4207-abf6-a0633f570716","Агрегатные переходы (плавление, парообразование)","0.95","средняя","inserted"
"100556","a9d86666-6146-4122-915e-4652e8647477","3a3372ab-387c-4614-a852-42dade28c3b7","Изопроцессы","0.95","средняя","inserted"
"14087","962f936f-885c-4420-9c62-0d01653d70a6","973e904d-33c9-494b-b3da-4c34a48b4b20","Внутренняя энергия газа","0.95","средняя","inserted"
"64487","2a282abe-684c-4f13-958b-630283d9d0e9","71bce80a-2ea1-4de1-99f9-cb789b285b26","Теплопередача, количество теплоты","0.95","средняя","inserted"
"121347","c0f8daf0-9ac9-4096-b138-7dc854370903","973e904d-33c9-494b-b3da-4c34a48b4b20","Внутренняя энергия газа","0.95","средняя","inserted"
"30735","bcb18d35-1a86-4200-9a7c-3059d37895fe","63286143-8bd2-4207-abf6-a0633f570716","Агрегатные переходы (плавление, парообразование)","0.95","средняя","inserted"
"14090","702d3727-f639-48c7-a5b5-2ccf9000cfe7","63286143-8bd2-4207-abf6-a0633f570716","Агрегатные переходы (плавление, парообразование)","0.95","средняя","inserted"
"14083","cce75237-6b51-4199-871a-bd54b74987d5","6918f1ff-251c-4dbe-ba73-51eb58a2072f","Насыщенный пар","0.95","средняя","inserted"
"104253","9a365f03-a203-45e6-9680-70eeaf38f2d5","92c499aa-3df6-4335-a036-24219b611408","Основное уравнение МКТ","0.95","средняя","inserted"
"126514","81638504-ce39-4256-b230-4d02d54d54f5","92c499aa-3df6-4335-a036-24219b611408","Основное уравнение МКТ","0.95","средняя","inserted"
"14091","8c6a62d0-a282-4f17-aec7-d0c630739027","71bce80a-2ea1-4de1-99f9-cb789b285b26","Теплопередача, количество теплоты","0.95","средняя","inserted"
"126649","da3b6d60-4d53-495b-94b6-6a98c992b11c","92c499aa-3df6-4335-a036-24219b611408","Основное уравнение МКТ","0.95","средняя","inserted"
"135533","25243389-e807-4622-b145-32d9934a1da6","973e904d-33c9-494b-b3da-4c34a48b4b20","Внутренняя энергия газа","0.95","средняя","inserted"
"177709","05087029-91e3-4e59-ab7a-e49c14074ab0","77f30a76-213f-4e80-b0dd-b296539dcaa3","Уравнение состояния идеального газа (Менделеева-Клапейрона)","0.95","средняя","inserted"
"131005","eb1db45e-a024-420f-b4fa-c1e502bb05b8","61ebc2e0-9d14-4f93-ae46-8943bb279889","Влажность воздуха","0.95","средняя","inserted"
"120742","69f2aeae-cd7c-4bab-bef1-a3508a46afe4","973e904d-33c9-494b-b3da-4c34a48b4b20","Внутренняя энергия газа","0.95","средняя","inserted"
"132874","db748b1f-31dc-4133-b85d-786e2cbbced3","973e904d-33c9-494b-b3da-4c34a48b4b20","Внутренняя энергия газа","0.95","средняя","inserted"
"136569","928ff18f-d3ee-43bc-9e58-7bd565ba2b8d","ab5b8a4a-72f7-46e0-8324-e3b84c92ea67","Тепловые машины, КПД","0.95","сложная","inserted"
"130527","720aedb7-929d-4f5d-9d63-c81d28f21f1c","f56de6c4-8ede-4e26-a7ce-ac3c09e4a8b5","Первый закон термодинамики","0.95","средняя","inserted"
"138600","d1537a2a-a686-4a58-b939-bbe6c7b26c6d","5ee4e31f-8b00-45ef-a1aa-607856809c83","Графики изопроцессов","0.95","средняя","inserted"
"139074","0f37f617-25b7-4c56-bb4d-374e7f5800a8","f56de6c4-8ede-4e26-a7ce-ac3c09e4a8b5","Первый закон термодинамики","0.95","средняя","inserted"
"141131","22e4ee57-5abf-4eb0-af43-aa9467e3ba5d","f56de6c4-8ede-4e26-a7ce-ac3c09e4a8b5","Первый закон термодинамики","0.95","средняя","inserted"
"139633","2fbbdc23-11a2-464c-b125-998c19ca0f86","92c499aa-3df6-4335-a036-24219b611408","Основное уравнение МКТ","0.95","средняя","inserted"
"155612","39f9d275-be9e-4db4-964d-795b6b4f9bc8","973e904d-33c9-494b-b3da-4c34a48b4b20","Внутренняя энергия газа","0.95","средняя","inserted"
"138757","8fa76efa-5191-4ff6-a3ad-3b69aad825b3","6918f1ff-251c-4dbe-ba73-51eb58a2072f","Насыщенный пар","0.95","средняя","inserted"
"139634","b6a315da-9f32-4841-916b-93ba047eb29d","92c499aa-3df6-4335-a036-24219b611408","Основное уравнение МКТ","0.95","средняя","inserted"
"139076","912ae598-b73b-4920-b674-0c464a6e0e16","3a3372ab-387c-4614-a852-42dade28c3b7","Изопроцессы","0.95","средняя","inserted"
"146773","59c2a331-51d1-4af5-8f8e-fa2f00e4477f","ab5b8a4a-72f7-46e0-8324-e3b84c92ea67","Тепловые машины, КПД","0.95","сложная","inserted"
"143770","a0686485-df4f-4e81-be46-cb5575e4e1e2","5ee4e31f-8b00-45ef-a1aa-607856809c83","Графики изопроцессов","0.95","средняя","inserted"
"65090","4edd717a-cffd-4187-ae37-8e3a0bb92667","5ee4e31f-8b00-45ef-a1aa-607856809c83","Графики изопроцессов","0.95","средняя","inserted"
"14064","c3612bbd-3df0-4f28-9e3a-841d91b4b3fe","92c499aa-3df6-4335-a036-24219b611408","Основное уравнение МКТ","0.95","средняя","inserted"
"14069","071d69f3-4f51-49a0-ab87-c97b835a5dff","ab5b8a4a-72f7-46e0-8324-e3b84c92ea67","Тепловые машины, КПД","0.95","средняя","inserted"
"65305","62336107-c3bb-4f5e-9ba4-f5551847516a","77f30a76-213f-4e80-b0dd-b296539dcaa3","Уравнение состояния идеального газа (Менделеева-Клапейрона)","0.95","средняя","inserted"
"39107","95dce2c5-f22c-489e-8fcd-acc80c970839","77f30a76-213f-4e80-b0dd-b296539dcaa3","Уравнение состояния идеального газа (Менделеева-Клапейрона)","0.95","средняя","inserted"
"39726","fc6dcee7-c075-4c3b-a254-8c1249e11681","77f30a76-213f-4e80-b0dd-b296539dcaa3","Уравнение состояния идеального газа (Менделеева-Клапейрона)","0.95","средняя","inserted"
"97748","cb8f7e46-d7fe-485c-bb9e-ba741a1237eb","61ebc2e0-9d14-4f93-ae46-8943bb279889","Влажность воздуха","0.95","средняя","inserted"
"14054","9bb8b8b1-39cb-43e8-870c-8d8c1089177c","3a3372ab-387c-4614-a852-42dade28c3b7","Изопроцессы","0.95","средняя","inserted"
"14071","2f08c58f-aecb-4dc2-8827-26180f2cc7d1","ab5b8a4a-72f7-46e0-8324-e3b84c92ea67","Тепловые машины, КПД","0.95","средняя","inserted"
"103129","06c44617-df6e-434b-8681-3a251c1250ce","3a3372ab-387c-4614-a852-42dade28c3b7","Изопроцессы","0.95","средняя","inserted"
"119088","8e158e37-294d-41fd-98f6-2b0818c4984f","77f30a76-213f-4e80-b0dd-b296539dcaa3","Уравнение состояния идеального газа (Менделеева-Клапейрона)","0.95","средняя","inserted"
"112689","3494737a-0dca-4c24-a82c-b958fbd2b0be","5ee4e31f-8b00-45ef-a1aa-607856809c83","Графики изопроцессов","0.95","средняя","inserted"
"18702","cc1ca63d-87d4-4abb-87ed-549b18aaa6cd","77f30a76-213f-4e80-b0dd-b296539dcaa3","Уравнение состояния идеального газа (Менделеева-Клапейрона)","0.95","средняя","inserted"
"119089","7d1a3aeb-7b1c-4b49-8148-a5d7945fa17c","92c499aa-3df6-4335-a036-24219b611408","Основное уравнение МКТ","0.95","средняя","inserted"
"14077","4de5957b-34d7-45b7-badc-68d60fdd7eca","973e904d-33c9-494b-b3da-4c34a48b4b20","Внутренняя энергия газа","0.95","средняя","inserted"
"103106","ee379c46-670d-4e3a-ae78-80cd6e630dfd","3a3372ab-387c-4614-a852-42dade28c3b7","Изопроцессы","0.95","средняя","inserted"
"132436","5e100fc7-fa1f-4b3a-9e75-04c14ed37636","61ebc2e0-9d14-4f93-ae46-8943bb279889","Влажность воздуха","0.95","средняя","inserted"
"145535","511a60fb-f4e1-4827-9007-ddab28692b0a","973e904d-33c9-494b-b3da-4c34a48b4b20","Внутренняя энергия газа","0.95","средняя","inserted"
"136968","5c57b973-810a-494c-a809-0cc3b4270b42","5ee4e31f-8b00-45ef-a1aa-607856809c83","Графики изопроцессов","0.95","средняя","inserted"
"169651","894713d6-fa99-473f-be4e-5278877abf51","92c499aa-3df6-4335-a036-24219b611408","Основное уравнение МКТ","0.9","средняя","inserted"
"138148","dd0eb60c-9acc-4f76-a5f5-cec410c24df7","63286143-8bd2-4207-abf6-a0633f570716","Агрегатные переходы (плавление, парообразование)","0.95","лёгкая","inserted"
"141699","a1077f59-755f-419f-b006-918c00d96e25","5ee4e31f-8b00-45ef-a1aa-607856809c83","Графики изопроцессов","0.95","средняя","inserted"
"134186","8cc84133-e509-4a25-b2bf-43a958c51c5b","5ee4e31f-8b00-45ef-a1aa-607856809c83","Графики изопроцессов","0.95","средняя","inserted"
"138637","baf60baa-69ec-4cb5-a8cc-8338804d1fb5","5ee4e31f-8b00-45ef-a1aa-607856809c83","Графики изопроцессов","0.95","средняя","inserted"
"139077","d4fcf2b6-39c2-4ba1-802c-e91dcf6a626b","3a3372ab-387c-4614-a852-42dade28c3b7","Изопроцессы","0.95","средняя","inserted"
"96095","2e62d6f3-59d3-46b1-979a-d47e2d082026","77f30a76-213f-4e80-b0dd-b296539dcaa3","Уравнение состояния идеального газа (Менделеева-Клапейрона)","0.95","средняя","inserted"
"96015","394f8aa0-35d2-46d3-95aa-1e691934c2e7","ab5b8a4a-72f7-46e0-8324-e3b84c92ea67","Тепловые машины, КПД","0.95","средняя","inserted"
"84916","c015fb47-24f3-4963-80a9-47a7b0584f3c","ab5b8a4a-72f7-46e0-8324-e3b84c92ea67","Тепловые машины, КПД","0.95","средняя","inserted"
"102721","0b94515d-d22f-48d4-ac29-820a65d03183","ab5b8a4a-72f7-46e0-8324-e3b84c92ea67","Тепловые машины, КПД","0.95","средняя","inserted"
"14061","baf05251-242b-4ac2-a8b8-5300949cf3fd","3a3372ab-387c-4614-a852-42dade28c3b7","Изопроцессы","0.95","средняя","inserted"
"40925","18b55fe8-689b-4e1e-8a4f-70640871a114","7f5b64d2-fed0-494b-b096-68508ddaec58","Сила тока, напряжение, сопротивление","0.95","лёгкая","inserted"
"14072","c64bcfb0-ebe5-44c7-a7ae-246bfb1a847f","ab5b8a4a-72f7-46e0-8324-e3b84c92ea67","Тепловые машины, КПД","0.95","средняя","inserted"
"14059","570b4dc3-6d9c-46cf-985d-58d77edc4217","3a3372ab-387c-4614-a852-42dade28c3b7","Изопроцессы","0.95","средняя","inserted"
"26305","4ccbdba5-de8b-42d1-8d44-95982ad4e020","f56de6c4-8ede-4e26-a7ce-ac3c09e4a8b5","Первый закон термодинамики","0.95","средняя","inserted"
"14082","44834e8a-f84c-4fda-aed1-d516c5737bd5","6918f1ff-251c-4dbe-ba73-51eb58a2072f","Насыщенный пар","0.95","средняя","inserted"
"139121","2c53bb2c-9bea-412e-bca8-e4128df329ca","ab5b8a4a-72f7-46e0-8324-e3b84c92ea67","Тепловые машины, КПД","0.95","средняя","inserted"
"94466","56b5315b-d8b8-484f-b65c-d6b9906ef0ad","ab5b8a4a-72f7-46e0-8324-e3b84c92ea67","Тепловые машины, КПД","0.95","средняя","inserted"
"115714","3a74d5aa-f277-4f8f-bcea-092ed6927608","57740562-f95c-4563-b3b2-bc1424428ee8","Работа газа в термодинамике","0.95","средняя","inserted"
"14076","a95296c5-bb27-4e1f-8a8a-7fa1606a8a5f","973e904d-33c9-494b-b3da-4c34a48b4b20","Внутренняя энергия газа","0.95","лёгкая","inserted"
"103105","bc81a6fa-f529-4347-a028-8c2f1eb1a72c","92c499aa-3df6-4335-a036-24219b611408","Основное уравнение МКТ","0.95","лёгкая","inserted"
"14078","dc3f140e-e2d5-4b1d-9b2e-bf763de3583f","77f30a76-213f-4e80-b0dd-b296539dcaa3","Уравнение состояния идеального газа (Менделеева-Клапейрона)","0.9","средняя","inserted"
"114709","7bb5224b-fdfb-4f3b-86e4-aaa996972c47","5ee4e31f-8b00-45ef-a1aa-607856809c83","Графики изопроцессов","0.95","средняя","inserted"
"120728","605031ec-2021-4340-93fc-5dbe322241f5","d990b470-e47d-4f73-b895-427f26b0c233","Гармонические колебания","0.95","средняя","inserted"
"17840","eb779751-b81d-4b7e-8231-613d757306bc","61ebc2e0-9d14-4f93-ae46-8943bb279889","Влажность воздуха","0.95","средняя","inserted"
"137117","c6d607ec-45af-4a23-b102-10286aae36c3","3a3372ab-387c-4614-a852-42dade28c3b7","Изопроцессы","0.95","средняя","inserted"
"168204","94d1bea2-84fc-49bf-8bd2-40f052c5c4e3","973e904d-33c9-494b-b3da-4c34a48b4b20","Внутренняя энергия газа","0.95","средняя","inserted"
"14062","34bf0d1a-6ef0-45fa-b689-3a7e887fb606","3a3372ab-387c-4614-a852-42dade28c3b7","Изопроцессы","0.95","средняя","inserted"
"14086","46e20e7e-3604-4b22-9555-83f0fb1389c6","63286143-8bd2-4207-abf6-a0633f570716","Агрегатные переходы (плавление, парообразование)","0.95","средняя","inserted"
"136869","095c2bfd-d89c-4f93-9a84-b26420bc6de7","5ee4e31f-8b00-45ef-a1aa-607856809c83","Графики изопроцессов","0.95","средняя","inserted"
"14070","39d8ac9b-da84-4303-91d6-164fe7b3e039","5ee4e31f-8b00-45ef-a1aa-607856809c83","Графики изопроцессов","0.95","средняя","inserted"
"169033","4581097b-e5db-4002-bf31-86c199feeb2d","3a3372ab-387c-4614-a852-42dade28c3b7","Изопроцессы","0.95","средняя","inserted"
"133146","c0241a2f-3d25-4d18-9d5b-818b731d367e","019ee2aa-8647-4aa1-b4ba-c805df98fa80","Движение тела, брошенного под углом к горизонту","0.95","средняя","inserted"
"96552","9e9f2fc3-7e21-4e51-94e4-4d832a7de484","57740562-f95c-4563-b3b2-bc1424428ee8","Работа газа в термодинамике","0.95","средняя","inserted"
"103128","d2c592fc-29e6-419f-9734-37d9e74d17b0","5ee4e31f-8b00-45ef-a1aa-607856809c83","Графики изопроцессов","0.95","средняя","inserted"
"121868","fd8571cc-5ff9-44a2-984f-e156db221b5f","77f30a76-213f-4e80-b0dd-b296539dcaa3","Уравнение состояния идеального газа (Менделеева-Клапейрона)","0.95","средняя","inserted"
"104252","c6434bec-5eec-454f-bc88-f6307a1a1fc5","3a3372ab-387c-4614-a852-42dade28c3b7","Изопроцессы","0.95","средняя","inserted"
"100675","3229430c-9ae1-4485-8b15-28db9f7cd064","6918f1ff-251c-4dbe-ba73-51eb58a2072f","Насыщенный пар","0.95","средняя","inserted"
"18389","3d460256-f927-4ce5-832f-dc964f9a1be8","63286143-8bd2-4207-abf6-a0633f570716","Агрегатные переходы (плавление, парообразование)","0.95","средняя","inserted"
"138149","bfffc65f-31b0-410b-a36f-dd743078dcfa","63286143-8bd2-4207-abf6-a0633f570716","Агрегатные переходы (плавление, парообразование)","0.95","лёгкая","inserted"
"139119","a7b5460d-9b33-43ec-baac-936cc90ccfa0","ab5b8a4a-72f7-46e0-8324-e3b84c92ea67","Тепловые машины, КПД","0.95","сложная","inserted"
"137119","5afa7d0b-50c8-42d2-a4dc-242c05ac0ceb","92c499aa-3df6-4335-a036-24219b611408","Основное уравнение МКТ","0.95","средняя","inserted"
"155753","0b40b572-bd07-43f9-897f-36c5d364f1a8","973e904d-33c9-494b-b3da-4c34a48b4b20","Внутренняя энергия газа","0.95","средняя","inserted"
"165569","cc069d91-9a0f-43d1-94e9-d862ed41dc59","2d245347-68ec-4912-a16c-c4bba8748730","Закон Кулона","0.95","средняя","inserted"
"94469","c45aa391-c15c-473a-9013-1afdea95b88e","c4c222e6-540a-41fc-8aa1-e17547483ee0","Проводники и диэлектрики в поле","0.95","средняя","inserted"
"166411","0cad2957-7185-4519-9fa2-bab54522a606","687aa786-8049-43cb-981b-db2914f8bd17","Самоиндукция, индуктивность","0.95","средняя","inserted"
"103149","3abb0b39-08d8-4ea7-8a86-d3ffdfddb460","30853096-b848-43ec-aa56-8a644cbdb2bf","Электромагнитная индукция (закон Фарадея)","0.95","средняя","inserted"
"14134","f68c8393-2372-4c88-9da1-de51e410f899","30853096-b848-43ec-aa56-8a644cbdb2bf","Электромагнитная индукция (закон Фарадея)","0.95","средняя","inserted"
"166418","a96b64da-0bbe-492f-8b92-71830dc4b65d","687aa786-8049-43cb-981b-db2914f8bd17","Самоиндукция, индуктивность","0.95","средняя","inserted"
"165570","ed294928-e1dd-4be1-b433-aa9ba65df5cf","8bbb5507-6364-4078-89d1-a423f766858f","Конденсаторы, электроёмкость","0.95","сложная","inserted"
"160033","c89e049b-ad94-4a36-ba13-d4cfc3f46db9","2d245347-68ec-4912-a16c-c4bba8748730","Закон Кулона","0.95","средняя","inserted"
"97555","26c84839-2c73-4ce2-826d-2bd93d9e1115","2d245347-68ec-4912-a16c-c4bba8748730","Закон Кулона","0.95","средняя","inserted"
"130532","0d4fd2c4-2eb9-4f19-b84f-2dc3c8401fac","019020c4-13bf-418c-b366-63bf09d42066","Электромагнитные колебания, колебательный контур","0.95","средняя","inserted"
"94745","9f6d6205-8a05-40b9-be5b-13ca4021d1e7","cac27515-dcf2-47ac-8e5a-6708e0ac6947","Законы преломления, полное внутреннее отражение","0.95","средняя","inserted"
"96017","25b6682c-82d5-475f-8200-f0aa48b69957","cac27515-dcf2-47ac-8e5a-6708e0ac6947","Законы преломления, полное внутреннее отражение","0.95","средняя","inserted"
"95872","0b237e26-cf04-43ab-9fb4-9aff7abb2e2c","cac27515-dcf2-47ac-8e5a-6708e0ac6947","Законы преломления, полное внутреннее отражение","0.95","средняя","inserted"
"96822","aec58478-8417-48df-ba86-56c6874da954","8bbb5507-6364-4078-89d1-a423f766858f","Конденсаторы, электроёмкость","0.95","средняя","inserted"
"126773","1435cf01-d14c-4ae1-bfb3-731b3754a49f","3bfe5c89-607b-4c04-9494-2a091d377e80","Расчёт электрических цепей","0.95","средняя","inserted"
"34593","9c70f0fb-666d-46b8-a007-168d0fff0c75","bf4f6e6b-cb9d-474f-ae44-31bb9a73c141","Сила Ампера","0.95","средняя","inserted"
"175290","a3c4732e-7358-4869-aaed-4ac17767b7d2","019020c4-13bf-418c-b366-63bf09d42066","Электромагнитные колебания, колебательный контур","0.95","средняя","inserted"
"136738","a46bf7a3-8362-4d3c-ab34-3a1239b34aea","019020c4-13bf-418c-b366-63bf09d42066","Электромагнитные колебания, колебательный контур","0.95","средняя","inserted"
"178849","29f4966b-d2e1-4e09-984b-cfa79a25390f","8bbb5507-6364-4078-89d1-a423f766858f","Конденсаторы, электроёмкость","0.95","сложная","inserted"
"138642","724ad028-0796-4190-9f1f-06765067ddfe","30853096-b848-43ec-aa56-8a644cbdb2bf","Электромагнитная индукция (закон Фарадея)","0.95","средняя","inserted"
"120746","06ade689-d163-4f78-a04f-c5617ef143db","30853096-b848-43ec-aa56-8a644cbdb2bf","Электромагнитная индукция (закон Фарадея)","0.95","сложная","inserted"
"132445","d6291e23-247f-44bb-88e7-1faefed4cfd4","2d245347-68ec-4912-a16c-c4bba8748730","Закон Кулона","0.95","средняя","inserted"
"139657","83e34738-4115-48d3-b8a6-ca8a963eea52","019020c4-13bf-418c-b366-63bf09d42066","Электромагнитные колебания, колебательный контур","0.95","средняя","inserted"
"132878","a980bece-5636-49d3-b9f1-fe4a942e5236","30853096-b848-43ec-aa56-8a644cbdb2bf","Электромагнитная индукция (закон Фарадея)","0.95","средняя","inserted"
"141191","e4588fa0-3000-4e88-b4c2-e1459ca9ff15","019020c4-13bf-418c-b366-63bf09d42066","Электромагнитные колебания, колебательный контур","0.95","средняя","inserted"
"163383","bb9f512b-9b9a-461d-bb62-09f3b29b9551","282a35f4-efda-46c0-b9f4-73120001845d","Напряжённость электрического поля","0.95","средняя","inserted"
"138607","b7b09d33-47f7-4a5f-88bd-eef6ac0ce3d0","30853096-b848-43ec-aa56-8a644cbdb2bf","Электромагнитная индукция (закон Фарадея)","0.95","средняя","inserted"
"139104","36b5cf99-e577-45d7-8f39-a7c086ffaa72","019020c4-13bf-418c-b366-63bf09d42066","Электромагнитные колебания, колебательный контур","0.95","средняя","inserted"
"141703","9329ac1d-4bd8-4784-9765-eb5935a6deb2","b2bac358-3fed-498b-89cf-29a3df32cd0a","Линзы, формула тонкой линзы","0.95","средняя","inserted"
"139143","1b0f98d5-4adf-49b9-97e5-b6aade7d49a6","30853096-b848-43ec-aa56-8a644cbdb2bf","Электромагнитная индукция (закон Фарадея)","0.95","средняя","inserted"
"143829","b14e08a6-aa4b-450b-8a3e-83e7797c3554","282a35f4-efda-46c0-b9f4-73120001845d","Напряжённость электрического поля","0.95","средняя","inserted"
"155620","5cd1155a-d973-4f6c-86b0-763c4f5dcaed","687aa786-8049-43cb-981b-db2914f8bd17","Самоиндукция, индуктивность","0.95","сложная","inserted"
"11975","4b016661-7307-4817-8074-2c13bb530f3b","8bbb5507-6364-4078-89d1-a423f766858f","Конденсаторы, электроёмкость","0.95","средняя","inserted"
"91771","98f7399b-f4a7-4b0f-88bb-cde2c27dee8e","8bbb5507-6364-4078-89d1-a423f766858f","Конденсаторы, электроёмкость","0.95","сложная","inserted"
"133189","ff541451-5039-42ba-a31d-bf84b0687c52","30853096-b848-43ec-aa56-8a644cbdb2bf","Электромагнитная индукция (закон Фарадея)","0.95","сложная","inserted"
"97905","059ecbfa-4548-4994-b0a4-22a36d00feb6","282a35f4-efda-46c0-b9f4-73120001845d","Напряжённость электрического поля","0.95","средняя","inserted"
"94358","a81d70ae-5488-428b-b450-110d68a47aa8","c4c222e6-540a-41fc-8aa1-e17547483ee0","Проводники и диэлектрики в поле","0.95","средняя","inserted"
"11974","0ddc2168-8a4d-474c-a555-091bdc3a26a4","8bbb5507-6364-4078-89d1-a423f766858f","Конденсаторы, электроёмкость","0.95","сложная","inserted"
"18392","669a8218-9ff0-4ea2-a430-4f05cfda1ef8","cac27515-dcf2-47ac-8e5a-6708e0ac6947","Законы преломления, полное внутреннее отражение","0.95","средняя","inserted"
"135537","f5b55d9f-b4e5-4e9c-8529-48493018588c","687aa786-8049-43cb-981b-db2914f8bd17","Самоиндукция, индуктивность","0.95","сложная","inserted"
"177482","68662cd8-c54a-4107-b63f-137ba50b5191","30853096-b848-43ec-aa56-8a644cbdb2bf","Электромагнитная индукция (закон Фарадея)","0.95","сложная","inserted"
"158788","153c54a5-9edc-44d4-b562-2a2676d4b617","2d245347-68ec-4912-a16c-c4bba8748730","Закон Кулона","0.95","средняя","inserted"
"92303","70efcfb8-4418-4f55-a960-5cb5e8e0f74e","30853096-b848-43ec-aa56-8a644cbdb2bf","Электромагнитная индукция (закон Фарадея)","0.95","средняя","inserted"
"103150","64044040-a6ca-46bb-9d9c-70cac69e9415","8bbb5507-6364-4078-89d1-a423f766858f","Конденсаторы, электроёмкость","0.95","сложная","inserted"
"159036","273bac23-bbd6-41e7-8a72-d42baaac074d","2d245347-68ec-4912-a16c-c4bba8748730","Закон Кулона","0.95","средняя","inserted"
"168653","5511c958-f594-4bc4-8260-31096a64f016","30853096-b848-43ec-aa56-8a644cbdb2bf","Электромагнитная индукция (закон Фарадея)","0.95","сложная","inserted"
"121351","c55b206c-8766-4136-b4cc-f100f20042d5","30853096-b848-43ec-aa56-8a644cbdb2bf","Электромагнитная индукция (закон Фарадея)","0.95","сложная","inserted"
"158962","0b0422a8-1b27-4e5c-b523-df14cfc96d1d","2d245347-68ec-4912-a16c-c4bba8748730","Закон Кулона","0.95","средняя","inserted"
"120418","4f2b9d80-6178-4145-91db-f4aa5cc3378e","cac27515-dcf2-47ac-8e5a-6708e0ac6947","Законы преломления, полное внутреннее отражение","0.95","средняя","inserted"
"138782","9879b954-d98f-449c-aa9e-e7c9ba24e628","687aa786-8049-43cb-981b-db2914f8bd17","Самоиндукция, индуктивность","0.95","средняя","inserted"
"136979","db8d6eb0-5905-4517-b1a9-d16241b32958","687aa786-8049-43cb-981b-db2914f8bd17","Самоиндукция, индуктивность","0.95","сложная","inserted"
"94217","4f317604-1956-470c-9e96-0589fe126bca","30853096-b848-43ec-aa56-8a644cbdb2bf","Электромагнитная индукция (закон Фарадея)","0.95","средняя","inserted"
"95163","04ddf4a6-f34b-4f58-9b2b-f201dd1471f7","cac27515-dcf2-47ac-8e5a-6708e0ac6947","Законы преломления, полное внутреннее отражение","0.95","средняя","inserted"
"14132","196f5bd3-825f-4ad6-a7bb-c71af5fcbe8a","30853096-b848-43ec-aa56-8a644cbdb2bf","Электромагнитная индукция (закон Фарадея)","0.95","средняя","inserted"
"103146","308085bb-5b3e-4845-86de-e71c53e3b0e5","8bbb5507-6364-4078-89d1-a423f766858f","Конденсаторы, электроёмкость","0.95","средняя","inserted"
"65076","ca959e9d-7f1c-4833-a792-41f670cf0337","30853096-b848-43ec-aa56-8a644cbdb2bf","Электромагнитная индукция (закон Фарадея)","0.95","средняя","inserted"
"96921","a8b99bcf-8cb3-4457-a495-54efde64a1a7","8bbb5507-6364-4078-89d1-a423f766858f","Конденсаторы, электроёмкость","0.95","средняя","inserted"
"11970","6ef5a0a8-911d-47c1-9fce-a3865228d616","09e6c95c-cb15-4184-985c-193b3f790571","Закон Ома для полной цепи (ЭДС)","0.95","средняя","inserted"
"46953","6ad8b28c-132d-4310-b98e-0f56a8c9b151","282a35f4-efda-46c0-b9f4-73120001845d","Напряжённость электрического поля","0.95","средняя","inserted"
"96097","23c38c34-75c3-454d-b3a8-369f9da86bd1","2d245347-68ec-4912-a16c-c4bba8748730","Закон Кулона","0.95","средняя","inserted"
"97752","f5f6aeb5-be76-4a10-85f7-c67ea5d08f9d","2d245347-68ec-4912-a16c-c4bba8748730","Закон Кулона","0.95","средняя","inserted"
"168202","be27ccb6-09dc-4b69-af64-a61dce9254b5","30853096-b848-43ec-aa56-8a644cbdb2bf","Электромагнитная индукция (закон Фарадея)","0.95","средняя","inserted"
"104266","8511919c-b576-493d-a991-5ade12cb462c","b2bac358-3fed-498b-89cf-29a3df32cd0a","Линзы, формула тонкой линзы","0.95","средняя","inserted"
"102205","fa9c08a7-377c-40f3-95bd-6b1548f5990a","cac27515-dcf2-47ac-8e5a-6708e0ac6947","Законы преломления, полное внутреннее отражение","0.95","средняя","inserted"
"14133","f635a95c-45f4-4e6b-b5be-340e270d603a","30853096-b848-43ec-aa56-8a644cbdb2bf","Электромагнитная индукция (закон Фарадея)","0.95","средняя","inserted"
"103148","4aec3293-bdf7-40ed-af0a-919e0962247c","282a35f4-efda-46c0-b9f4-73120001845d","Напряжённость электрического поля","0.95","средняя","inserted"
"96189","1fc4b722-2b5a-4118-9b6f-c4a94ae89ed0","2d245347-68ec-4912-a16c-c4bba8748730","Закон Кулона","0.95","средняя","inserted"
"112818","cd8a9957-ac55-486c-bb64-4db8fab2b813","019020c4-13bf-418c-b366-63bf09d42066","Электромагнитные колебания, колебательный контур","0.95","средняя","inserted"
"91585","91c3df48-9923-48ad-93f1-155407827c34","bf4f6e6b-cb9d-474f-ae44-31bb9a73c141","Сила Ампера","0.95","средняя","inserted"
"112693","d789be72-d535-4048-ab1e-1f3d7b7a04fa","8bbb5507-6364-4078-89d1-a423f766858f","Конденсаторы, электроёмкость","0.95","сложная","inserted"
"176016","e045bf0f-dc64-412b-9131-ba2a26c80173","8bbb5507-6364-4078-89d1-a423f766858f","Конденсаторы, электроёмкость","0.95","средняя","inserted"
"126477","25c852fa-a423-4e3c-a084-186199e81a7e","09e6c95c-cb15-4184-985c-193b3f790571","Закон Ома для полной цепи (ЭДС)","0.95","средняя","inserted"
"39116","4d0371bb-b83c-4a93-9b51-9c083a6d83f7","30853096-b848-43ec-aa56-8a644cbdb2bf","Электромагнитная индукция (закон Фарадея)","0.95","средняя","inserted"
"115789","edc919a9-1f6d-4033-821e-60710e897d42","8bbb5507-6364-4078-89d1-a423f766858f","Конденсаторы, электроёмкость","0.95","сложная","inserted"
"131014","1f7df694-d91d-4a18-9514-bfd2ab0583a4","2d245347-68ec-4912-a16c-c4bba8748730","Закон Кулона","0.95","средняя","inserted"
"183294","3ea5ced8-8201-4b96-9d90-03e966dd7e9c","8bbb5507-6364-4078-89d1-a423f766858f","Конденсаторы, электроёмкость","0.95","средняя","inserted"
"134198","b8e1959a-f763-4053-a555-596505527fe9","c4c222e6-540a-41fc-8aa1-e17547483ee0","Проводники и диэлектрики в поле","0.95","средняя","inserted"
"136885","cbfad02f-acc0-4e63-ae80-9cb5768fdc6c","687aa786-8049-43cb-981b-db2914f8bd17","Самоиндукция, индуктивность","0.95","сложная","inserted"
"138780","bf791ae0-6e64-4a6d-81cf-e7f9bf736a7b","687aa786-8049-43cb-981b-db2914f8bd17","Самоиндукция, индуктивность","0.95","средняя","inserted"
"130441","a2bd61cc-175b-4a0a-ae87-d0e725ba0c26","019020c4-13bf-418c-b366-63bf09d42066","Электромагнитные колебания, колебательный контур","0.95","средняя","inserted"
"139142","9be3a4f8-f2bf-4a95-9cfc-f492f1ca7bd9","30853096-b848-43ec-aa56-8a644cbdb2bf","Электромагнитная индукция (закон Фарадея)","0.95","средняя","inserted"
"143464","968de1cc-6096-4274-a8cb-51f0b99f5ae8","b2bac358-3fed-498b-89cf-29a3df32cd0a","Линзы, формула тонкой линзы","0.95","средняя","inserted"
"104265","48a9f236-1bda-4bd6-bb68-b21bfa8ad764","b2bac358-3fed-498b-89cf-29a3df32cd0a","Линзы, формула тонкой линзы","0.95","средняя","inserted"
"138168","4d5d6b98-bedc-4fd8-bba2-8faaf93c92e2","8bbb5507-6364-4078-89d1-a423f766858f","Конденсаторы, электроёмкость","0.95","средняя","inserted"
"177156","721709cc-8b8f-43a1-9be5-a4b40a65d759","bf4f6e6b-cb9d-474f-ae44-31bb9a73c141","Сила Ампера","0.95","средняя","inserted"
"175671","9b9860c6-b96e-4cf5-8214-a4306889e260","3bfe5c89-607b-4c04-9494-2a091d377e80","Расчёт электрических цепей","0.95","средняя","inserted"
"96672","0bd50969-269d-4428-97b5-06e6f2e5f310","7f5b64d2-fed0-494b-b096-68508ddaec58","Сила тока, напряжение, сопротивление","0.95","средняя","inserted"
"139652","1ed40932-2c04-4ce4-b612-6b2de8091420","019020c4-13bf-418c-b366-63bf09d42066","Электромагнитные колебания, колебательный контур","0.95","средняя","inserted"
"102431","6b36543a-d370-4191-8bc8-998d549f1712","30853096-b848-43ec-aa56-8a644cbdb2bf","Электромагнитная индукция (закон Фарадея)","0.95","средняя","inserted"
"137137","9cc55fea-2c5b-4b9b-b479-95dce5755a91","b2bac358-3fed-498b-89cf-29a3df32cd0a","Линзы, формула тонкой линзы","0.95","средняя","inserted"
"163446","be05ca7d-e8a9-48dd-9c4b-b281305524c9","6238ff98-a78d-4b89-9d17-825a74ba3854","Вес тела, невесомость, перегрузки","0.95","средняя","inserted"
"135424","e216e317-65e2-4883-987d-9fedb8bebe45","687aa786-8049-43cb-981b-db2914f8bd17","Самоиндукция, индуктивность","0.95","сложная","inserted"
"136573","e890589d-dc53-48b6-8f45-d9c5d49d4f53","cac27515-dcf2-47ac-8e5a-6708e0ac6947","Законы преломления, полное внутреннее отражение","0.95","средняя","inserted"
"155759","60673f9f-4122-4dec-8710-9df1af6ecfe9","687aa786-8049-43cb-981b-db2914f8bd17","Самоиндукция, индуктивность","0.95","сложная","inserted"
"137134","53e1b4c4-43f8-4b53-a8db-88a9cc21aa7a","b2bac358-3fed-498b-89cf-29a3df32cd0a","Линзы, формула тонкой линзы","0.95","средняя","inserted"
"15423","95919464-fdb5-4d97-b511-6e8dc2ccf99a","bf4f6e6b-cb9d-474f-ae44-31bb9a73c141","Сила Ампера","0.95","средняя","inserted"
"93787","3de59f6d-60c9-4593-ba88-81dd2684aa21","019020c4-13bf-418c-b366-63bf09d42066","Электромагнитные колебания, колебательный контур","0.95","средняя","inserted"
"138169","e8ad90eb-99bb-4408-8357-d4fc2125fe69","8bbb5507-6364-4078-89d1-a423f766858f","Конденсаторы, электроёмкость","0.95","средняя","inserted"
"175296","edf9c69a-665a-4b53-8dad-d36086caf5fe","019020c4-13bf-418c-b366-63bf09d42066","Электромагнитные колебания, колебательный контур","0.95","средняя","inserted"
"96720","1ecc3c78-1c78-4aaa-abd1-f83bc2f02e14","7f5b64d2-fed0-494b-b096-68508ddaec58","Сила тока, напряжение, сопротивление","0.95","средняя","inserted"
"139154","6eed91fc-aad4-426a-a661-05641754c6f9","b2bac358-3fed-498b-89cf-29a3df32cd0a","Линзы, формула тонкой линзы","0.95","средняя","inserted"
"11376","777a168c-099c-4b60-a248-fe4a6fa87d8e","282a35f4-efda-46c0-b9f4-73120001845d","Напряжённость электрического поля","0.95","средняя","inserted"
"175276","6c18b701-a928-4f3d-afb0-270b5c28c8bb","019020c4-13bf-418c-b366-63bf09d42066","Электромагнитные колебания, колебательный контур","0.95","средняя","inserted"
"15981","cdabbcab-1550-4027-a80f-f4f89cad9711","019020c4-13bf-418c-b366-63bf09d42066","Электромагнитные колебания, колебательный контур","0.95","средняя","inserted"
"114726","e82242db-7715-4f12-92df-0e89378e8ece","8bbb5507-6364-4078-89d1-a423f766858f","Конденсаторы, электроёмкость","0.95","сложная","inserted"
"111976","9b4f669d-ca4d-448e-a5f3-7d1342e8d638","282a35f4-efda-46c0-b9f4-73120001845d","Напряжённость электрического поля","0.95","средняя","inserted"
"103151","07a35b3c-3632-45a1-a490-741dd21db095","282a35f4-efda-46c0-b9f4-73120001845d","Напряжённость электрического поля","0.95","средняя","inserted"
"126653","48bf1cfc-b808-4f4f-b615-fa473d0e622d","09e6c95c-cb15-4184-985c-193b3f790571","Закон Ома для полной цепи (ЭДС)","0.95","сложная","inserted"
"146775","6f719e70-36ca-419e-a6d4-202e0f0e2f55","cac27515-dcf2-47ac-8e5a-6708e0ac6947","Законы преломления, полное внутреннее отражение","0.95","средняя","inserted"
"141708","88474148-8282-4153-a668-b04c8e4490e5","b2bac358-3fed-498b-89cf-29a3df32cd0a","Линзы, формула тонкой линзы","0.95","средняя","inserted"
"177483","74d0ec73-bb78-4179-a229-acb56a086773","3bfe5c89-607b-4c04-9494-2a091d377e80","Расчёт электрических цепей","0.95","средняя","inserted"
"175277","0fbb9d72-6912-447b-a034-02e0340f87ca","7f5b64d2-fed0-494b-b096-68508ddaec58","Сила тока, напряжение, сопротивление","0.95","средняя","inserted"
"175291","c4c70c7f-e8e8-4801-8519-78bbd6023d74","7f5b64d2-fed0-494b-b096-68508ddaec58","Сила тока, напряжение, сопротивление","0.95","средняя","inserted"
"64990","9d50a6e1-c781-4528-b7cd-b12b84547555","1fdbe34f-b66c-4a48-840a-092c1a630f19","Последовательное и параллельное соединение","0.95","средняя","inserted"
"14252","42834cdc-51e1-4624-9e94-7e92c942313e","b2bac358-3fed-498b-89cf-29a3df32cd0a","Линзы, формула тонкой линзы","0.95","средняя","inserted"
"165573","9e465ab6-6f24-4ac6-814c-f6e531d4b201","1fdbe34f-b66c-4a48-840a-092c1a630f19","Последовательное и параллельное соединение","0.95","средняя","inserted"
"94220","5a8218ca-a9e9-4360-a82b-d22ee8555940","b2bac358-3fed-498b-89cf-29a3df32cd0a","Линзы, формула тонкой линзы","0.95","средняя","inserted"
"84082","2ffaad7f-d66c-4626-a2f0-398f695b100e","c919b5bc-ba38-4b5a-a766-cb5a7101838c","Дифракция, дифракционная решётка","0.95","средняя","inserted"
"103245","02d9c8b4-7e62-4fbf-a424-a1244c5dccbd","1fdbe34f-b66c-4a48-840a-092c1a630f19","Последовательное и параллельное соединение","0.95","средняя","inserted"
"11980","a04bcbbb-3106-45f0-9a20-0b85c4613ca9","1fdbe34f-b66c-4a48-840a-092c1a630f19","Последовательное и параллельное соединение","0.95","средняя","inserted"
"102206","34d374f5-88ea-4325-b986-bf998db249e9","09e6c95c-cb15-4184-985c-193b3f790571","Закон Ома для полной цепи (ЭДС)","0.95","средняя","inserted"
"178850","4d773bf6-06eb-4a46-abbd-90b597e3dfed","1f9ea623-cdb5-44ae-b489-fc488f68326d","Движение заряда в магнитном поле","0.95","средняя","inserted"
"96922","4cd6c5fd-4bdb-4b6c-8cae-645cb793d063","09e6c95c-cb15-4184-985c-193b3f790571","Закон Ома для полной цепи (ЭДС)","0.95","средняя","inserted"
"15979","2bdd8995-e40a-41f6-b198-cfd3feaf1028","019020c4-13bf-418c-b366-63bf09d42066","Электромагнитные колебания, колебательный контур","0.95","средняя","inserted"
"65077","681db416-5623-4c14-85a6-c4d9afdcef2a","1f9ea623-cdb5-44ae-b489-fc488f68326d","Движение заряда в магнитном поле","0.95","средняя","inserted"
"94013","8776e2da-0efe-43bb-bf68-eb3f07113562","c919b5bc-ba38-4b5a-a766-cb5a7101838c","Дифракция, дифракционная решётка","0.95","средняя","inserted"
"96555","77f8659d-6e39-4e66-b74a-008dbeda3b41","8bbb5507-6364-4078-89d1-a423f766858f","Конденсаторы, электроёмкость","0.95","средняя","inserted"
"103248","ab4af046-8563-41ed-aa95-65aa61ae6369","1f9ea623-cdb5-44ae-b489-fc488f68326d","Движение заряда в магнитном поле","0.95","средняя","inserted"
"39117","95a9ba26-98d6-4798-bc63-a3f71e314c73","cac27515-dcf2-47ac-8e5a-6708e0ac6947","Законы преломления, полное внутреннее отражение","0.95","средняя","inserted"
"168654","6da6884c-6bbb-4b0d-bb45-30d8cccffaaa","cac27515-dcf2-47ac-8e5a-6708e0ac6947","Законы преломления, полное внутреннее отражение","0.95","лёгкая","inserted"
"102642","a1f2789d-a6d5-4138-8315-3265245544ae","1f9ea623-cdb5-44ae-b489-fc488f68326d","Движение заряда в магнитном поле","0.95","средняя","inserted"
"97906","500aace8-c15a-479d-b331-62032e2cf924","cac27515-dcf2-47ac-8e5a-6708e0ac6947","Законы преломления, полное внутреннее отражение","0.95","лёгкая","inserted"
"112694","f8421fc6-bbeb-4301-9141-34716f4e4c25","019020c4-13bf-418c-b366-63bf09d42066","Электромагнитные колебания, колебательный контур","0.95","средняя","inserted"
"158789","e822495d-2110-4600-b1d9-6007eb344394","1f9ea623-cdb5-44ae-b489-fc488f68326d","Движение заряда в магнитном поле","0.95","средняя","inserted"
"39119","eae1aaff-faa5-4ad3-be1d-20db2239ddaf","019020c4-13bf-418c-b366-63bf09d42066","Электромагнитные колебания, колебательный контур","0.95","средняя","inserted"
"94746","027a7e2b-3aea-4502-ae6a-96f18da5764b","282a35f4-efda-46c0-b9f4-73120001845d","Напряжённость электрического поля","0.95","средняя","inserted"
"114729","682db96a-2c30-4af8-84aa-3cf7256054c5","019020c4-13bf-418c-b366-63bf09d42066","Электромагнитные колебания, колебательный контур","0.95","средняя","inserted"
"158963","8e974af0-2e6e-405f-9ae5-07e4d918dcb1","1f9ea623-cdb5-44ae-b489-fc488f68326d","Движение заряда в магнитном поле","0.95","средняя","inserted"
"95165","571bfef6-e845-426c-8388-a22bc9659984","6358b835-156c-48a0-b1da-6c1a5c34432d","Сила Лоренца","0.92","средняя","inserted"
"96350","fd3affa2-0523-4214-847e-ae2c04db3fc4","8bbb5507-6364-4078-89d1-a423f766858f","Конденсаторы, электроёмкость","0.95","средняя","inserted"
"165578","b33dd232-1dba-42a3-bf68-a89e31192227","8bbb5507-6364-4078-89d1-a423f766858f","Конденсаторы, электроёмкость","0.95","лёгкая","inserted"
"84979","9819b149-e857-4e71-aaa1-579e4ec3a350","cac27515-dcf2-47ac-8e5a-6708e0ac6947","Законы преломления, полное внутреннее отражение","0.95","средняя","inserted"
"27108","5c5593d9-b59c-465c-b08b-4f5f091c1c82","8fc1f7ed-eaa6-4ba0-8559-4a84b3582250","Правило Ленца","0.95","средняя","inserted"
"136749","2e2f0f30-9870-41f1-8245-6cc40b51762f","7f5b64d2-fed0-494b-b096-68508ddaec58","Сила тока, напряжение, сопротивление","0.95","средняя","inserted"
"121352","8400bccb-d239-49eb-806a-a4ceee317896","019020c4-13bf-418c-b366-63bf09d42066","Электромагнитные колебания, колебательный контур","0.95","средняя","inserted"
"165576","e3ca00fa-5f33-4116-a568-593aec204fc3","8bbb5507-6364-4078-89d1-a423f766858f","Конденсаторы, электроёмкость","0.95","средняя","inserted"
"98121","45bebf2a-13d3-471f-ac17-ec6eb2cd34af","cac27515-dcf2-47ac-8e5a-6708e0ac6947","Законы преломления, полное внутреннее отражение","0.95","лёгкая","inserted"
"185849","993771aa-f60d-4a98-b7f6-037e84c866f5","6358b835-156c-48a0-b1da-6c1a5c34432d","Сила Лоренца","0.95","средняя","inserted"
"126654","2fa96060-ebe7-4cde-9543-e7cb4c3a9995","b2bac358-3fed-498b-89cf-29a3df32cd0a","Линзы, формула тонкой линзы","0.95","средняя","inserted"
"169671","0b096faf-c4a8-451c-b02f-c22295a65ea5","30853096-b848-43ec-aa56-8a644cbdb2bf","Электромагнитная индукция (закон Фарадея)","0.95","средняя","inserted"
"126655","43cc0b06-9492-4667-a245-bd17a70e98c6","019020c4-13bf-418c-b366-63bf09d42066","Электромагнитные колебания, колебательный контур","0.95","средняя","inserted"
"136577","5fc59b18-f859-4820-acd6-6166980fbf49","019020c4-13bf-418c-b366-63bf09d42066","Электромагнитные колебания, колебательный контур","0.95","средняя","inserted"
"132447","5f1d384f-0397-4db9-88d2-777004ec0975","30853096-b848-43ec-aa56-8a644cbdb2bf","Электромагнитная индукция (закон Фарадея)","0.95","сложная","inserted"
"136897","66313c72-2cf9-4c83-a966-087f2baf5070","3bfe5c89-607b-4c04-9494-2a091d377e80","Расчёт электрических цепей","0.95","средняя","inserted"
"120761","5ad0dae3-6eab-46ac-b293-5845a725870b","3bfe5c89-607b-4c04-9494-2a091d377e80","Расчёт электрических цепей","0.95","средняя","inserted"
"130533","e854f7a0-7dbd-4f68-9b59-797a87998961","c919b5bc-ba38-4b5a-a766-cb5a7101838c","Дифракция, дифракционная решётка","0.95","средняя","inserted"
"135541","5d6438ac-f0b9-4031-a0e2-91be04b4bd72","cac27515-dcf2-47ac-8e5a-6708e0ac6947","Законы преломления, полное внутреннее отражение","0.95","средняя","inserted"
"136980","6c3a474a-ca77-4f7a-8d3f-acd02e797cbe","1fdbe34f-b66c-4a48-840a-092c1a630f19","Последовательное и параллельное соединение","0.95","средняя","inserted"
"132904","b2157747-3661-4a48-b6fa-948bf3ed90d0","8bbb5507-6364-4078-89d1-a423f766858f","Конденсаторы, электроёмкость","0.95","средняя","inserted"
"138562","9d3b84be-aa9d-4633-bb9f-c0b5b0b947f9","1fdbe34f-b66c-4a48-840a-092c1a630f19","Последовательное и параллельное соединение","0.95","средняя","inserted"
"138784","c2f59974-96a8-4eac-9730-b0b6c6e1dfe7","30853096-b848-43ec-aa56-8a644cbdb2bf","Электромагнитная индукция (закон Фарадея)","0.95","средняя","inserted"
"131017","d5363434-3ff2-4a17-9d44-0022a30df5ad","c919b5bc-ba38-4b5a-a766-cb5a7101838c","Дифракция, дифракционная решётка","0.95","средняя","inserted"
"136199","34bda4ef-1304-49ab-a40d-4c120be6d8eb","1f9ea623-cdb5-44ae-b489-fc488f68326d","Движение заряда в магнитном поле","0.95","средняя","inserted"
"139146","a7dbea89-294e-4501-9e6b-0b9c938890e5","8bbb5507-6364-4078-89d1-a423f766858f","Конденсаторы, электроёмкость","0.95","средняя","inserted"
"139672","aa76ce5a-0924-4aef-a31f-576ec1121c69","3bfe5c89-607b-4c04-9494-2a091d377e80","Расчёт электрических цепей","0.95","средняя","inserted"
"135546","1f2fb2e5-81b6-457a-bfa3-625379c8711a","6be8752a-d9c3-4c46-a5e0-3d86600eacaf","Закон радиоактивного распада","0.95","средняя","inserted"
"138783","585c8c28-19b2-45e5-b54f-ddcd9ac33979","30853096-b848-43ec-aa56-8a644cbdb2bf","Электромагнитная индукция (закон Фарадея)","0.95","средняя","inserted"
"138785","abc8ca5f-273c-4350-9920-80155e0cd289","f9ce1856-4a99-43a2-a5ed-7df990eae730","Интерференция света","0.95","средняя","inserted"
"141707","2c894d39-2fa0-4fc5-808c-eb54fde7e5b7","019020c4-13bf-418c-b366-63bf09d42066","Электромагнитные колебания, колебательный контур","0.95","средняя","inserted"
"136574","4dacfb6c-4abd-438f-9db7-ed003b3ac183","09e6c95c-cb15-4184-985c-193b3f790571","Закон Ома для полной цепи (ЭДС)","0.95","средняя","inserted"
"137152","ba347e0f-e6ae-4620-9c6a-8e9c87e6e502","6358b835-156c-48a0-b1da-6c1a5c34432d","Сила Лоренца","0.95","средняя","inserted"
"138789","c7abe0de-6018-47ef-ae33-0551b6651a30","f9ce1856-4a99-43a2-a5ed-7df990eae730","Интерференция света","0.95","средняя","inserted"
"139159","e3e487f8-f95b-4905-a9be-7ad57063ee8d","30853096-b848-43ec-aa56-8a644cbdb2bf","Электромагнитная индукция (закон Фарадея)","0.95","средняя","inserted"
"143465","8f0a3666-fd6f-4470-8e0a-6d87a3472d4e","019020c4-13bf-418c-b366-63bf09d42066","Электромагнитные колебания, колебательный контур","0.95","средняя","inserted"
"139661","ec22c0bb-359f-4157-a045-75c673ce6f21","7f5b64d2-fed0-494b-b096-68508ddaec58","Сила тока, напряжение, сопротивление","0.95","средняя","inserted"
"143830","da925c8f-83c7-4695-9e43-f64b49e5ba98","019020c4-13bf-418c-b366-63bf09d42066","Электромагнитные колебания, колебательный контур","0.95","средняя","inserted"
"163460","66cc8725-9beb-4f79-a00b-f802612dbd02","019020c4-13bf-418c-b366-63bf09d42066","Электромагнитные колебания, колебательный контур","0.95","средняя","inserted"
"139112","26edbd33-7a65-4126-8345-329de200cceb","b2bac358-3fed-498b-89cf-29a3df32cd0a","Линзы, формула тонкой линзы","0.95","средняя","inserted"
"143862","a60cf8ba-e95a-4df2-87a8-de7b1a2fb2f1","8bbb5507-6364-4078-89d1-a423f766858f","Конденсаторы, электроёмкость","0.95","средняя","inserted"
"155624","b8526b1d-4ac6-4b9d-b1af-53e96a771b72","3bfe5c89-607b-4c04-9494-2a091d377e80","Расчёт электрических цепей","0.95","средняя","inserted"
"14141","ff8a3420-321b-4b63-b826-63042a36d839","1f9ea623-cdb5-44ae-b489-fc488f68326d","Движение заряда в магнитном поле","0.95","средняя","inserted"
"91695","6f93a79e-d364-4e25-ba84-482256768767","6358b835-156c-48a0-b1da-6c1a5c34432d","Сила Лоренца","0.95","средняя","inserted"
"102432","de71f9a4-f5e8-471e-bc47-97cc79281986","1fdbe34f-b66c-4a48-840a-092c1a630f19","Последовательное и параллельное соединение","0.95","средняя","inserted"
"96823","586d7ddb-64e3-445f-a60b-0a998a3c52a7","09e6c95c-cb15-4184-985c-193b3f790571","Закон Ома для полной цепи (ЭДС)","0.95","средняя","inserted"
"15975","e9797298-cb5a-4e2d-b01f-9c3d73089681","019020c4-13bf-418c-b366-63bf09d42066","Электромагнитные колебания, колебательный контур","0.95","средняя","inserted"
"129319","5291c6f5-e2eb-40cf-939a-d171820fcef3","8bbb5507-6364-4078-89d1-a423f766858f","Конденсаторы, электроёмкость","0.95","лёгкая","inserted"
"14139","4202fe2f-54a4-428f-a5ed-64867fc90914","6358b835-156c-48a0-b1da-6c1a5c34432d","Сила Лоренца","0.95","средняя","inserted"
"141193","2a2cb05b-1192-4b82-9e03-97185d100357","6358b835-156c-48a0-b1da-6c1a5c34432d","Сила Лоренца","0.95","сложная","inserted"
"96018","a4e71fed-b580-430d-9aea-4916c9b75b04","09e6c95c-cb15-4184-985c-193b3f790571","Закон Ома для полной цепи (ЭДС)","0.95","средняя","inserted"
"103247","488ee309-3ca9-4e61-bd6c-3e8802a7140f","7f5b64d2-fed0-494b-b096-68508ddaec58","Сила тока, напряжение, сопротивление","0.95","средняя","inserted"
"102172","4dd426a4-5d0f-48c7-8081-cd111b05f55e","cac27515-dcf2-47ac-8e5a-6708e0ac6947","Законы преломления, полное внутреннее отражение","0.95","средняя","inserted"
"102240","6b6748b9-1e9f-4f44-952d-696a6704cd46","09e6c95c-cb15-4184-985c-193b3f790571","Закон Ома для полной цепи (ЭДС)","0.95","лёгкая","inserted"
"96678","f08ff546-8d94-4b2b-a21d-91c1f05b5981","c919b5bc-ba38-4b5a-a766-cb5a7101838c","Дифракция, дифракционная решётка","0.95","средняя","inserted"
"166464","af47fbd1-59b7-43e3-86c6-1d093ed08051","cac27515-dcf2-47ac-8e5a-6708e0ac6947","Законы преломления, полное внутреннее отражение","0.95","средняя","inserted"
"14140","78658e87-d300-4f4d-9ee8-2f1f01128c0c","1f9ea623-cdb5-44ae-b489-fc488f68326d","Движение заряда в магнитном поле","0.95","средняя","inserted"
"102724","6aacd073-9adb-4415-9ab9-ce773f50a277","1f9ea623-cdb5-44ae-b489-fc488f68326d","Движение заряда в магнитном поле","0.95","средняя","inserted"
"92330","49b4f2bf-a705-4382-aace-2b5612d4ec5a","6358b835-156c-48a0-b1da-6c1a5c34432d","Сила Лоренца","0.95","средняя","inserted"
"92494","9ef8d810-859c-43fa-a126-25ecbb1d5e1d","6358b835-156c-48a0-b1da-6c1a5c34432d","Сила Лоренца","0.95","средняя","inserted"
"104269","4feef1a9-21f8-4de0-938c-7cd7e683b0b3","019020c4-13bf-418c-b366-63bf09d42066","Электромагнитные колебания, колебательный контур","0.95","средняя","inserted"
"94359","2aef0028-6036-4377-9fa7-fcccec5e9d5e","019020c4-13bf-418c-b366-63bf09d42066","Электромагнитные колебания, колебательный контур","0.95","средняя","inserted"
"91623","5f7b8f3c-6e6b-4fa6-9a2e-5f5d2ffecff3","019020c4-13bf-418c-b366-63bf09d42066","Электромагнитные колебания, колебательный контур","0.95","средняя","inserted"
"104268","c0c6c3c6-f58d-485d-b037-7a1637c7ba96","019020c4-13bf-418c-b366-63bf09d42066","Электромагнитные колебания, колебательный контур","0.95","средняя","inserted"
"120747","2f5fcce8-67d6-4bbd-b235-4893e70d888d","019020c4-13bf-418c-b366-63bf09d42066","Электромагнитные колебания, колебательный контур","0.95","средняя","inserted"
"121353","d0c5628b-aa6f-44d4-8e47-bdc7ca52110e","09e6c95c-cb15-4184-985c-193b3f790571","Закон Ома для полной цепи (ЭДС)","0.95","средняя","inserted"
"126478","d1cb6ba9-edb0-482a-b321-8070bfb9024f","b2bac358-3fed-498b-89cf-29a3df32cd0a","Линзы, формула тонкой линзы","0.95","средняя","inserted"
"132907","4ef5a2fa-3d26-4a32-be00-2a7fa8e75d22","b2bac358-3fed-498b-89cf-29a3df32cd0a","Линзы, формула тонкой линзы","0.95","средняя","inserted"
"137151","06ed9a1e-70c5-4006-9413-f2d67085f6a5","1f9ea623-cdb5-44ae-b489-fc488f68326d","Движение заряда в магнитном поле","0.95","средняя","inserted"
"134288","721fbcd4-6f44-42b7-b87c-26656258ae53","019020c4-13bf-418c-b366-63bf09d42066","Электромагнитные колебания, колебательный контур","0.95","средняя","inserted"
"138171","e1d00809-6593-4ae8-b20e-ca1701a19aa9","1fdbe34f-b66c-4a48-840a-092c1a630f19","Последовательное и параллельное соединение","0.95","средняя","inserted"
"147039","eb0e7d64-50ab-405c-b1d3-43f42bd2f85d","019020c4-13bf-418c-b366-63bf09d42066","Электромагнитные колебания, колебательный контур","0.95","средняя","inserted"
"139147","aecca160-f19f-4265-bd78-3251ca50161e","8bbb5507-6364-4078-89d1-a423f766858f","Конденсаторы, электроёмкость","0.95","лёгкая","inserted"
"139144","4a332536-dcdd-4d24-bded-29e11f3fa67a","cac27515-dcf2-47ac-8e5a-6708e0ac6947","Законы преломления, полное внутреннее отражение","0.95","средняя","inserted"
"139666","5396991b-43cf-44c3-9f8f-dc25e21803ba","3bfe5c89-607b-4c04-9494-2a091d377e80","Расчёт электрических цепей","0.95","сложная","inserted"
"130451","7b2d0c93-f82b-4e64-926d-0be7d6105828","a6a98484-26be-483d-a4a9-374b0fc40134","Работа и мощность тока, закон Джоуля-Ленца","0.88","средняя","inserted"
"140718","b8286ac3-a3ca-4642-9760-d5997ef1b8d6","15e4b0bf-a396-4f7b-a4e1-52e0dbb7c71f","Работа электрического поля","0.95","сложная","inserted"
"96098","869a073e-afcd-4ee8-9896-1b4921a7e5b6","1f9ea623-cdb5-44ae-b489-fc488f68326d","Движение заряда в магнитном поле","0.95","средняя","inserted"
"12482","db0bf160-5fa6-465a-a281-0b1a1917cca6","92c499aa-3df6-4335-a036-24219b611408","Основное уравнение МКТ","0.95","сложная","inserted"
"17847","149f49ef-ecff-48e8-8554-3c92592f8561","6358b835-156c-48a0-b1da-6c1a5c34432d","Сила Лоренца","0.95","средняя","inserted"
"14253","66d1c113-0a4d-465d-b7c6-1613c82d349d","b2bac358-3fed-498b-89cf-29a3df32cd0a","Линзы, формула тонкой линзы","0.95","средняя","inserted"
"160160","e3bb16fa-a050-46fc-a68a-7ceb43e0f10a","019020c4-13bf-418c-b366-63bf09d42066","Электромагнитные колебания, колебательный контур","0.95","средняя","inserted"
"130534","05b7d515-6236-477c-8f15-18bb530961f4","15e4b0bf-a396-4f7b-a4e1-52e0dbb7c71f","Работа электрического поля","0.9","средняя","inserted"
"94087","2c1c3166-f9e6-410c-a98a-a2b557a16838","b2bac358-3fed-498b-89cf-29a3df32cd0a","Линзы, формула тонкой линзы","0.95","средняя","inserted"
"137140","764498d4-91f6-4987-a316-dda0cc7d8107","282a35f4-efda-46c0-b9f4-73120001845d","Напряжённость электрического поля","0.95","средняя","inserted"
"149606","d2ca70d6-6d27-4da0-a8f6-df1eb09e56ee","b2bac358-3fed-498b-89cf-29a3df32cd0a","Линзы, формула тонкой линзы","0.95","средняя","inserted"
"11979","b61da9fb-7daa-457a-832e-7204bf4e1797","09e6c95c-cb15-4184-985c-193b3f790571","Закон Ома для полной цепи (ЭДС)","0.95","лёгкая","inserted"
"166428","617b3845-2e90-410d-b531-7d01a4da0f1b","019020c4-13bf-418c-b366-63bf09d42066","Электромагнитные колебания, колебательный контур","0.95","средняя","inserted"
"135425","4718d50d-4b85-4c01-85df-d5044b85e5c4","6358b835-156c-48a0-b1da-6c1a5c34432d","Сила Лоренца","0.95","средняя","inserted"
"11976","afde7a17-c560-4558-a4e6-d85e4d0f890f","dc496a1c-70de-4c40-8cb0-e0d1641ec5db","Энергия электрического поля","0.95","средняя","inserted"
"166458","a6e30172-14ac-48a7-8dee-e011a7f08a19","019020c4-13bf-418c-b366-63bf09d42066","Электромагнитные колебания, колебательный контур","0.95","средняя","inserted"
"131021","cda9f804-08ae-4ca6-ba24-47b302e2debd","30853096-b848-43ec-aa56-8a644cbdb2bf","Электромагнитная индукция (закон Фарадея)","0.95","средняя","inserted"
"155763","fedb447b-f8e5-4a2e-9ce0-dab71eee6f43","09e6c95c-cb15-4184-985c-193b3f790571","Закон Ома для полной цепи (ЭДС)","0.95","средняя","inserted"
"175297","4e0deac7-23af-4af1-b2aa-5f4c24480d55","7f5b64d2-fed0-494b-b096-68508ddaec58","Сила тока, напряжение, сопротивление","0.95","средняя","inserted"
"159037","aaf8aaf2-a69c-42a7-966a-6ee73bfcf513","6358b835-156c-48a0-b1da-6c1a5c34432d","Сила Лоренца","0.95","средняя","inserted"
"134201","8c25864d-75e7-443b-a951-1976e3c52a31","1f9ea623-cdb5-44ae-b489-fc488f68326d","Движение заряда в магнитном поле","0.95","средняя","inserted"
"163387","f8584322-9998-4fc3-b2b3-7c9332abfdfc","019020c4-13bf-418c-b366-63bf09d42066","Электромагнитные колебания, колебательный контур","0.95","средняя","inserted"
"166462","9e6da8ea-3b6c-4e5a-a149-f7cd0bc1ce8d","cac27515-dcf2-47ac-8e5a-6708e0ac6947","Законы преломления, полное внутреннее отражение","0.95","лёгкая","inserted"
"130450","316f3dcb-9d15-4972-ad62-6e21b01974b8","c919b5bc-ba38-4b5a-a766-cb5a7101838c","Дифракция, дифракционная решётка","0.95","средняя","inserted"
"135426","2fac98c4-46ec-454a-b664-7ee41196d48a","cac27515-dcf2-47ac-8e5a-6708e0ac6947","Законы преломления, полное внутреннее отражение","0.95","средняя","inserted"
"133200","fe5505f0-7cc1-49f5-b2db-140530017321","b2bac358-3fed-498b-89cf-29a3df32cd0a","Линзы, формула тонкой линзы","0.95","средняя","inserted"
"135538","380d913a-9c78-442f-9c19-8e119a194350","1f9ea623-cdb5-44ae-b489-fc488f68326d","Движение заряда в магнитном поле","0.95","средняя","inserted"
"138616","8073e642-ba62-40b6-a11b-c5ab59a56298","019020c4-13bf-418c-b366-63bf09d42066","Электромагнитные колебания, колебательный контур","0.95","средняя","inserted"
"139145","96f64ef0-9d63-4202-966c-455d6d73509d","cac27515-dcf2-47ac-8e5a-6708e0ac6947","Законы преломления, полное внутреннее отражение","0.95","средняя","inserted"
"139663","6e1f4bb1-d2cc-413d-b395-944bc4007a8e","7f5b64d2-fed0-494b-b096-68508ddaec58","Сила тока, напряжение, сопротивление","0.95","средняя","inserted"
"141192","bc4e13eb-030e-4cdd-a0d2-6423ede1128d","b2bac358-3fed-498b-89cf-29a3df32cd0a","Линзы, формула тонкой линзы","0.95","средняя","inserted"
"15982","d8670d9c-320f-4d9c-8acc-b881995a0f1e","019020c4-13bf-418c-b366-63bf09d42066","Электромагнитные колебания, колебательный контур","0.95","средняя","inserted"
"13680","f0794e8b-b762-49a5-a98e-a070eafe996b","d927dfc1-ef7c-41b9-9f78-44f3c1254486","Фотоэффект, уравнение Эйнштейна","0.95","средняя","inserted"
"39738","ad3c0348-d3db-4399-bf80-0c8cbf64c472","d927dfc1-ef7c-41b9-9f78-44f3c1254486","Фотоэффект, уравнение Эйнштейна","0.95","средняя","inserted"
"55069","bfa96e1b-a88f-4d31-88ef-311a26762cc9","d927dfc1-ef7c-41b9-9f78-44f3c1254486","Фотоэффект, уравнение Эйнштейна","0.95","средняя","inserted"
"13682","ebb3700d-3768-4415-b681-2c54217c8b07","d927dfc1-ef7c-41b9-9f78-44f3c1254486","Фотоэффект, уравнение Эйнштейна","0.95","средняя","inserted"
"64223","6ac8c21d-039f-4ffc-aa51-6ad4bf5fcf92","23737c94-15b4-4f02-beed-53450abd7608","Фотоны, энергия и импульс фотона","0.95","лёгкая","inserted"
"84084","3d31cb0b-4339-43b5-8d06-429884cce02b","d927dfc1-ef7c-41b9-9f78-44f3c1254486","Фотоэффект, уравнение Эйнштейна","0.95","средняя","inserted"
"12487","db30c816-74a0-4134-bdb9-1ddd6838d0b5","973e904d-33c9-494b-b3da-4c34a48b4b20","Внутренняя энергия газа","0.95","средняя","inserted"
"13716","f31541d6-1b7b-43f2-a93b-a9509bb10d94","d927dfc1-ef7c-41b9-9f78-44f3c1254486","Фотоэффект, уравнение Эйнштейна","0.95","средняя","inserted"
"84272","f430bd26-7426-4a11-b3fa-b3945092bec7","d927dfc1-ef7c-41b9-9f78-44f3c1254486","Фотоэффект, уравнение Эйнштейна","0.95","средняя","inserted"
"175278","f2070dbb-6aa7-48eb-b8ea-9790d1516cdd","d927dfc1-ef7c-41b9-9f78-44f3c1254486","Фотоэффект, уравнение Эйнштейна","0.95","средняя","inserted"
"13942","71a8edb7-95b2-4f3d-8ed3-b0b8af269c79","23737c94-15b4-4f02-beed-53450abd7608","Фотоны, энергия и импульс фотона","0.95","средняя","inserted"
"17851","5fd824a8-5c94-4ff4-8382-da8f2f39a91c","d927dfc1-ef7c-41b9-9f78-44f3c1254486","Фотоэффект, уравнение Эйнштейна","0.95","средняя","inserted"
"175293","b029d96d-16f1-4e1f-8d8b-21e3dee2bd52","d927dfc1-ef7c-41b9-9f78-44f3c1254486","Фотоэффект, уравнение Эйнштейна","0.95","средняя","inserted"
"175299","bcff7814-5424-495e-85e6-2100c78bd26c","d927dfc1-ef7c-41b9-9f78-44f3c1254486","Фотоэффект, уравнение Эйнштейна","0.95","средняя","inserted"
"13706","dec2b7de-e6b3-42f4-bd61-71e2af711a52","d927dfc1-ef7c-41b9-9f78-44f3c1254486","Фотоэффект, уравнение Эйнштейна","0.95","средняя","inserted"
"177415","948f6180-ba0e-4e1b-a354-25ca36961900","d927dfc1-ef7c-41b9-9f78-44f3c1254486","Фотоэффект, уравнение Эйнштейна","0.95","средняя","inserted"
"34595","61b18b45-715c-4eec-a4e7-02864298d4ed","d927dfc1-ef7c-41b9-9f78-44f3c1254486","Фотоэффект, уравнение Эйнштейна","0.95","средняя","inserted"
"55072","4694fe39-779b-4b24-b455-cc35304dc792","d927dfc1-ef7c-41b9-9f78-44f3c1254486","Фотоэффект, уравнение Эйнштейна","0.95","средняя","inserted"
"167944","4d3e7220-7d03-45b6-ad0c-051fcad7dccd","77f30a76-213f-4e80-b0dd-b296539dcaa3","Уравнение состояния идеального газа (Менделеева-Клапейрона)","0.95","средняя","inserted"
"112696","d376db43-e409-4e5c-b45b-ff3e955f4d8b","d927dfc1-ef7c-41b9-9f78-44f3c1254486","Фотоэффект, уравнение Эйнштейна","0.95","средняя","inserted"
"136757","c2e53185-ee1f-4c31-9d18-37d15b2f9ca9","d927dfc1-ef7c-41b9-9f78-44f3c1254486","Фотоэффект, уравнение Эйнштейна","0.95","средняя","inserted"
"55074","736815c9-a8aa-4ed5-adfe-ff9aafb68be6","eaafc38d-1303-4dde-b415-305b21bbc419","Радиоактивность, виды распада","0.95","лёгкая","inserted"
"96926","842be967-70bc-4d87-84eb-3f421cf7f1c5","d927dfc1-ef7c-41b9-9f78-44f3c1254486","Фотоэффект, уравнение Эйнштейна","0.95","средняя","inserted"
"92497","ce092812-6741-4eee-8cf9-52eba2b2cfa6","eaafc38d-1303-4dde-b415-305b21bbc419","Радиоактивность, виды распада","0.95","средняя","inserted"
"166282","543f7f29-4ef0-4bb0-bf9c-00fd50f13c2c","40d2bec6-9540-46db-a205-e5a12af28ab8","Постулаты Бора, спектры","0.95","средняя","inserted"
"102174","677cfe48-5ad0-42fe-93bf-3a71055e8895","40d2bec6-9540-46db-a205-e5a12af28ab8","Постулаты Бора, спектры","0.95","средняя","inserted"
"13709","fda182b5-7b36-4dad-88b1-332eaf642c3b","eaafc38d-1303-4dde-b415-305b21bbc419","Радиоактивность, виды распада","0.95","лёгкая","inserted"
"13705","47c0efeb-c715-40d2-a6b8-053efe4fceed","463ba2b2-713f-4a9c-87a1-68e46a8f0dbd","Строение атома","0.95","лёгкая","inserted"
"94028","64097145-59e5-4a00-a20d-f4840b44443a","d927dfc1-ef7c-41b9-9f78-44f3c1254486","Фотоэффект, уравнение Эйнштейна","0.95","средняя","inserted"
"117335","e85adafc-f654-40f6-8a1c-d6e49708f5f1","40d2bec6-9540-46db-a205-e5a12af28ab8","Постулаты Бора, спектры","0.95","средняя","inserted"
"96193","4976ee02-bed7-4233-a883-e8413a77bffc","eaafc38d-1303-4dde-b415-305b21bbc419","Радиоактивность, виды распада","0.95","средняя","inserted"
"13715","cb13802d-c782-4783-a0fd-664ab0576ae2","d927dfc1-ef7c-41b9-9f78-44f3c1254486","Фотоэффект, уравнение Эйнштейна","0.95","средняя","inserted"
"60875","e1b32e0f-00cd-4473-9638-ca073fff09e5","eaafc38d-1303-4dde-b415-305b21bbc419","Радиоактивность, виды распада","0.95","лёгкая","inserted"
"141126","0ef958ce-1f55-44fe-841d-e89d47dbda41","61ebc2e0-9d14-4f93-ae46-8943bb279889","Влажность воздуха","0.95","средняя","inserted"
"121882","d7cb0a00-11a1-4d9a-9417-aacdffca7eb1","40d2bec6-9540-46db-a205-e5a12af28ab8","Постулаты Бора, спектры","0.95","средняя","inserted"
"55077","78a63096-c0e0-4acd-9e32-e68c17e53bf7","40d2bec6-9540-46db-a205-e5a12af28ab8","Постулаты Бора, спектры","0.95","средняя","inserted"
"13711","e8921728-6701-49f4-8e1e-cc27dc4ff750","eaafc38d-1303-4dde-b415-305b21bbc419","Радиоактивность, виды распада","0.95","средняя","inserted"
"169038","1e017694-7b65-4d0d-8f68-7375ad9ed812","d927dfc1-ef7c-41b9-9f78-44f3c1254486","Фотоэффект, уравнение Эйнштейна","0.95","лёгкая","inserted"
"159039","95f0021b-ec95-4012-a3fa-f6da43165b01","40d2bec6-9540-46db-a205-e5a12af28ab8","Постулаты Бора, спектры","0.95","средняя","inserted"
"55073","2a5ba242-92fe-41f3-ae77-169baf1e5e2d","d927dfc1-ef7c-41b9-9f78-44f3c1254486","Фотоэффект, уравнение Эйнштейна","0.95","средняя","inserted"
"125575","58dc9773-e2a4-423c-ae4b-8a49358da8f9","d927dfc1-ef7c-41b9-9f78-44f3c1254486","Фотоэффект, уравнение Эйнштейна","0.95","средняя","inserted"
"158791","0b831e31-51be-4d7f-8889-06ce651dcef9","40d2bec6-9540-46db-a205-e5a12af28ab8","Постулаты Бора, спектры","0.95","средняя","inserted"
"168656","ea687a7e-92e1-4bd0-9c69-b348e3ca9119","eaafc38d-1303-4dde-b415-305b21bbc419","Радиоактивность, виды распада","0.95","лёгкая","inserted"
"65072","3b624ea8-d4a0-4ae1-a2cb-a649d3665d4a","77f30a76-213f-4e80-b0dd-b296539dcaa3","Уравнение состояния идеального газа (Менделеева-Клапейрона)","0.95","средняя","inserted"
"94749","a0b1d3b8-4a3f-4b6f-9321-f4a9b12a225b","d927dfc1-ef7c-41b9-9f78-44f3c1254486","Фотоэффект, уравнение Эйнштейна","0.95","средняя","inserted"
"177343","2602f3f2-67c3-46ec-871a-efdcde6219f8","eaafc38d-1303-4dde-b415-305b21bbc419","Радиоактивность, виды распада","0.95","лёгкая","inserted"
"158953","db90426c-4801-448b-86cf-57e9d966e448","a61293f9-8a4a-4a9d-836c-fb1d617bf961","Графики движения (x-t, v-t, a-t)","0.95","средняя","inserted"
"104575","38133903-c5b9-4567-bc22-4648be1e3d5a","77baf1e0-84d8-4933-b4d4-c520df7559a1","Импульс, закон сохранения импульса","0.95","средняя","inserted"
"102959","122198ae-fca4-49e0-9908-09be347422dd","a61293f9-8a4a-4a9d-836c-fb1d617bf961","Графики движения (x-t, v-t, a-t)","0.9","средняя","inserted"
"102435","0131a554-6744-4cdc-818b-65bd4e27420a","d927dfc1-ef7c-41b9-9f78-44f3c1254486","Фотоэффект, уравнение Эйнштейна","0.95","средняя","inserted"
"158965","65154a45-2428-4253-9660-de54726e6492","40d2bec6-9540-46db-a205-e5a12af28ab8","Постулаты Бора, спектры","0.95","средняя","inserted"
"171900","62ac4682-20af-4344-95a8-67716118ef97","40d2bec6-9540-46db-a205-e5a12af28ab8","Постулаты Бора, спектры","0.95","средняя","inserted"
"97909","3c1c193a-2263-47a2-ba07-d8ccb2e0b67e","eaafc38d-1303-4dde-b415-305b21bbc419","Радиоактивность, виды распада","0.95","средняя","inserted"
"22875","93ad0a61-e20c-497f-acfc-8478e669ea2f","974157bd-672d-4fdb-88ea-512fd28a599e","Постулаты СТО","0.95","средняя","inserted"
"95173","1d01d4b4-5fdf-4b8d-88a5-f28aa75e4585","d927dfc1-ef7c-41b9-9f78-44f3c1254486","Фотоэффект, уравнение Эйнштейна","0.95","средняя","inserted"
"98131","69c46794-c4dc-49dd-b7d6-3a2519d50f46","8e093a3f-e645-453a-b616-ce80c86b785b","Ядерные реакции","0.95","лёгкая","inserted"
"96023","c75ce0a2-5243-45d4-b5e2-c1bf642db3ee","d927dfc1-ef7c-41b9-9f78-44f3c1254486","Фотоэффект, уравнение Эйнштейна","0.95","средняя","inserted"
"120763","27b99051-68eb-44fa-9898-0b0b69773326","d927dfc1-ef7c-41b9-9f78-44f3c1254486","Фотоэффект, уравнение Эйнштейна","0.95","средняя","inserted"
"132911","1b36d3bb-3963-44c9-bebc-15c29a915817","6be8752a-d9c3-4c46-a5e0-3d86600eacaf","Закон радиоактивного распада","0.95","средняя","inserted"
"96355","ebb5dcb1-205e-47fd-a553-9f4a1e5144e2","d927dfc1-ef7c-41b9-9f78-44f3c1254486","Фотоэффект, уравнение Эйнштейна","0.95","средняя","inserted"
"22874","1ddc4a46-f662-4fa7-946e-8c2c763a6cb0","974157bd-672d-4fdb-88ea-512fd28a599e","Постулаты СТО","0.95","средняя","inserted"
"126494","3172aa7f-1f5d-4e25-98c4-ad2721de0ace","d927dfc1-ef7c-41b9-9f78-44f3c1254486","Фотоэффект, уравнение Эйнштейна","0.95","средняя","inserted"
"22877","6f630a1e-21e6-4039-a39e-f0ca24b6a335","8e093a3f-e645-453a-b616-ce80c86b785b","Ядерные реакции","0.95","сложная","inserted"
"109856","307c825f-88ad-471d-a53e-f26c40733f7e","eaafc38d-1303-4dde-b415-305b21bbc419","Радиоактивность, виды распада","0.95","средняя","inserted"
"109854","036d2b12-87fb-482d-859c-233b4d417b96","463ba2b2-713f-4a9c-87a1-68e46a8f0dbd","Строение атома","0.95","лёгкая","inserted"
"130457","696e72b1-07bc-4cbf-b568-0cda4f23f02b","eaafc38d-1303-4dde-b415-305b21bbc419","Радиоактивность, виды распада","0.95","средняя","inserted"
"126660","4b9f9e17-d3ed-402d-be20-177991cbfdbf","d927dfc1-ef7c-41b9-9f78-44f3c1254486","Фотоэффект, уравнение Эйнштейна","0.95","средняя","inserted"
"138178","b660f5b3-de8a-446a-b5e2-81ee7d226795","d927dfc1-ef7c-41b9-9f78-44f3c1254486","Фотоэффект, уравнение Эйнштейна","0.95","средняя","inserted"
"131029","eedc9f6c-8ec7-408a-96a2-4813be2027a7","d927dfc1-ef7c-41b9-9f78-44f3c1254486","Фотоэффект, уравнение Эйнштейна","0.95","средняя","inserted"
"138675","22e1174b-03d7-48dd-a0b7-6f82de0165b4","23737c94-15b4-4f02-beed-53450abd7608","Фотоны, энергия и импульс фотона","0.95","лёгкая","inserted"
"155628","62e77225-4321-4c07-bdcc-b2f04674b757","8e093a3f-e645-453a-b616-ce80c86b785b","Ядерные реакции","0.95","лёгкая","inserted"
"132455","bd960c3b-0cce-4b9e-baa5-fab4f9f50178","d927dfc1-ef7c-41b9-9f78-44f3c1254486","Фотоэффект, уравнение Эйнштейна","0.95","средняя","inserted"
"138832","812dcf36-a293-4b89-90b1-82b31b4bc5bb","40d2bec6-9540-46db-a205-e5a12af28ab8","Постулаты Бора, спектры","0.95","средняя","inserted"
"141711","bfff4063-bafa-4cf1-9ad7-f51e83c1f31b","40d2bec6-9540-46db-a205-e5a12af28ab8","Постулаты Бора, спектры","0.95","средняя","inserted"
"137286","6b574112-6611-4311-a352-d42ff7e757a8","d927dfc1-ef7c-41b9-9f78-44f3c1254486","Фотоэффект, уравнение Эйнштейна","0.95","средняя","inserted"
"139173","2864b1ae-a0a9-4333-9faa-3336b8b521a6","40d2bec6-9540-46db-a205-e5a12af28ab8","Постулаты Бора, спектры","0.95","средняя","inserted"
"138620","dc0febeb-54e2-469a-b8b0-91b363369e1d","23737c94-15b4-4f02-beed-53450abd7608","Фотоны, энергия и импульс фотона","0.95","лёгкая","inserted"
"126546","8c8b43b3-12be-4e31-8fbb-abea69da68a3","77f30a76-213f-4e80-b0dd-b296539dcaa3","Уравнение состояния идеального газа (Менделеева-Клапейрона)","0.95","средняя","inserted"
"143875","1748d26b-c65d-4d37-b10f-b91e019345a7","40d2bec6-9540-46db-a205-e5a12af28ab8","Постулаты Бора, спектры","0.95","средняя","inserted"
"155766","6ac4fe82-339b-40ed-80cb-9b4944d8fe8f","eaafc38d-1303-4dde-b415-305b21bbc419","Радиоактивность, виды распада","0.95","лёгкая","inserted"
"138840","23584360-bde8-42f2-98ce-0f38ba8c4a56","40d2bec6-9540-46db-a205-e5a12af28ab8","Постулаты Бора, спектры","0.95","средняя","inserted"
"143473","524df5d5-dbad-4325-a51a-4b9c7d87e5fc","40d2bec6-9540-46db-a205-e5a12af28ab8","Постулаты Бора, спектры","0.95","средняя","inserted"
"163468","c319b5fe-602b-48d2-92e0-f4ccdb2a1961","40d2bec6-9540-46db-a205-e5a12af28ab8","Постулаты Бора, спектры","0.95","средняя","inserted"
"143833","d55e8e77-07c4-4e62-87c2-ce4c1b68864d","d927dfc1-ef7c-41b9-9f78-44f3c1254486","Фотоэффект, уравнение Эйнштейна","0.95","средняя","inserted"
"13683","6bf278af-e53d-4682-8e88-c5bbd168a4a1","d927dfc1-ef7c-41b9-9f78-44f3c1254486","Фотоэффект, уравнение Эйнштейна","0.95","средняя","inserted"
"28084","0c2132c0-6295-4837-8857-bd4ca05cc019","40d2bec6-9540-46db-a205-e5a12af28ab8","Постулаты Бора, спектры","0.95","средняя","inserted"
"109852","8b093fa9-d060-4182-8679-c94813c3698c","d927dfc1-ef7c-41b9-9f78-44f3c1254486","Фотоэффект, уравнение Эйнштейна","0.95","средняя","inserted"
"85584","fb2f1923-6742-4133-b3fc-bea5dd99fcde","63286143-8bd2-4207-abf6-a0633f570716","Агрегатные переходы (плавление, парообразование)","0.95","средняя","inserted"
"109851","ef5e8f86-c16a-43cb-b293-d2bad94e85c1","d927dfc1-ef7c-41b9-9f78-44f3c1254486","Фотоэффект, уравнение Эйнштейна","0.95","средняя","inserted"
"117357","26e722ba-bfa8-4d4f-be83-acf9eedd36d8","d927dfc1-ef7c-41b9-9f78-44f3c1254486","Фотоэффект, уравнение Эйнштейна","0.95","средняя","inserted"
"84376","ee64af99-d059-4071-ae39-b3a8d8af9ba1","d927dfc1-ef7c-41b9-9f78-44f3c1254486","Фотоэффект, уравнение Эйнштейна","0.95","средняя","inserted"
"95876","18d321f9-de1a-46da-883d-b2c3215b7934","d927dfc1-ef7c-41b9-9f78-44f3c1254486","Фотоэффект, уравнение Эйнштейна","0.95","средняя","inserted"
"65201","d7b33c45-b1b8-4c3c-9a73-06e89ff0b1a5","40d2bec6-9540-46db-a205-e5a12af28ab8","Постулаты Бора, спектры","0.95","средняя","inserted"
"65221","609e9d53-5a8a-4d52-a506-cb8e53dd873c","eaafc38d-1303-4dde-b415-305b21bbc419","Радиоактивность, виды распада","0.95","лёгкая","inserted"
"55081","9ea677a3-dea1-4de7-ae15-502939042160","d927dfc1-ef7c-41b9-9f78-44f3c1254486","Фотоэффект, уравнение Эйнштейна","0.95","средняя","inserted"
"34616","66239dff-44b4-45c8-8924-b68efed9e905","d927dfc1-ef7c-41b9-9f78-44f3c1254486","Фотоэффект, уравнение Эйнштейна","0.95","средняя","inserted"
"86009","f6356fbd-9613-428f-9b19-388417c5c564","23737c94-15b4-4f02-beed-53450abd7608","Фотоны, энергия и импульс фотона","0.95","средняя","inserted"
"84981","b19ef738-e2d0-4614-adb0-84959acfb5bb","d927dfc1-ef7c-41b9-9f78-44f3c1254486","Фотоэффект, уравнение Эйнштейна","0.95","средняя","inserted"
"178853","1bef12e0-d0f1-4102-9683-5f9561da4087","eaafc38d-1303-4dde-b415-305b21bbc419","Радиоактивность, виды распада","0.95","средняя","inserted"
"13712","6c161e88-cbb2-4e34-90fa-2c62dfa1864d","eaafc38d-1303-4dde-b415-305b21bbc419","Радиоактивность, виды распада","0.95","средняя","inserted"
"22878","7a843e57-54cb-4569-bf4d-efd0ba75f155","8a274bd8-b1fb-4d38-96c1-b8070295f519","Энергия связи, дефект массы","0.95","сложная","inserted"
"133212","a7163045-62b2-4aac-9f59-4d4c468ecd76","6be8752a-d9c3-4c46-a5e0-3d86600eacaf","Закон радиоактивного распада","0.95","средняя","inserted"
"92307","815d469e-d8eb-4380-b2e8-e9ecfc7f96f6","40d2bec6-9540-46db-a205-e5a12af28ab8","Постулаты Бора, спектры","0.95","средняя","inserted"
"84920","9682fb50-e74c-4511-8338-89b342dfbcc8","8e093a3f-e645-453a-b616-ce80c86b785b","Ядерные реакции","0.95","средняя","inserted"
"92332","22d3822c-5beb-40a3-86a1-aef10cbcc7b1","eaafc38d-1303-4dde-b415-305b21bbc419","Радиоактивность, виды распада","0.95","средняя","inserted"
"121355","ae95501e-81ae-4772-ac56-696012a50a44","d927dfc1-ef7c-41b9-9f78-44f3c1254486","Фотоэффект, уравнение Эйнштейна","0.95","средняя","inserted"
"65100","6253683c-5c3c-4ed5-beca-791876f35ce9","40d2bec6-9540-46db-a205-e5a12af28ab8","Постулаты Бора, спектры","0.95","средняя","inserted"
"22876","6aac4186-226a-49cd-b157-823b5baea694","974157bd-672d-4fdb-88ea-512fd28a599e","Постулаты СТО","0.95","сложная","inserted"
"104274","a2d2b3de-62e1-4d3e-955d-77134c66d7bc","d927dfc1-ef7c-41b9-9f78-44f3c1254486","Фотоэффект, уравнение Эйнштейна","0.95","средняя","inserted"
"13714","64c94f3c-a59b-4768-8986-ca46bbeaa74c","40d2bec6-9540-46db-a205-e5a12af28ab8","Постулаты Бора, спектры","0.95","средняя","inserted"
"22872","2f7317da-1965-4a05-ba68-0d1c0685faf3","081301da-90bb-4204-b415-bbf16197ae48","Релятивистские эффекты (замедление времени, сокращение длины)","0.95","средняя","inserted"
"130563","9ab5ff0a-ad15-497e-821d-15a42a7ad90d","8e093a3f-e645-453a-b616-ce80c86b785b","Ядерные реакции","0.95","лёгкая","inserted"
"136986","4e196ea8-e216-4eb3-ac37-d922197e28cb","40d2bec6-9540-46db-a205-e5a12af28ab8","Постулаты Бора, спектры","0.95","средняя","inserted"
"141196","137bee80-a80b-4c78-8d72-6760038168c7","6be8752a-d9c3-4c46-a5e0-3d86600eacaf","Закон радиоактивного распада","0.95","средняя","inserted"
"109857","8c508369-37b0-4660-a8c3-aa258b384674","8e093a3f-e645-453a-b616-ce80c86b785b","Ядерные реакции","0.95","лёгкая","inserted"
"146779","62105ea0-702c-469c-908c-d84084a20e0c","d927dfc1-ef7c-41b9-9f78-44f3c1254486","Фотоэффект, уравнение Эйнштейна","0.95","средняя","inserted"
"163390","b040f2ac-2160-4091-b9a3-acfb65d386da","40d2bec6-9540-46db-a205-e5a12af28ab8","Постулаты Бора, спектры","0.95","средняя","inserted"
"136951","b7c649ce-3dc0-401b-b743-0ee8432345da","d927dfc1-ef7c-41b9-9f78-44f3c1254486","Фотоэффект, уравнение Эйнштейна","0.95","средняя","inserted"
"139162","f8d68008-09f7-47ec-a10f-d7e453379156","6be8752a-d9c3-4c46-a5e0-3d86600eacaf","Закон радиоактивного распада","0.95","средняя","inserted"
"136900","1ea735ea-e6fc-40dc-b2af-9b422c6a4025","40d2bec6-9540-46db-a205-e5a12af28ab8","Постулаты Бора, спектры","0.95","средняя","inserted"
"64439","447ca7e9-42be-439f-abbe-c68f60fdd87b","d927dfc1-ef7c-41b9-9f78-44f3c1254486","Фотоэффект, уравнение Эйнштейна","0.95","средняя","inserted"
"13713","13b8a775-b279-4660-a4a1-482ee19da6bc","40d2bec6-9540-46db-a205-e5a12af28ab8","Постулаты Бора, спектры","0.95","средняя","inserted"
"109853","40ac6867-05df-4b9e-ae68-fa9bfc285c88","d927dfc1-ef7c-41b9-9f78-44f3c1254486","Фотоэффект, уравнение Эйнштейна","0.95","средняя","inserted"
"26310","02540a8f-0c53-464a-9f95-be8b8bfd3cb9","d927dfc1-ef7c-41b9-9f78-44f3c1254486","Фотоэффект, уравнение Эйнштейна","0.95","средняя","inserted"
"84729","df33b853-d326-4eec-bb3c-2261eeedda86","eaafc38d-1303-4dde-b415-305b21bbc419","Радиоактивность, виды распада","0.95","лёгкая","inserted"
"91819","e0c905b6-0a46-4a74-b719-ca24fc2d9c30","23737c94-15b4-4f02-beed-53450abd7608","Фотоны, энергия и импульс фотона","0.95","средняя","inserted"
"115734","e9d682d4-ac57-4f72-ae28-d65eee3acd44","d927dfc1-ef7c-41b9-9f78-44f3c1254486","Фотоэффект, уравнение Эйнштейна","0.95","средняя","inserted"
"139152","48a22cee-4dbf-41a6-a36f-74f2a22923e7","eaafc38d-1303-4dde-b415-305b21bbc419","Радиоактивность, виды распада","0.95","средняя","inserted"
"103375","5d625364-c492-4de2-96e0-6393fe5860bc","40d2bec6-9540-46db-a205-e5a12af28ab8","Постулаты Бора, спектры","0.95","средняя","inserted"
"94228","93b31fd1-f5e6-40fe-b200-5955d53a5076","d927dfc1-ef7c-41b9-9f78-44f3c1254486","Фотоэффект, уравнение Эйнштейна","0.95","средняя","inserted"
"13704","baac894a-1b4f-4fd1-b3bf-51baff047695","eaafc38d-1303-4dde-b415-305b21bbc419","Радиоактивность, виды распада","0.95","средняя","inserted"
"166277","e9daf734-9cb3-4e43-889b-3f463330fa4b","d927dfc1-ef7c-41b9-9f78-44f3c1254486","Фотоэффект, уравнение Эйнштейна","0.95","средняя","inserted"
"55078","4e9edee6-db6f-432f-a96b-ceffcc8dd79c","d927dfc1-ef7c-41b9-9f78-44f3c1254486","Фотоэффект, уравнение Эйнштейна","0.95","средняя","inserted"
"177484","aa6148e4-4756-41ac-b2da-22221a7ce42e","d927dfc1-ef7c-41b9-9f78-44f3c1254486","Фотоэффект, уравнение Эйнштейна","0.95","средняя","inserted"
"166286","5957d5ff-6923-487c-aa7b-1f4c1bc39952","eaafc38d-1303-4dde-b415-305b21bbc419","Радиоактивность, виды распада","0.95","средняя","inserted"
"13681","2b7e5a53-3e16-4fe5-8cba-eb537fef029b","d927dfc1-ef7c-41b9-9f78-44f3c1254486","Фотоэффект, уравнение Эйнштейна","0.95","средняя","inserted"
"96101","3c959e6d-3469-4560-9153-9ae631f6a31b","eaafc38d-1303-4dde-b415-305b21bbc419","Радиоактивность, виды распада","0.95","средняя","inserted"
"22585","b366bc08-35f4-423f-931b-e3aa6deeed12","d927dfc1-ef7c-41b9-9f78-44f3c1254486","Фотоэффект, уравнение Эйнштейна","0.95","средняя","inserted"
"114733","ac48f31e-735f-4f2c-b944-dac6aa51c4e6","d927dfc1-ef7c-41b9-9f78-44f3c1254486","Фотоэффект, уравнение Эйнштейна","0.95","средняя","inserted"
"109855","0659b956-f19c-4738-bc6b-7d1614177aa0","eaafc38d-1303-4dde-b415-305b21bbc419","Радиоактивность, виды распада","0.95","средняя","inserted"
"139703","819ff2f7-2825-4fd9-b2f4-ac3fbafb2e43","40d2bec6-9540-46db-a205-e5a12af28ab8","Постулаты Бора, спектры","0.95","средняя","inserted"
"27102","7a473466-e721-457d-8466-c9424e0e1227","eaafc38d-1303-4dde-b415-305b21bbc419","Радиоактивность, виды распада","0.95","лёгкая","inserted"
"139702","cc6aec75-f465-4235-bcab-2bcf9fb2d188","40d2bec6-9540-46db-a205-e5a12af28ab8","Постулаты Бора, спектры","0.95","средняя","inserted"
"65078","6f1fae34-a82b-46de-afd5-48187107c2fb","463ba2b2-713f-4a9c-87a1-68e46a8f0dbd","Строение атома","0.95","лёгкая","inserted"
"138181","eb42d090-0c38-48dc-b4fa-04ed1e5aac3b","d927dfc1-ef7c-41b9-9f78-44f3c1254486","Фотоэффект, уравнение Эйнштейна","0.95","лёгкая","inserted"
"104275","b5ce0c79-59f5-4cc9-ac8a-8f15ad27fccd","d927dfc1-ef7c-41b9-9f78-44f3c1254486","Фотоэффект, уравнение Эйнштейна","0.95","средняя","inserted"
"134291","c032e04c-4674-4d30-a7a3-bd50f5101d2a","d927dfc1-ef7c-41b9-9f78-44f3c1254486","Фотоэффект, уравнение Эйнштейна","0.95","средняя","inserted"
"139155","619b4d99-5770-40c9-bee9-abebc1ec5b5c","eaafc38d-1303-4dde-b415-305b21bbc419","Радиоактивность, виды распада","0.95","средняя","inserted"
"137285","cfe06108-47a4-4baa-a3a7-bf35399ff616","d927dfc1-ef7c-41b9-9f78-44f3c1254486","Фотоэффект, уравнение Эйнштейна","0.95","средняя","inserted"
"14063","e1caad92-7df9-47d7-beca-ed2f86933782","3a3372ab-387c-4614-a852-42dade28c3b7","Изопроцессы","0.95","средняя","inserted"
"138758","fb86d4f2-dc89-4636-8ca3-d5a58b6c13c3","92c499aa-3df6-4335-a036-24219b611408","Основное уравнение МКТ","0.95","средняя","inserted"
"103133","c252bd3d-ba17-420f-824a-d345627c684e","7f5b64d2-fed0-494b-b096-68508ddaec58","Сила тока, напряжение, сопротивление","0.95","лёгкая","inserted"
"163376","5528f707-baa9-4dbe-8d00-577bc298be0e","a6a98484-26be-483d-a4a9-374b0fc40134","Работа и мощность тока, закон Джоуля-Ленца","0.95","лёгкая","inserted"
"178365","3a17f442-4d41-4187-8bd2-cbad327b07fa","019020c4-13bf-418c-b366-63bf09d42066","Электромагнитные колебания, колебательный контур","0.95","средняя","inserted"
"96188","daf69087-99a0-4a5d-9fcf-a275191616e6","c1ed3d8f-0772-4133-85a5-f393878f3892","Законы отражения, плоское зеркало","0.95","лёгкая","inserted"
"103246","79ad4678-fb94-4531-827a-66508671bbe7","1fdbe34f-b66c-4a48-840a-092c1a630f19","Последовательное и параллельное соединение","0.95","средняя","inserted"
"92304","a5fc84f9-6bd9-440a-bbd9-a7c707059578","1fdbe34f-b66c-4a48-840a-092c1a630f19","Последовательное и параллельное соединение","0.95","средняя","inserted"
"176015","71900c66-a3dd-4e9d-b03c-56caa7a21a13","1f9ea623-cdb5-44ae-b489-fc488f68326d","Движение заряда в магнитном поле","0.95","средняя","inserted"
"96192","53f7d428-8302-498f-a8c9-ad81a40b52d1","eaafc38d-1303-4dde-b415-305b21bbc419","Радиоактивность, виды распада","0.95","лёгкая","inserted"
"22871","0931215d-a9a3-46fb-9a8a-9e764ca6a514","23737c94-15b4-4f02-beed-53450abd7608","Фотоны, энергия и импульс фотона","0.95","средняя","inserted"
"176013","52af494e-8974-4488-b313-b2d0b0860e99","40d2bec6-9540-46db-a205-e5a12af28ab8","Постулаты Бора, спектры","0.95","средняя","inserted"
"22873","a2216e85-63b9-459e-9b6d-f1c37003f878","8a274bd8-b1fb-4d38-96c1-b8070295f519","Энергия связи, дефект массы","0.95","средняя","inserted"
"114492","2346c5e2-3de8-4870-b156-1a30b354163e","3bfe5c89-607b-4c04-9494-2a091d377e80","Расчёт электрических цепей","0.95","сложная","inserted"
"177488","8ebbbfd6-1234-47be-ae62-9c87f80caa33","5ee4e31f-8b00-45ef-a1aa-607856809c83","Графики изопроцессов","0.95","сложная","inserted"
"102954","013c997b-8a50-4df4-bad5-c308de43ae3b","83f8506c-da8d-4515-a47e-c20c1548d17f","Равноускоренное движение","0.95","средняя","inserted"
"18311","790b6d1c-1fa5-487c-879e-f367770eb661","0dad3f47-1aa4-4765-9f41-34a9a6005ed4","Законы Ньютона","0.95","сложная","inserted"
"18307","26f553a2-9be8-4ed5-92a5-23f574176629","58d13f7e-0580-491e-9b7a-59facfa77b2a","Движение по наклонной плоскости","0.95","сложная","inserted"
"165563","58d4f590-50d9-421b-b5dd-ea4b86f87e79","f930f7a2-dcae-4a22-b546-9131c952c71d","Движение по окружности","0.95","средняя","inserted"
"91829","14f86e46-56f0-40f1-94e8-762754a2bf36","7abbe545-8b29-4161-a9c0-85b09555d81e","Упругий и неупругий удар","0.95","сложная","inserted"
"18306","476d41db-8c3e-4007-bf74-ed14615bc15a","81ff7bcf-312a-4e72-ac82-de97b383b6bf","Закон Архимеда, плавание тел","0.95","сложная","inserted"
"178307","f322ed6c-05a1-4f86-8207-2a5a542d0287","d8dbee33-8a12-4785-bb2e-adc086b7f548","Движение связанных тел (блоки, нити)","0.95","сложная","inserted"
"128746","bea4f40f-222f-4ce5-ac81-b6e0bf896e78","c7e7b6c7-e91b-4dcc-8573-6515d79e404f","Условие равновесия тел","0.95","сложная","inserted"
"18880","4feebb44-471c-4b5a-b1f4-8ece4c89c3b3","b62883d8-b923-4c11-809c-317c0eb233ad","Закон сохранения механической энергии","0.95","сложная","inserted"
"20261","628f481b-e29e-4969-b9b6-d952f0c963b9","90ae48ff-fb53-42ab-bc93-a7d4b3dcffe0","Математический и пружинный маятник","0.95","сложная","inserted"
"155748","06d3de3b-a441-4196-9f72-f3e3735f852c","0dad3f47-1aa4-4765-9f41-34a9a6005ed4","Законы Ньютона","0.95","сложная","inserted"
"20273","416d232a-292d-47ef-a76e-0f113887a65b","d990b470-e47d-4f73-b895-427f26b0c233","Гармонические колебания","0.95","сложная","inserted"
"104407","7864792a-4da3-4131-a796-ec1269ac1b0c","c7e7b6c7-e91b-4dcc-8573-6515d79e404f","Условие равновесия тел","0.95","сложная","inserted"
"20276","e72be6c5-b69a-43d2-8dad-501eb29f25b0","d990b470-e47d-4f73-b895-427f26b0c233","Гармонические колебания","0.95","сложная","inserted"
"39131","ecdd77b3-e348-4930-9f38-c59537347c95","c7e7b6c7-e91b-4dcc-8573-6515d79e404f","Условие равновесия тел","0.95","сложная","inserted"
"120444","5bb920df-c07c-4f91-9da5-3ada5a442abb","f930f7a2-dcae-4a22-b546-9131c952c71d","Движение по окружности","0.95","сложная","inserted"
"115794","236595fa-070c-4b86-89bc-a0f3fe0dd948","898671a3-5724-42b5-b555-8430582a2ead","Механические волны, звук","0.95","сложная","inserted"
"116019","1b077ac2-c827-4cd1-a93e-627466fd3c46","58d13f7e-0580-491e-9b7a-59facfa77b2a","Движение по наклонной плоскости","0.95","сложная","inserted"
"115101","85f1a418-b2cb-48f9-b1ea-8b67ba980ffb","c7e7b6c7-e91b-4dcc-8573-6515d79e404f","Условие равновесия тел","0.95","сложная","inserted"
"128158","7192f7c3-ad8a-4861-a90a-747827ab1dd6","f930f7a2-dcae-4a22-b546-9131c952c71d","Движение по окружности","0.95","сложная","inserted"
"132452","2471f608-4c3e-4839-bde5-df5484deaeba","e8c6865b-99f5-4065-b0a4-d5732deda411","Момент силы, рычаг","0.95","сложная","inserted"
"173431","db91a3b9-1f7a-4209-a7de-8ae23c53c7f7","7abbe545-8b29-4161-a9c0-85b09555d81e","Упругий и неупругий удар","0.95","сложная","inserted"
"175257","3be4b40e-f4e9-437f-ae2f-0212f4826e1e","c7e7b6c7-e91b-4dcc-8573-6515d79e404f","Условие равновесия тел","0.95","сложная","inserted"
"97767","1ac5b111-fc19-4595-82b6-1bd70d35e8b4","b62883d8-b923-4c11-809c-317c0eb233ad","Закон сохранения механической энергии","0.95","сложная","inserted"
"20274","a97f3d9b-9c78-40d3-9950-1d7530839ef4","b62883d8-b923-4c11-809c-317c0eb233ad","Закон сохранения механической энергии","0.95","сложная","inserted"
"20298","5e8fb616-9f2a-4c2c-89d9-54e34aedefb8","d990b470-e47d-4f73-b895-427f26b0c233","Гармонические колебания","0.95","сложная","inserted"
"18885","07cd5df9-1df3-4db8-9286-f9472f2ca497","7abbe545-8b29-4161-a9c0-85b09555d81e","Упругий и неупругий удар","0.9","сложная","inserted"
"47412","2f74ac92-e090-4c89-91e3-202234f0ab8c","0dad3f47-1aa4-4765-9f41-34a9a6005ed4","Законы Ньютона","0.95","сложная","inserted"
"179615","94847b7a-b70e-4ad8-b6cd-03eba127f4cd","0dad3f47-1aa4-4765-9f41-34a9a6005ed4","Законы Ньютона","0.95","сложная","inserted"
"175363","d096ab28-6adf-4377-8a69-fa3afdce7e1e","c7e7b6c7-e91b-4dcc-8573-6515d79e404f","Условие равновесия тел","0.95","сложная","inserted"
"15652","bdfd6061-8f65-4999-a362-ab08c2d1d88c","f930f7a2-dcae-4a22-b546-9131c952c71d","Движение по окружности","0.95","сложная","inserted"
"25394","c6801b76-a850-4748-b99c-71e5776ba8b0","0dad3f47-1aa4-4765-9f41-34a9a6005ed4","Законы Ньютона","0.95","сложная","inserted"
"94032","dc3be890-d0ce-4eb4-826c-02dd91b6b840","77baf1e0-84d8-4933-b4d4-c520df7559a1","Импульс, закон сохранения импульса","0.95","сложная","inserted"
"112705","9ed30ae7-8fd4-43ff-919c-d5fcd2003cff","c7e7b6c7-e91b-4dcc-8573-6515d79e404f","Условие равновесия тел","0.95","сложная","inserted"
"18693","91e871b3-4def-4044-9720-492c576ba191","f930f7a2-dcae-4a22-b546-9131c952c71d","Движение по окружности","0.95","сложная","missing_after_apply"
"92502","cb98e6f7-21c2-4e99-be47-3b57ecee3f6d","d8dbee33-8a12-4785-bb2e-adc086b7f548","Движение связанных тел (блоки, нити)","0.95","сложная","missing_after_apply"
"132453","81e646ae-5198-4b6f-9e06-1126856d3b85","c7e7b6c7-e91b-4dcc-8573-6515d79e404f","Условие равновесия тел","0.95","сложная","missing_after_apply"
"122883","14537b50-6102-4ad8-b3c7-a7a5d2dcd28a","c7e7b6c7-e91b-4dcc-8573-6515d79e404f","Условие равновесия тел","0.95","сложная","missing_after_apply"
"20267","c9fb3e6c-ab64-476d-889d-83f1a160c259","d990b470-e47d-4f73-b895-427f26b0c233","Гармонические колебания","0.95","сложная","missing_after_apply"
"134879","93869042-3898-488b-b743-10a36ef8af23","d990b470-e47d-4f73-b895-427f26b0c233","Гармонические колебания","0.95","сложная","missing_after_apply"
"158974","a948254a-6cc7-46c5-b5cd-407dcc18f548","0dad3f47-1aa4-4765-9f41-34a9a6005ed4","Законы Ньютона","0.95","сложная","missing_after_apply"
"173483","78ee76c8-f127-447a-abd7-c09ae7f7f45a","7abbe545-8b29-4161-a9c0-85b09555d81e","Упругий и неупругий удар","0.95","сложная","missing_after_apply"
"22288","cd649092-a18c-452f-8e3e-09226a5df794","90ae48ff-fb53-42ab-bc93-a7d4b3dcffe0","Математический и пружинный маятник","0.95","сложная","missing_after_apply"
"22287","baa88ee1-9e5d-4464-b783-cb2e77d04041","d990b470-e47d-4f73-b895-427f26b0c233","Гармонические колебания","0.95","сложная","missing_after_apply"
"177490","04a2c30f-ef4a-4874-b696-fcd8c7e9ef11","77baf1e0-84d8-4933-b4d4-c520df7559a1","Импульс, закон сохранения импульса","0.95","сложная","missing_after_apply"
"97077","d56866cb-ee0a-4604-8aae-bbd2911654c8","b62883d8-b923-4c11-809c-317c0eb233ad","Закон сохранения механической энергии","0.95","сложная","missing_after_apply"
"96565","9b96d51f-a14b-4b87-9128-e176fa1c9e30","77baf1e0-84d8-4933-b4d4-c520df7559a1","Импульс, закон сохранения импульса","0.95","сложная","missing_after_apply"
"18380","b0d3ad08-fccc-4b57-a1d4-28148ca9e367","77baf1e0-84d8-4933-b4d4-c520df7559a1","Импульс, закон сохранения импульса","0.95","сложная","missing_after_apply"
"20262","20a12341-eeb8-40a5-9e2c-55f67e67b5f2","d990b470-e47d-4f73-b895-427f26b0c233","Гармонические колебания","0.95","сложная","missing_after_apply"
"96879","cc8761b6-7c3a-4f3e-8a89-9c815b952719","b62883d8-b923-4c11-809c-317c0eb233ad","Закон сохранения механической энергии","0.95","сложная","missing_after_apply"
"17514","1bb1c157-b21a-430b-8c9d-03880e55a055","019ee2aa-8647-4aa1-b4ba-c805df98fa80","Движение тела, брошенного под углом к горизонту","0.95","сложная","missing_after_apply"
"34602","06182b94-3915-42cb-983a-ae918704ba84","77baf1e0-84d8-4933-b4d4-c520df7559a1","Импульс, закон сохранения импульса","0.95","сложная","missing_after_apply"
"178370","b6f83566-73c7-48a7-981e-62af6ce7bc36","0dad3f47-1aa4-4765-9f41-34a9a6005ed4","Законы Ньютона","0.95","сложная","missing_after_apply"
"22289","aa5f3057-938e-4c0e-bcc7-76ba74e5ff25","90ae48ff-fb53-42ab-bc93-a7d4b3dcffe0","Математический и пружинный маятник","0.95","сложная","missing_after_apply"
"18887","cfcb1213-e746-41b5-b452-6955f2ab7f44","77baf1e0-84d8-4933-b4d4-c520df7559a1","Импульс, закон сохранения импульса","0.95","сложная","missing_after_apply"
"166019","2add2b57-0c3b-4d65-85e2-66b5efe70622","864f3bc5-4561-4b0c-8f5f-37d5716e8da7","Сила трения","0.95","сложная","missing_after_apply"
"34611","8d707e47-aa1f-4497-8704-da61e783eb53","d8dbee33-8a12-4785-bb2e-adc086b7f548","Движение связанных тел (блоки, нити)","0.95","сложная","inserted"
"79246","615f8886-fefa-4fae-ad2c-37d8bd5c23bd","b62883d8-b923-4c11-809c-317c0eb233ad","Закон сохранения механической энергии","0.95","сложная","inserted"
"160519","2f662454-f7e5-4418-9d91-cedec6a61e4f","f930f7a2-dcae-4a22-b546-9131c952c71d","Движение по окружности","0.95","сложная","inserted"
"22646","f1f5234d-efb3-44ff-bf29-b33da6a06c84","b62883d8-b923-4c11-809c-317c0eb233ad","Закон сохранения механической энергии","0.95","сложная","inserted"
"178866","42363c2e-bc3e-4543-8c9f-a131434a51b6","b62883d8-b923-4c11-809c-317c0eb233ad","Закон сохранения механической энергии","0.95","сложная","inserted"
"98138","359790ac-586c-4c13-a653-3efd80c38bd7","d8dbee33-8a12-4785-bb2e-adc086b7f548","Движение связанных тел (блоки, нити)","0.95","сложная","inserted"
"18318","28b3a438-add4-47e5-a1fb-a7639e5ed45c","b62883d8-b923-4c11-809c-317c0eb233ad","Закон сохранения механической энергии","0.95","сложная","inserted"
"113723","8fb95813-658f-459e-b171-3cb8fc5de129","0dad3f47-1aa4-4765-9f41-34a9a6005ed4","Законы Ньютона","0.95","сложная","inserted"
"96069","4e6b1746-15ec-4ba5-9bdf-decec2287a4b","019ee2aa-8647-4aa1-b4ba-c805df98fa80","Движение тела, брошенного под углом к горизонту","0.95","сложная","inserted"
"18874","5605e241-57c1-4149-a6b3-14bdf9b46a25","019ee2aa-8647-4aa1-b4ba-c805df98fa80","Движение тела, брошенного под углом к горизонту","0.95","сложная","inserted"
"125661","979aac13-7cfa-421e-9c20-9f7e4688ca4b","0dad3f47-1aa4-4765-9f41-34a9a6005ed4","Законы Ньютона","0.95","сложная","inserted"
"98910","964ff760-0683-4a8f-abc9-2cbd55014e84","b62883d8-b923-4c11-809c-317c0eb233ad","Закон сохранения механической энергии","0.95","сложная","inserted"
"91703","47079f12-9afa-47c4-a43e-2fc0dfcbc44e","71ace6ec-c281-4894-9ac9-69e0abe13228","Кинетическая и потенциальная энергия","0.9","сложная","inserted"
"20260","3dbd5791-0847-48b2-b408-4fe81afde7ee","b62883d8-b923-4c11-809c-317c0eb233ad","Закон сохранения механической энергии","0.95","сложная","inserted"
"125663","5ba88b42-2a58-4444-8bca-1bdd6822e2b9","d8dbee33-8a12-4785-bb2e-adc086b7f548","Движение связанных тел (блоки, нити)","0.95","сложная","inserted"
"125666","aeae07eb-7e0e-4bfb-8ce9-9dfbf2246318","019ee2aa-8647-4aa1-b4ba-c805df98fa80","Движение тела, брошенного под углом к горизонту","0.95","сложная","inserted"
"78748","9d41178a-3deb-47ed-a9c2-31f84e3d847c","d8dbee33-8a12-4785-bb2e-adc086b7f548","Движение связанных тел (блоки, нити)","0.95","сложная","inserted"
"136822","0f781fc3-8a1f-4cd9-8527-5eee81fd5930","d8dbee33-8a12-4785-bb2e-adc086b7f548","Движение связанных тел (блоки, нити)","0.95","сложная","inserted"
"177351","02afc422-5288-4d59-9bc8-8a71e77bf625","0dad3f47-1aa4-4765-9f41-34a9a6005ed4","Законы Ньютона","0.95","сложная","inserted"
"20263","685822b5-241e-416e-8769-7dbdb0c303ec","d990b470-e47d-4f73-b895-427f26b0c233","Гармонические колебания","0.95","сложная","inserted"
"47411","75fd29ca-a1b8-4151-9147-da0f3324f831","58d13f7e-0580-491e-9b7a-59facfa77b2a","Движение по наклонной плоскости","0.95","сложная","inserted"
"38124","5d5ac8f0-3346-493e-87b4-ce82cb76fe52","019ee2aa-8647-4aa1-b4ba-c805df98fa80","Движение тела, брошенного под углом к горизонту","0.95","сложная","inserted"
"18878","3e7f9082-69db-4db6-abd3-a72610b48ef5","b62883d8-b923-4c11-809c-317c0eb233ad","Закон сохранения механической энергии","0.95","сложная","missing_after_apply"
"18438","0022d83f-bcc8-47b3-bd25-05f426457267","c7e7b6c7-e91b-4dcc-8573-6515d79e404f","Условие равновесия тел","0.95","сложная","missing_after_apply"
"149702","9e30c97e-fa03-4991-a826-e63eb78cd860","77baf1e0-84d8-4933-b4d4-c520df7559a1","Импульс, закон сохранения импульса","0.95","сложная","missing_after_apply"
"96197","68ff4b09-c285-45e1-9205-5e70a5665f00","b62883d8-b923-4c11-809c-317c0eb233ad","Закон сохранения механической энергии","0.95","сложная","missing_after_apply"
"115626","e2d818af-82e7-45e7-9a5a-e24ea76ecd1f","0c674863-412d-4cdb-8e84-d90b0e62d513","Закон всемирного тяготения","0.95","сложная","missing_after_apply"
"146329","dda714f8-5c74-4372-9607-2482037db89a","0dad3f47-1aa4-4765-9f41-34a9a6005ed4","Законы Ньютона","0.95","сложная","missing_after_apply"
"18430","2f259bbf-2b28-49f7-8a19-1baa42b0ad43","c7e7b6c7-e91b-4dcc-8573-6515d79e404f","Условие равновесия тел","0.95","сложная","missing_after_apply"
"18429","27cbaa83-1d58-4982-8355-e1408a893b1b","c7e7b6c7-e91b-4dcc-8573-6515d79e404f","Условие равновесия тел","0.95","сложная","missing_after_apply"
"94478","be0ac57f-dbf5-4ad9-9c1d-1c529de8ef98","0dad3f47-1aa4-4765-9f41-34a9a6005ed4","Законы Ньютона","0.95","сложная","missing_after_apply"
"18441","ce9e6f66-01bb-4fc8-902b-6e61178adcbf","d8dbee33-8a12-4785-bb2e-adc086b7f548","Движение связанных тел (блоки, нити)","0.95","сложная","missing_after_apply"
"20264","8405af7c-6b8f-4830-91fd-71c6676b1cb9","90ae48ff-fb53-42ab-bc93-a7d4b3dcffe0","Математический и пружинный маятник","0.95","средняя","missing_after_apply"
"128713","3835ffe5-1bf6-4b6c-9f02-65408ae70bcb","c7e7b6c7-e91b-4dcc-8573-6515d79e404f","Условие равновесия тел","0.95","сложная","missing_after_apply"
"125771","6a4fd8ef-908c-448f-b6a8-4bb353c362b5","e8c6865b-99f5-4065-b0a4-d5732deda411","Момент силы, рычаг","0.95","сложная","missing_after_apply"
"132107","1a362d5e-ef19-48e4-9e0c-99372df63c36","f930f7a2-dcae-4a22-b546-9131c952c71d","Движение по окружности","0.95","сложная","missing_after_apply"
"120445","ebef7761-1c7e-43c4-93f8-43702c2c029a","f930f7a2-dcae-4a22-b546-9131c952c71d","Движение по окружности","0.95","сложная","missing_after_apply"
"116033","d686a91a-449e-4337-abbb-7dfa040225f2","58d13f7e-0580-491e-9b7a-59facfa77b2a","Движение по наклонной плоскости","0.95","сложная","missing_after_apply"
"132374","d60556f9-dffb-476d-a2f1-135240042f68","c7e7b6c7-e91b-4dcc-8573-6515d79e404f","Условие равновесия тел","0.95","сложная","missing_after_apply"
"128732","913c611c-2915-47cd-99f5-17af8ff3d863","c7e7b6c7-e91b-4dcc-8573-6515d79e404f","Условие равновесия тел","0.95","сложная","missing_after_apply"
"125801","b01b4400-3f25-429e-9de0-623ac7f6c62f","c7e7b6c7-e91b-4dcc-8573-6515d79e404f","Условие равновесия тел","0.95","сложная","missing_after_apply"
"132482","9967896c-1d3b-4d94-b110-344858f296e6","77baf1e0-84d8-4933-b4d4-c520df7559a1","Импульс, закон сохранения импульса","0.95","сложная","missing_after_apply"
"145921","64579572-9ff8-4963-8fb4-79f073ecf30a","c7e7b6c7-e91b-4dcc-8573-6515d79e404f","Условие равновесия тел","0.95","сложная","missing_after_apply"
"128157","57f4988e-a746-4d93-bffb-394b6b36f475","f930f7a2-dcae-4a22-b546-9131c952c71d","Движение по окружности","0.95","сложная","missing_after_apply"
"132483","77c52a1f-3f24-4a7a-a108-9b55975b91a6","77baf1e0-84d8-4933-b4d4-c520df7559a1","Импульс, закон сохранения импульса","0.95","сложная","missing_after_apply"
"132331","320d4012-a567-4721-a611-36d8a6649020","b62883d8-b923-4c11-809c-317c0eb233ad","Закон сохранения механической энергии","0.95","сложная","missing_after_apply"
"147049","05bc4318-a286-410e-b6fc-b7cad8f4e564","b62883d8-b923-4c11-809c-317c0eb233ad","Закон сохранения механической энергии","0.95","сложная","missing_after_apply"
"155596","e764e58f-9a48-474a-9df5-5963db5cdf50","0dad3f47-1aa4-4765-9f41-34a9a6005ed4","Законы Ньютона","0.95","сложная","missing_after_apply"
"132530","85da5753-8af7-48f0-a046-713ed257ca54","77baf1e0-84d8-4933-b4d4-c520df7559a1","Импульс, закон сохранения импульса","0.95","сложная","missing_after_apply"
"159048","ee1a672b-3476-4c96-af4c-3b057bec8689","864f3bc5-4561-4b0c-8f5f-37d5716e8da7","Сила трения","0.95","сложная","missing_after_apply"
"136811","d5fd40ff-fe8b-440c-8d07-7728ab1a28cc","e8c6865b-99f5-4065-b0a4-d5732deda411","Момент силы, рычаг","0.95","сложная","missing_after_apply"
"149085","57ce32f1-9915-4d34-a6b6-fb70933af1ee","d990b470-e47d-4f73-b895-427f26b0c233","Гармонические колебания","0.95","сложная","missing_after_apply"
"163415","4791bea5-1918-4e7c-a579-234690207c33","c7e7b6c7-e91b-4dcc-8573-6515d79e404f","Условие равновесия тел","0.95","сложная","missing_after_apply"
"175351","cb0fbae2-4bb8-4bc1-8d4b-6dab48597089","c7e7b6c7-e91b-4dcc-8573-6515d79e404f","Условие равновесия тел","0.95","сложная","missing_after_apply"
"123423","700a1800-db23-4711-940f-024733c190aa","102d78c8-5777-441d-a393-83ae508cc8f3","Свободное падение","0.95","сложная","missing_after_apply"
"79243","ded8ba8c-a938-4c6f-97e4-1292281e7875","7abbe545-8b29-4161-a9c0-85b09555d81e","Упругий и неупругий удар","0.95","сложная","missing_after_apply"
"136813","33f56ae6-4138-45c7-97e2-1f81ce72ec34","77baf1e0-84d8-4933-b4d4-c520df7559a1","Импульс, закон сохранения импульса","0.95","сложная","missing_after_apply"
"79255","c4877c91-0b31-4233-a012-b6fa2a539b3b","77baf1e0-84d8-4933-b4d4-c520df7559a1","Импульс, закон сохранения импульса","0.95","сложная","missing_after_apply"
"112655","e5463807-b6cc-4867-9871-ae7958494f48","0dad3f47-1aa4-4765-9f41-34a9a6005ed4","Законы Ньютона","0.95","сложная","missing_after_apply"
"94802","5478093a-3c42-4d3f-b764-ee6388fc2439","f930f7a2-dcae-4a22-b546-9131c952c71d","Движение по окружности","0.95","сложная","missing_after_apply"
"16724","b249db9c-8c00-4b37-b965-dd4452af1a9f","c7e7b6c7-e91b-4dcc-8573-6515d79e404f","Условие равновесия тел","0.95","сложная","missing_after_apply"
"166516","1fe503f2-131e-43a2-881a-7ccc9bf40002","d8dbee33-8a12-4785-bb2e-adc086b7f548","Движение связанных тел (блоки, нити)","0.95","сложная","missing_after_apply"
"22286","a58553fa-20b1-42a3-8b28-8447863a4896","d990b470-e47d-4f73-b895-427f26b0c233","Гармонические колебания","0.95","сложная","missing_after_apply"
"18886","4557c19f-9a01-4a57-8b69-7b1f624039a2","77baf1e0-84d8-4933-b4d4-c520df7559a1","Импульс, закон сохранения импульса","0.95","сложная","missing_after_apply"
"160060","09cec9b5-61b2-412f-8d99-2c3de6d5c709","0dad3f47-1aa4-4765-9f41-34a9a6005ed4","Законы Ньютона","0.95","сложная","missing_after_apply"
"120673","4f541f7b-d465-4fc6-aeed-be7aa8b34441","c7e7b6c7-e91b-4dcc-8573-6515d79e404f","Условие равновесия тел","0.95","сложная","missing_after_apply"
"132108","14f686c6-7b4b-4930-ae29-0f20beb71894","b62883d8-b923-4c11-809c-317c0eb233ad","Закон сохранения механической энергии","0.95","сложная","missing_after_apply"
"160165","758a1a43-50a3-4bbb-8209-5658b10db5c0","019ee2aa-8647-4aa1-b4ba-c805df98fa80","Движение тела, брошенного под углом к горизонту","0.95","сложная","missing_after_apply"
"64976","029d26ee-b7dc-47f1-ac01-644f046be336","0dad3f47-1aa4-4765-9f41-34a9a6005ed4","Законы Ньютона","0.95","сложная","missing_after_apply"
"96686","6bad4cd1-4611-47b9-9534-ffd0405abae8","b62883d8-b923-4c11-809c-317c0eb233ad","Закон сохранения механической энергии","0.95","сложная","missing_after_apply"
"115793","5a002912-b471-447b-a1fd-d052185aff2f","898671a3-5724-42b5-b555-8430582a2ead","Механические волны, звук","0.95","сложная","missing_after_apply"
"120677","1df68a00-6f50-459f-947f-1317f5afbe1a","c7e7b6c7-e91b-4dcc-8573-6515d79e404f","Условие равновесия тел","0.95","сложная","missing_after_apply"
"122884","a3caae29-ac7f-49ec-a61a-b34294af51f1","c7e7b6c7-e91b-4dcc-8573-6515d79e404f","Условие равновесия тел","0.95","сложная","missing_after_apply"
"102188","3fd6c64b-ecfc-41c5-a9a1-efed9d11e93b","e8c6865b-99f5-4065-b0a4-d5732deda411","Момент силы, рычаг","0.95","сложная","missing_after_apply"
"121516","a739bd4b-55f2-4863-b0d4-e06d72d39e2f","77baf1e0-84d8-4933-b4d4-c520df7559a1","Импульс, закон сохранения импульса","0.95","сложная","missing_after_apply"
"132529","752d7235-7a49-4420-baa8-505428c52286","7abbe545-8b29-4161-a9c0-85b09555d81e","Упругий и неупругий удар","0.95","сложная","missing_after_apply"
"104408","47c48b64-68f4-4db3-abd8-ccd27252b492","c7e7b6c7-e91b-4dcc-8573-6515d79e404f","Условие равновесия тел","0.95","сложная","missing_after_apply"
"134878","56da3c51-eb29-46e6-951b-df3797b1dd5a","d990b470-e47d-4f73-b895-427f26b0c233","Гармонические колебания","0.95","сложная","missing_after_apply"
"121517","bbfeea71-3194-4d6c-bcfa-9398ec4233a5","77baf1e0-84d8-4933-b4d4-c520df7559a1","Импульс, закон сохранения импульса","0.95","сложная","missing_after_apply"
"132373","e180e161-2a13-4ce6-9a9c-817400fc46f6","c7e7b6c7-e91b-4dcc-8573-6515d79e404f","Условие равновесия тел","0.95","сложная","missing_after_apply"
"147189","fd8d305c-1aae-454b-8c48-7088442ef4ca","b62883d8-b923-4c11-809c-317c0eb233ad","Закон сохранения механической энергии","0.95","сложная","missing_after_apply"
"158831","6f4355a8-aca8-4269-b9cb-0dfedd439034","0dad3f47-1aa4-4765-9f41-34a9a6005ed4","Законы Ньютона","0.95","сложная","missing_after_apply"
"163640","d0f7e39a-fe66-4da6-8e3f-9ed0b8ed0ac9","c7e7b6c7-e91b-4dcc-8573-6515d79e404f","Условие равновесия тел","0.95","сложная","missing_after_apply"
"91693","784dde9d-cebd-414b-abc9-24a3bd445e20","7f5b64d2-fed0-494b-b096-68508ddaec58","Сила тока, напряжение, сопротивление","0.95","лёгкая","missing_after_apply"
"112690","e7ec74c5-e6d9-461c-9495-afb018a27af7","a6a98484-26be-483d-a4a9-374b0fc40134","Работа и мощность тока, закон Джоуля-Ленца","0.95","средняя","missing_after_apply"
"102055","6bc7903a-eb3f-4736-ad4a-f8ce0fb48838","7f5b64d2-fed0-494b-b096-68508ddaec58","Сила тока, напряжение, сопротивление","0.95","лёгкая","missing_after_apply"
"169660","dd900dd7-29ab-4f12-9242-5bec886b6db5","7f5b64d2-fed0-494b-b096-68508ddaec58","Сила тока, напряжение, сопротивление","0.95","лёгкая","missing_after_apply"
"158785","0ac9ab30-695d-4523-8e6a-6251851fcc0a","7f5b64d2-fed0-494b-b096-68508ddaec58","Сила тока, напряжение, сопротивление","0.95","лёгкая","missing_after_apply"
"94085","84ed2c6c-9322-47ef-8c3d-ea46c57f19c4","7f5b64d2-fed0-494b-b096-68508ddaec58","Сила тока, напряжение, сопротивление","0.95","лёгкая","missing_after_apply"
"165564","6c22742f-6452-4aba-b921-7786fbf27bee","7f5b64d2-fed0-494b-b096-68508ddaec58","Сила тока, напряжение, сопротивление","0.95","лёгкая","missing_after_apply"
"126775","bafcccb0-f19b-4e2e-8645-d922289a285c","7f5b64d2-fed0-494b-b096-68508ddaec58","Сила тока, напряжение, сопротивление","0.95","лёгкая","missing_after_apply"
"91992","c6983cd4-796b-47bc-a6d0-cbbd72d566bc","2d245347-68ec-4912-a16c-c4bba8748730","Закон Кулона","0.95","лёгкая","missing_after_apply"
"159033","7894ebae-d38d-47d2-973b-103409c5e57d","7f5b64d2-fed0-494b-b096-68508ddaec58","Сила тока, напряжение, сопротивление","0.95","средняя","missing_after_apply"
"175287","82652af2-f680-4983-bc65-ca9735d9a76f","a6a98484-26be-483d-a4a9-374b0fc40134","Работа и мощность тока, закон Джоуля-Ленца","0.95","лёгкая","missing_after_apply"
"175231","e3a280ee-4fc9-4495-857b-89954bddee2d","7f5b64d2-fed0-494b-b096-68508ddaec58","Сила тока, напряжение, сопротивление","0.95","лёгкая","missing_after_apply"
"158959","5c3d64d2-fcc4-431d-9406-75aee904bc22","7f5b64d2-fed0-494b-b096-68508ddaec58","Сила тока, напряжение, сопротивление","0.95","средняя","missing_after_apply"
"177382","9c52e662-cb80-405b-8e1b-5df302b98fb2","2d245347-68ec-4912-a16c-c4bba8748730","Закон Кулона","0.95","лёгкая","missing_after_apply"
"94357","86e1ce45-61ff-4365-a26f-ede384940db2","a6a98484-26be-483d-a4a9-374b0fc40134","Работа и мощность тока, закон Джоуля-Ленца","0.95","лёгкая","missing_after_apply"
"176019","684ce88c-f7e7-4061-baea-5546dd29efeb","2d245347-68ec-4912-a16c-c4bba8748730","Закон Кулона","0.95","лёгкая","missing_after_apply"
"102203","221c69f2-c255-4986-a1db-ad97cda89054","2d245347-68ec-4912-a16c-c4bba8748730","Закон Кулона","0.95","средняя","missing_after_apply"
"94215","07543702-6c96-499e-a879-c064e964e212","7f5b64d2-fed0-494b-b096-68508ddaec58","Сила тока, напряжение, сопротивление","0.95","лёгкая","missing_after_apply"
"39109","f90b1c56-8bcf-4ce7-9184-12d5ee9b3561","2d245347-68ec-4912-a16c-c4bba8748730","Закон Кулона","0.95","средняя","missing_after_apply"
"165567","c4e681c7-f912-4042-9adf-cf2760c5ddf6","1fdbe34f-b66c-4a48-840a-092c1a630f19","Последовательное и параллельное соединение","0.95","средняя","missing_after_apply"
"65074","3674b1c5-df31-4eb5-b7af-4b9983320191","1fdbe34f-b66c-4a48-840a-092c1a630f19","Последовательное и параллельное соединение","0.95","средняя","missing_after_apply"
"165565","d4312647-1b95-4d0c-8f8e-e208abdc5f0e","a6a98484-26be-483d-a4a9-374b0fc40134","Работа и мощность тока, закон Джоуля-Ленца","0.95","лёгкая","missing_after_apply"
"96717","c687495b-f8cd-421f-9063-c56b56f1eab5","2d245347-68ec-4912-a16c-c4bba8748730","Закон Кулона","0.95","лёгкая","missing_after_apply"
"102640","5f370dc1-f487-48af-b0f1-115169eb0a43","1fdbe34f-b66c-4a48-840a-092c1a630f19","Последовательное и параллельное соединение","0.95","средняя","missing_after_apply"
"12740","0ab5f3a4-5d09-4246-9963-6c83103777f4","a6a98484-26be-483d-a4a9-374b0fc40134","Работа и мощность тока, закон Джоуля-Ленца","0.95","лёгкая","missing_after_apply"
"115779","cab6e33c-d87b-444b-8ad5-6afed911ef92","a6a98484-26be-483d-a4a9-374b0fc40134","Работа и мощность тока, закон Джоуля-Ленца","0.95","средняя","missing_after_apply"
"11363","f333256f-ef59-460e-b28b-b6bc53a18660","2d245347-68ec-4912-a16c-c4bba8748730","Закон Кулона","0.95","лёгкая","missing_after_apply"
"64767","91232094-bb48-47c6-b45a-bdc41424a0f3","1fdbe34f-b66c-4a48-840a-092c1a630f19","Последовательное и параллельное соединение","0.95","средняя","missing_after_apply"
"91581","f036046c-70f9-4914-bb3c-517537ece1d1","2d245347-68ec-4912-a16c-c4bba8748730","Закон Кулона","0.95","лёгкая","missing_after_apply"
"12741","aeec1318-0bdd-47ec-b8e7-506c560f8140","a6a98484-26be-483d-a4a9-374b0fc40134","Работа и мощность тока, закон Джоуля-Ленца","0.95","лёгкая","missing_after_apply"
"96821","50f8e40d-0d44-41aa-bae7-98e66416e993","a6a98484-26be-483d-a4a9-374b0fc40134","Работа и мощность тока, закон Джоуля-Ленца","0.95","лёгкая","missing_after_apply"
"130421","a888cf6b-65d0-4aba-a019-0610d6f8eee4","1fdbe34f-b66c-4a48-840a-092c1a630f19","Последовательное и параллельное соединение","0.95","лёгкая","missing_after_apply"
"136727","5030ce40-30dc-40a9-95c8-7e5668b6591c","2d245347-68ec-4912-a16c-c4bba8748730","Закон Кулона","0.95","лёгкая","missing_after_apply"
"104256","e9184ddf-6987-48b2-af0b-686d00b7fad4","1fdbe34f-b66c-4a48-840a-092c1a630f19","Последовательное и параллельное соединение","0.95","средняя","missing_after_apply"
"102722","cc87a964-bd1e-43bf-9a93-c4c1e535c18b","1fdbe34f-b66c-4a48-840a-092c1a630f19","Последовательное и параллельное соединение","0.95","средняя","missing_after_apply"
"104255","9e375072-7e66-4bf0-8643-5e2c723474e4","3bfe5c89-607b-4c04-9494-2a091d377e80","Расчёт электрических цепей","0.95","средняя","missing_after_apply"
"126650","b815506d-3680-4479-8fd6-9d0aae732a7e","15e4b0bf-a396-4f7b-a4e1-52e0dbb7c71f","Работа электрического поля","0.95","лёгкая","missing_after_apply"
"131008","70836ebd-d73b-46f5-ac03-a31cf2f2409f","1fdbe34f-b66c-4a48-840a-092c1a630f19","Последовательное и параллельное соединение","0.95","средняя","missing_after_apply"
"132875","fedfdd92-ee47-45eb-a725-fbf727b2510c","859d21d0-be98-403b-bcc2-9076952df6f5","Соединение конденсаторов","0.9","средняя","missing_after_apply"
"136197","18563932-69cf-43da-9678-00b9d934cc27","a6a98484-26be-483d-a4a9-374b0fc40134","Работа и мощность тока, закон Джоуля-Ленца","0.95","средняя","missing_after_apply"
"137125","a29e1937-450b-4ef8-82b2-886148229e95","a6a98484-26be-483d-a4a9-374b0fc40134","Работа и мощность тока, закон Джоуля-Ленца","0.95","средняя","missing_after_apply"
"121348","5a5ae75e-9a68-4da9-8074-9bc48a4fba2e","8bbb5507-6364-4078-89d1-a423f766858f","Конденсаторы, электроёмкость","0.95","средняя","missing_after_apply"
"133172","12eab9a5-f077-491f-b608-e3b33dffc16a","8bbb5507-6364-4078-89d1-a423f766858f","Конденсаторы, электроёмкость","0.95","средняя","missing_after_apply"
"136570","57616bd3-2ab2-4e6a-9a67-332dc304e863","dc496a1c-70de-4c40-8cb0-e0d1641ec5db","Энергия электрического поля","0.95","средняя","missing_after_apply"
"138150","aa53d571-4113-415e-b346-83687ef8198c","7f5b64d2-fed0-494b-b096-68508ddaec58","Сила тока, напряжение, сопротивление","0.95","лёгкая","missing_after_apply"
"121349","4533cee5-457a-47ca-a033-ae8a3a8905c8","7f5b64d2-fed0-494b-b096-68508ddaec58","Сила тока, напряжение, сопротивление","0.95","лёгкая","missing_after_apply"
"136872","c49c8156-c282-4e53-baa5-7d38eb147b2f","a6a98484-26be-483d-a4a9-374b0fc40134","Работа и мощность тока, закон Джоуля-Ленца","0.95","лёгкая","missing_after_apply"
"138151","eccd4f9c-5f73-43e1-993e-37c428231d6d","7f5b64d2-fed0-494b-b096-68508ddaec58","Сила тока, напряжение, сопротивление","0.95","лёгкая","missing_after_apply"
"139081","8d83fcb1-573e-4762-aff9-c5d067329133","a6a98484-26be-483d-a4a9-374b0fc40134","Работа и мощность тока, закон Джоуля-Ленца","0.95","средняя","missing_after_apply"
"134189","449a18e1-fc92-4e8c-9dec-6ad946f466c4","a6a98484-26be-483d-a4a9-374b0fc40134","Работа и мощность тока, закон Джоуля-Ленца","0.95","средняя","missing_after_apply"
"139170","4a542f76-63c0-4c1a-9b42-07b3678bddf4","1fdbe34f-b66c-4a48-840a-092c1a630f19","Последовательное и параллельное соединение","0.95","средняя","missing_after_apply"
"135421","3f41d039-c2d2-47f8-96b9-c3014a565e79","bf4f6e6b-cb9d-474f-ae44-31bb9a73c141","Сила Ампера","0.95","лёгкая","missing_after_apply"
"138602","1335a1b5-202d-451f-b702-da2c5ec0d73a","2d245347-68ec-4912-a16c-c4bba8748730","Закон Кулона","0.95","лёгкая","missing_after_apply"
"141700","6038f0b8-3e31-4190-87c4-d6399a811105","282a35f4-efda-46c0-b9f4-73120001845d","Напряжённость электрического поля","0.95","средняя","missing_after_apply"
"139125","65da9c78-512b-4d65-9e1f-d11faf50f31d","7f5b64d2-fed0-494b-b096-68508ddaec58","Сила тока, напряжение, сопротивление","0.95","средняя","missing_after_apply"
"139085","249fd3af-b3a9-4330-9dc4-331619770218","7f5b64d2-fed0-494b-b096-68508ddaec58","Сила тока, напряжение, сопротивление","0.95","лёгкая","missing_after_apply"
"138560","ad291b9a-fb17-463d-aed6-bdf40281f46f","8bbb5507-6364-4078-89d1-a423f766858f","Конденсаторы, электроёмкость","0.95","лёгкая","missing_after_apply"
"141137","6421dfbb-465d-4ecd-a885-8547749e75d7","7f5b64d2-fed0-494b-b096-68508ddaec58","Сила тока, напряжение, сопротивление","0.95","лёгкая","missing_after_apply"
"139172","f317970f-e91d-41a2-8cbd-8a54f248ca18","1fdbe34f-b66c-4a48-840a-092c1a630f19","Последовательное и параллельное соединение","0.95","средняя","missing_after_apply"
"163435","96769391-caf1-4321-abff-691b800642dd","a6a98484-26be-483d-a4a9-374b0fc40134","Работа и мощность тока, закон Джоуля-Ленца","0.95","лёгкая","missing_after_apply"
"139637","174665e4-b583-42ec-b259-972531dcf152","282a35f4-efda-46c0-b9f4-73120001845d","Напряжённость электрического поля","0.95","средняя","missing_after_apply"
"143860","42f07e03-c81f-47c9-b016-64b31139d224","7f5b64d2-fed0-494b-b096-68508ddaec58","Сила тока, напряжение, сопротивление","0.95","средняя","missing_after_apply"
"177183","7ed67bc8-aee2-4c95-92bf-fb84570f1124","7f5b64d2-fed0-494b-b096-68508ddaec58","Сила тока, напряжение, сопротивление","0.95","лёгкая","missing_after_apply"
"102238","e8cb62bb-c5e2-4c55-988d-d2a6f5e0fc10","2d245347-68ec-4912-a16c-c4bba8748730","Закон Кулона","0.95","средняя","missing_after_apply"
"84722","68b1bc8e-7105-4552-918f-e16527709d5c","7f5b64d2-fed0-494b-b096-68508ddaec58","Сила тока, напряжение, сопротивление","0.95","средняя","missing_after_apply"
"169034","74c4ea4c-a8ee-4112-8eb9-294610e3f137","1fdbe34f-b66c-4a48-840a-092c1a630f19","Последовательное и параллельное соединение","0.95","средняя","missing_after_apply"
"96554","32b81510-e1b9-4e92-a3b0-5c37ad7db2ec","1fdbe34f-b66c-4a48-840a-092c1a630f19","Последовательное и параллельное соединение","0.95","лёгкая","missing_after_apply"
"175286","1b853e1a-b4a4-45d8-93cd-3a4009e76b20","7f5b64d2-fed0-494b-b096-68508ddaec58","Сила тока, напряжение, сопротивление","0.95","лёгкая","missing_after_apply"
"177341","3204873f-d61d-445d-88db-2490e85ecec8","7f5b64d2-fed0-494b-b096-68508ddaec58","Сила тока, напряжение, сопротивление","0.95","лёгкая","missing_after_apply"
"168203","71cab72b-5844-48c0-9266-0a1a0de14302","2d245347-68ec-4912-a16c-c4bba8748730","Закон Кулона","0.95","лёгкая","missing_after_apply"
"102391","69667b9e-94ad-4532-9621-6db1c24c373f","2d245347-68ec-4912-a16c-c4bba8748730","Закон Кулона","0.95","лёгкая","missing_after_apply"
"177479","8c97c0d4-293e-451c-8ea2-a30dd2c2b8ff","7f5b64d2-fed0-494b-b096-68508ddaec58","Сила тока, напряжение, сопротивление","0.95","средняя","missing_after_apply"
"11362","b540d4ee-e1aa-44fa-86c5-20ddcdcdbf6b","2d245347-68ec-4912-a16c-c4bba8748730","Закон Кулона","0.95","лёгкая","missing_after_apply"
"103132","80668757-d23d-462c-adc0-ff547a7ee334","a6a98484-26be-483d-a4a9-374b0fc40134","Работа и мощность тока, закон Джоуля-Ленца","0.95","лёгкая","missing_after_apply"
"120744","9c02b668-6e22-4c2a-aed8-92d79e6448fa","7f5b64d2-fed0-494b-b096-68508ddaec58","Сила тока, напряжение, сопротивление","0.95","лёгкая","missing_after_apply"
"11952","d3737bfb-fe12-4256-b12f-ba6c4677ed92","1fdbe34f-b66c-4a48-840a-092c1a630f19","Последовательное и параллельное соединение","0.95","средняя","missing_after_apply"
"143459","bc234c68-e6fa-4981-8404-443f74c5ffda","7f5b64d2-fed0-494b-b096-68508ddaec58","Сила тока, напряжение, сопротивление","0.95","лёгкая","missing_after_apply"
"34590","03276ff6-7c15-49dc-a96a-ea794aa0364f","2d245347-68ec-4912-a16c-c4bba8748730","Закон Кулона","0.95","лёгкая","missing_after_apply"
"114712","ba0ee1c5-fcb2-4ac2-912b-5e1ef185648b","a6a98484-26be-483d-a4a9-374b0fc40134","Работа и мощность тока, закон Джоуля-Ленца","0.95","лёгкая","missing_after_apply"
"134192","6dacc355-3b00-4967-9daf-738792d5bf37","019020c4-13bf-418c-b366-63bf09d42066","Электромагнитные колебания, колебательный контур","0.95","средняя","missing_after_apply"
"103134","9fffeb1f-aaf0-4197-99af-36bb0d509ae3","2d245347-68ec-4912-a16c-c4bba8748730","Закон Кулона","0.95","средняя","missing_after_apply"
"130528","a1a18bd3-9b2e-4028-9b60-c14c4a68b317","1fdbe34f-b66c-4a48-840a-092c1a630f19","Последовательное и параллельное соединение","0.95","лёгкая","missing_after_apply"
"126474","03af73c0-92f5-4980-8a8e-f712709df4b0","15e4b0bf-a396-4f7b-a4e1-52e0dbb7c71f","Работа электрического поля","0.95","лёгкая","missing_after_apply"
"140673","12d9d430-6935-435d-9d76-8cb125c229c9","282a35f4-efda-46c0-b9f4-73120001845d","Напряжённость электрического поля","0.95","средняя","missing_after_apply"
"155754","a75022c6-55e5-4fe3-895d-f4e6f8045e00","09e6c95c-cb15-4184-985c-193b3f790571","Закон Ома для полной цепи (ЭДС)","0.95","лёгкая","missing_after_apply"
"138769","42a7d4a5-33b9-4b9c-b30b-3980bbad5ee8","eaafc38d-1303-4dde-b415-305b21bbc419","Радиоактивность, виды распада","0.95","сложная","missing_after_apply"
"143457","c4479862-fe38-454d-85f9-da0e92cab955","282a35f4-efda-46c0-b9f4-73120001845d","Напряжённость электрического поля","0.95","средняя","missing_after_apply"
"155613","668cbc87-b0af-4a6b-b73b-376bdf4bbaff","09e6c95c-cb15-4184-985c-193b3f790571","Закон Ома для полной цепи (ЭДС)","0.95","лёгкая","missing_after_apply"
"139080","1ab5bcf2-f8ea-4574-891c-1fcacd84e470","a6a98484-26be-483d-a4a9-374b0fc40134","Работа и мощность тока, закон Джоуля-Ленца","0.95","средняя","missing_after_apply"
"95159","fc19639d-30d6-4996-bbc5-1c265b0c27df","3bfe5c89-607b-4c04-9494-2a091d377e80","Расчёт электрических цепей","0.95","средняя","missing_after_apply"
"102430","6bb5aaf3-1329-480f-af38-85287c53d00d","2d245347-68ec-4912-a16c-c4bba8748730","Закон Кулона","0.95","лёгкая","missing_after_apply"
"165566","1dee08b4-d515-4f94-bb22-729914e64ffd","7f5b64d2-fed0-494b-b096-68508ddaec58","Сила тока, напряжение, сопротивление","0.95","лёгкая","missing_after_apply"
"160119","69632b3e-fe0e-44d0-81bd-8d5641016c21","2d245347-68ec-4912-a16c-c4bba8748730","Закон Кулона","0.95","средняя","missing_after_apply"
"96671","d6a345df-eb8d-4529-8e4f-abab9b427d95","2d245347-68ec-4912-a16c-c4bba8748730","Закон Кулона","0.95","лёгкая","missing_after_apply"
"125766","ad5811b3-ea5d-4335-9601-855012c8778b","2d245347-68ec-4912-a16c-c4bba8748730","Закон Кулона","0.95","лёгкая","missing_after_apply"
"18390","b90536c2-da1d-4442-a0a0-578be5deb12a","7f5b64d2-fed0-494b-b096-68508ddaec58","Сила тока, напряжение, сопротивление","0.95","лёгкая","missing_after_apply"
"11950","44d0ca0e-6f0d-459b-861b-16f6cdbeb05f","3bfe5c89-607b-4c04-9494-2a091d377e80","Расчёт электрических цепей","0.95","средняя","missing_after_apply"
"120743","020552c8-645e-4eaa-941c-be38c5240dc2","8bbb5507-6364-4078-89d1-a423f766858f","Конденсаторы, электроёмкость","0.95","средняя","missing_after_apply"
"135534","92118261-08fc-42eb-a4e3-0f5e4f823bda","1fdbe34f-b66c-4a48-840a-092c1a630f19","Последовательное и параллельное соединение","0.95","средняя","missing_after_apply"
"11409","389d02c0-abcf-46f6-bf3d-d1344f143fff","2d245347-68ec-4912-a16c-c4bba8748730","Закон Кулона","0.95","лёгкая","missing_after_apply"
"11957","ba78e8d4-9720-40a8-b560-155db27f68d8","1fdbe34f-b66c-4a48-840a-092c1a630f19","Последовательное и параллельное соединение","0.95","средняя","missing_after_apply"
"137123","9abf5782-ffa4-4200-8346-d5a309393fa0","a6a98484-26be-483d-a4a9-374b0fc40134","Работа и мощность тока, закон Джоуля-Ленца","0.95","средняя","missing_after_apply"
"98119","48a83386-6e25-4e85-8316-817d965ec4cf","a6a98484-26be-483d-a4a9-374b0fc40134","Работа и мощность тока, закон Джоуля-Ленца","0.95","средняя","missing_after_apply"
"135419","ec965e8a-7c19-4939-a2be-0bab6bdbc5e5","1fdbe34f-b66c-4a48-840a-092c1a630f19","Последовательное и параллельное соединение","0.95","средняя","missing_after_apply"
"137122","0262f96c-57fc-42b1-89d9-f71d84272ccf","2d245347-68ec-4912-a16c-c4bba8748730","Закон Кулона","0.95","средняя","missing_after_apply"
"138639","480e3332-0a10-49b4-9bb8-d6de80d441a1","2d245347-68ec-4912-a16c-c4bba8748730","Закон Кулона","0.95","лёгкая","missing_after_apply"
"136971","67b9a7e7-8773-4a5c-a850-8d1a56963bdb","a6a98484-26be-483d-a4a9-374b0fc40134","Работа и мощность тока, закон Джоуля-Ленца","0.95","лёгкая","missing_after_apply"
"137121","1cc3d3d8-f944-4eb2-8306-ab576b1544b6","2d245347-68ec-4912-a16c-c4bba8748730","Закон Кулона","0.95","средняя","missing_after_apply"
"141701","4073bf0e-1cac-4137-86bb-34297d2d96ec","7f5b64d2-fed0-494b-b096-68508ddaec58","Сила тока, напряжение, сопротивление","0.95","лёгкая","missing_after_apply"
"138773","7e9672c4-ecbf-4dac-87c4-4e592809f9c3","eaafc38d-1303-4dde-b415-305b21bbc419","Радиоактивность, виды распада","0.95","сложная","missing_after_apply"
"139639","a585dff9-b724-4327-a952-2a4cfe12d69d","282a35f4-efda-46c0-b9f4-73120001845d","Напряжённость электрического поля","0.95","средняя","missing_after_apply"
"143879","b6562df9-d2ee-4556-8c58-2f24527466c3","282a35f4-efda-46c0-b9f4-73120001845d","Напряжённость электрического поля","0.95","средняя","missing_after_apply"
"178359","b48b829a-1a20-48e4-ab85-5718670970b7","09e6c95c-cb15-4184-985c-193b3f790571","Закон Ома для полной цепи (ЭДС)","0.95","лёгкая","missing_after_apply"
"12454","1d478182-428d-4972-bef5-5acf35448ef0","61ebc2e0-9d14-4f93-ae46-8943bb279889","Влажность воздуха","0.95","средняя","missing_after_apply"
"96348","295edcb8-2206-471f-b8f4-11b18d63f385","92c499aa-3df6-4335-a036-24219b611408","Основное уравнение МКТ","0.95","средняя","missing_after_apply"
"11089","27f2b9d1-880a-416f-b256-204b86ca43e5","92c499aa-3df6-4335-a036-24219b611408","Основное уравнение МКТ","0.95","лёгкая","missing_after_apply"
"22572","1f8aacfe-fac4-4804-b4a7-1dd588c5b838","92c499aa-3df6-4335-a036-24219b611408","Основное уравнение МКТ","0.95","лёгкая","missing_after_apply"
"102426","6afdfb45-cbbe-4c74-94ef-dd1ac5ce3a62","92c499aa-3df6-4335-a036-24219b611408","Основное уравнение МКТ","0.95","лёгкая","missing_after_apply"
"96549","04d143a4-7475-4437-93d9-bb4cfe471670","92c499aa-3df6-4335-a036-24219b611408","Основное уравнение МКТ","0.95","средняя","missing_after_apply"
"125765","03ca0c88-45c9-46c6-a92f-c41c28a990ad","92c499aa-3df6-4335-a036-24219b611408","Основное уравнение МКТ","0.95","средняя","missing_after_apply"
"103090","3359556b-84da-4450-99df-19b9e8a6ef4a","92c499aa-3df6-4335-a036-24219b611408","Основное уравнение МКТ","0.95","лёгкая","missing_after_apply"
"158955","44e85f1e-a95d-4b8e-8f6f-bfc3367e321e","92c499aa-3df6-4335-a036-24219b611408","Основное уравнение МКТ","0.95","средняя","missing_after_apply"
"158781","af98fd00-b6db-4cd5-a48d-ed6707b996b5","92c499aa-3df6-4335-a036-24219b611408","Основное уравнение МКТ","0.95","средняя","missing_after_apply"
"168921","15f6d4ab-642c-4049-8847-c70442a68dc8","77f30a76-213f-4e80-b0dd-b296539dcaa3","Уравнение состояния идеального газа (Менделеева-Клапейрона)","0.95","средняя","missing_after_apply"
"94011","97d6ea36-0252-46eb-b119-07c36946eca4","92c499aa-3df6-4335-a036-24219b611408","Основное уравнение МКТ","0.95","средняя","missing_after_apply"
"168205","31b6b38b-6e17-4de8-8906-1771319306ba","92c499aa-3df6-4335-a036-24219b611408","Основное уравнение МКТ","0.95","лёгкая","missing_after_apply"
"12239","dd3a549e-baba-47c7-a27e-1ef9966ab852","77f30a76-213f-4e80-b0dd-b296539dcaa3","Уравнение состояния идеального газа (Менделеева-Клапейрона)","0.95","средняя","missing_after_apply"
"169648","d0d5d029-566f-4d70-8204-71c4439d8597","92c499aa-3df6-4335-a036-24219b611408","Основное уравнение МКТ","0.95","средняя","missing_after_apply"
"12468","aafea261-0276-4eaf-be35-f5094a7c573d","61ebc2e0-9d14-4f93-ae46-8943bb279889","Влажность воздуха","0.95","сложная","missing_after_apply"
"125562","e6817a7c-7a9c-4d1d-8dd1-6e760bd28d95","92c499aa-3df6-4335-a036-24219b611408","Основное уравнение МКТ","0.95","средняя","missing_after_apply"
"24179","df483e7d-c07a-4dfb-9480-20c0f35983f1","61ebc2e0-9d14-4f93-ae46-8943bb279889","Влажность воздуха","0.95","средняя","missing_after_apply"
"96185","490bf3f3-2e23-4f18-b293-6020e024c536","92c499aa-3df6-4335-a036-24219b611408","Основное уравнение МКТ","0.95","лёгкая","missing_after_apply"
"177366","562da587-d7ff-47df-87f4-3f624e054bb7","92c499aa-3df6-4335-a036-24219b611408","Основное уравнение МКТ","0.95","средняя","missing_after_apply"
"114707","3dfc1567-878d-4da2-a78e-86154223f452","63286143-8bd2-4207-abf6-a0633f570716","Агрегатные переходы (плавление, парообразование)","0.95","лёгкая","missing_after_apply"
"136851","c3eeaba9-d3e1-4074-b4b1-6e8f2f74e8c0","77f30a76-213f-4e80-b0dd-b296539dcaa3","Уравнение состояния идеального газа (Менделеева-Клапейрона)","0.95","средняя","missing_after_apply"
"112685","fd3a235d-f35b-44ce-9d5b-b90293827065","77f30a76-213f-4e80-b0dd-b296539dcaa3","Уравнение состояния идеального газа (Менделеева-Клапейрона)","0.95","лёгкая","missing_after_apply"
"94083","7e70fcec-7af2-4e14-a8c7-eda5f6ceb675","92c499aa-3df6-4335-a036-24219b611408","Основное уравнение МКТ","0.95","лёгкая","missing_after_apply"
"94932","f8449df2-46b2-4c2b-9499-05795933fac1","77f30a76-213f-4e80-b0dd-b296539dcaa3","Уравнение состояния идеального газа (Менделеева-Клапейрона)","0.95","средняя","missing_after_apply"
"12225","26388b4e-34be-4734-a3a3-a6bbcd2ccfe0","77f30a76-213f-4e80-b0dd-b296539dcaa3","Уравнение состояния идеального газа (Менделеева-Клапейрона)","0.95","средняя","missing_after_apply"
"178843","08a414c1-60fd-4691-bfce-6544c88fe97e","973e904d-33c9-494b-b3da-4c34a48b4b20","Внутренняя энергия газа","0.95","средняя","missing_after_apply"
"65071","b1485013-ab44-47bc-b194-919387439c67","77f30a76-213f-4e80-b0dd-b296539dcaa3","Уравнение состояния идеального газа (Менделеева-Клапейрона)","0.95","средняя","missing_after_apply"
"92295","30655c53-5d6b-459e-9d36-d19ffd010db5","77f30a76-213f-4e80-b0dd-b296539dcaa3","Уравнение состояния идеального газа (Менделеева-Клапейрона)","0.95","средняя","missing_after_apply"
"11090","b0c68856-224a-4bff-a98e-15f3d1e9c55f","92c499aa-3df6-4335-a036-24219b611408","Основное уравнение МКТ","0.95","средняя","missing_after_apply"
"177339","ee4406f2-5af5-4c4c-9d6e-8800a943ef97","5ee4e31f-8b00-45ef-a1aa-607856809c83","Графики изопроцессов","0.95","средняя","missing_after_apply"
"12238","d53ea652-c6b6-4571-ac72-0e5f44620bca","77f30a76-213f-4e80-b0dd-b296539dcaa3","Уравнение состояния идеального газа (Менделеева-Клапейрона)","0.95","средняя","missing_after_apply"
"12226","1bf5b342-f94d-442d-8d8e-ff06f0c3cc0f","77f30a76-213f-4e80-b0dd-b296539dcaa3","Уравнение состояния идеального газа (Менделеева-Клапейрона)","0.95","лёгкая","missing_after_apply"
"115441","7c8b88b7-7d38-4b80-bb9c-8431db9a337d","77f30a76-213f-4e80-b0dd-b296539dcaa3","Уравнение состояния идеального газа (Менделеева-Клапейрона)","0.95","средняя","missing_after_apply"
"96013","a10c0437-d2ee-42e2-9cc2-a3385f5e07e3","92c499aa-3df6-4335-a036-24219b611408","Основное уравнение МКТ","0.95","средняя","missing_after_apply"
"91983","2f335777-cd38-41e9-9fff-be7abcc730a7","77f30a76-213f-4e80-b0dd-b296539dcaa3","Уравнение состояния идеального газа (Менделеева-Клапейрона)","0.95","средняя","missing_after_apply"
"102718","ba7e85a6-81dc-46ae-bd24-507438f1c871","92c499aa-3df6-4335-a036-24219b611408","Основное уравнение МКТ","0.95","лёгкая","missing_after_apply"
"160939","6c7f57cb-2fce-45ac-aac8-fd64324643d4","92c499aa-3df6-4335-a036-24219b611408","Основное уравнение МКТ","0.95","средняя","missing_after_apply"
"102038","8475c634-122f-4bef-a5e1-e3e039ef0b1c","3a3372ab-387c-4614-a852-42dade28c3b7","Изопроцессы","0.95","лёгкая","missing_after_apply"
"160117","47202331-61fc-4649-a600-c3142e5eb107","77f30a76-213f-4e80-b0dd-b296539dcaa3","Уравнение состояния идеального газа (Менделеева-Клапейрона)","0.95","лёгкая","missing_after_apply"
"102199","6402db41-44cf-41f0-9fc0-812a1ab66b67","92c499aa-3df6-4335-a036-24219b611408","Основное уравнение МКТ","0.95","средняя","missing_after_apply"
"103084","9c77f83f-1c88-49b4-aa22-38dfcb9009ac","77f30a76-213f-4e80-b0dd-b296539dcaa3","Уравнение состояния идеального газа (Менделеева-Клапейрона)","0.95","средняя","missing_after_apply"
"159029","3e4b6338-ed48-4533-88c6-429294efb991","92c499aa-3df6-4335-a036-24219b611408","Основное уравнение МКТ","0.95","средняя","missing_after_apply"
"103087","7abc34ca-3433-4811-b150-a9c697f66910","92c499aa-3df6-4335-a036-24219b611408","Основное уравнение МКТ","0.95","средняя","missing_after_apply"
"102219","82ebd218-aa6b-4603-95dd-f58433901763","92c499aa-3df6-4335-a036-24219b611408","Основное уравнение МКТ","0.95","средняя","missing_after_apply"
"12459","304ce709-78e8-468e-83d3-2048eacbf83e","61ebc2e0-9d14-4f93-ae46-8943bb279889","Влажность воздуха","0.95","средняя","missing_after_apply"
"12453","f0521a62-6031-4da6-92f8-72f206b40e4b","3a3372ab-387c-4614-a852-42dade28c3b7","Изопроцессы","0.95","средняя","missing_after_apply"
"12465","768be314-aa71-4ed7-a594-39b49daa78ca","61ebc2e0-9d14-4f93-ae46-8943bb279889","Влажность воздуха","0.95","средняя","missing_after_apply"
"94463","cb96040d-1876-4b25-9289-4e5387fa4b65","92c499aa-3df6-4335-a036-24219b611408","Основное уравнение МКТ","0.95","лёгкая","missing_after_apply"
"103086","13c54c43-6164-4afc-b8e8-d80b677d15c4","92c499aa-3df6-4335-a036-24219b611408","Основное уравнение МКТ","0.95","средняя","missing_after_apply"
"12450","19d53b55-c2f2-4799-b6f9-9a85de5173d4","61ebc2e0-9d14-4f93-ae46-8943bb279889","Влажность воздуха","0.95","средняя","missing_after_apply"
"12460","1e185458-8fe6-40b2-ac31-c1d07a8ee16c","61ebc2e0-9d14-4f93-ae46-8943bb279889","Влажность воздуха","0.95","средняя","missing_after_apply"
"12470","15bee97f-aa2c-4b68-8f02-136755bc0ea8","61ebc2e0-9d14-4f93-ae46-8943bb279889","Влажность воздуха","0.95","средняя","missing_after_apply"
"128747","144dcb37-a623-43ff-a362-a8ad5841e6d0","77f30a76-213f-4e80-b0dd-b296539dcaa3","Уравнение состояния идеального газа (Менделеева-Клапейрона)","0.95","средняя","missing_after_apply"
"12462","2034b9f5-83b6-4a30-9e4f-f99ca0722325","61ebc2e0-9d14-4f93-ae46-8943bb279889","Влажность воздуха","0.95","лёгкая","missing_after_apply"
"12471","4db45533-f929-47c8-a068-c2a28604e4fc","61ebc2e0-9d14-4f93-ae46-8943bb279889","Влажность воздуха","0.95","средняя","missing_after_apply"
"27724","3b2c1415-0aa5-4899-b7c3-b1fec183c974","3a3372ab-387c-4614-a852-42dade28c3b7","Изопроцессы","0.95","средняя","missing_after_apply"
"96093","da07f203-ce38-4f65-8d46-beadee6de81b","61ebc2e0-9d14-4f93-ae46-8943bb279889","Влажность воздуха","0.95","средняя","missing_after_apply"
"12466","ff02609a-2690-4cf9-8680-ade1537b8469","61ebc2e0-9d14-4f93-ae46-8943bb279889","Влажность воздуха","0.95","лёгкая","missing_after_apply"
"39723","e46a1dd9-9605-4b47-9a3f-8f56eb20c3ea","61ebc2e0-9d14-4f93-ae46-8943bb279889","Влажность воздуха","0.95","средняя","missing_after_apply"
"92327","c3de6fd6-f100-4be9-b98c-0e56e9cef096","61ebc2e0-9d14-4f93-ae46-8943bb279889","Влажность воздуха","0.95","лёгкая","missing_after_apply"
"96186","79f3b6f3-475c-4db4-a56f-6cc3063af20f","61ebc2e0-9d14-4f93-ae46-8943bb279889","Влажность воздуха","0.95","средняя","missing_after_apply"
"12467","bc04eb12-9475-4062-9402-154ec10a3b6f","61ebc2e0-9d14-4f93-ae46-8943bb279889","Влажность воздуха","0.95","средняя","missing_after_apply"
"120736","fc60007b-9e02-40ef-b61a-5a82c35a5588","6918f1ff-251c-4dbe-ba73-51eb58a2072f","Насыщенный пар","0.95","средняя","missing_after_apply"
"91691","add242b7-16bc-4b68-ac37-fb1c28763c1f","61ebc2e0-9d14-4f93-ae46-8943bb279889","Влажность воздуха","0.95","средняя","missing_after_apply"
"121343","42af600c-e62b-4c28-b688-aa8e56b2bcc7","77f30a76-213f-4e80-b0dd-b296539dcaa3","Уравнение состояния идеального газа (Менделеева-Клапейрона)","0.95","средняя","missing_after_apply"
"130820","64438e75-53f5-4763-84a3-6110a8134f54","77f30a76-213f-4e80-b0dd-b296539dcaa3","Уравнение состояния идеального газа (Менделеева-Клапейрона)","0.95","средняя","missing_after_apply"
"94212","553ee44a-8344-43d8-9354-2dfd95314564","6918f1ff-251c-4dbe-ba73-51eb58a2072f","Насыщенный пар","0.95","средняя","missing_after_apply"
"94354","0077f4be-0643-4e89-8945-22d6a0fafa56","61ebc2e0-9d14-4f93-ae46-8943bb279889","Влажность воздуха","0.95","лёгкая","missing_after_apply"
"104243","6f56e14f-ac67-4205-802a-aee4b42a52fe","92c499aa-3df6-4335-a036-24219b611408","Основное уравнение МКТ","0.95","средняя","missing_after_apply"
"120731","c422ac35-7c00-4c64-8953-34449fb667a9","77f30a76-213f-4e80-b0dd-b296539dcaa3","Уравнение состояния идеального газа (Менделеева-Клапейрона)","0.95","средняя","missing_after_apply"
"126639","2bf965a8-cf75-4227-b460-59162a36f3b8","61ebc2e0-9d14-4f93-ae46-8943bb279889","Влажность воздуха","0.95","средняя","missing_after_apply"
"133150","baa07988-f3b4-4fb2-a9ae-d5c2e4d922e8","92c499aa-3df6-4335-a036-24219b611408","Основное уравнение МКТ","0.95","средняя","missing_after_apply"
"94464","315fa89d-9c91-456a-ab83-c489c22b114b","61ebc2e0-9d14-4f93-ae46-8943bb279889","Влажность воздуха","0.95","лёгкая","missing_after_apply"
"146768","38666f16-69b0-44dd-8245-4491b973593b","92c499aa-3df6-4335-a036-24219b611408","Основное уравнение МКТ","0.95","средняя","missing_after_apply"
"130506","8516617a-1f64-445b-bcf8-aaa365ac777d","92c499aa-3df6-4335-a036-24219b611408","Основное уравнение МКТ","0.95","средняя","missing_after_apply"
"137051","a0983511-8fa3-473c-ac98-36d37086ec7d","77f30a76-213f-4e80-b0dd-b296539dcaa3","Уравнение состояния идеального газа (Менделеева-Клапейрона)","0.95","средняя","missing_after_apply"
"138691","bd032e2e-ca01-4e04-af6d-53ede43fd276","77f30a76-213f-4e80-b0dd-b296539dcaa3","Уравнение состояния идеального газа (Менделеева-Клапейрона)","0.95","средняя","missing_after_apply"
"136950","545b83c2-b556-4fa6-9bec-6287be86e760","92c499aa-3df6-4335-a036-24219b611408","Основное уравнение МКТ","0.95","средняя","missing_after_apply"
"139108","950d4a4b-6599-4793-a95f-402f908f37f8","92c499aa-3df6-4335-a036-24219b611408","Основное уравнение МКТ","0.95","средняя","missing_after_apply"
"138598","f8220178-8fdc-4b87-bd7b-9e8258fda796","77f30a76-213f-4e80-b0dd-b296539dcaa3","Уравнение состояния идеального газа (Менделеева-Клапейрона)","0.95","средняя","missing_after_apply"
"137055","527fcffd-f7f8-48d7-a867-f3cc2082a2e5","77f30a76-213f-4e80-b0dd-b296539dcaa3","Уравнение состояния идеального газа (Менделеева-Клапейрона)","0.95","средняя","missing_after_apply"
"138889","ad994515-19fe-4496-b91a-0710ada22c2c","92c499aa-3df6-4335-a036-24219b611408","Основное уравнение МКТ","0.95","средняя","missing_after_apply"
"139624","7150c27b-a29e-4a52-857d-4acefe9551e7","973e904d-33c9-494b-b3da-4c34a48b4b20","Внутренняя энергия газа","0.95","средняя","missing_after_apply"
"135530","e31c0215-5b17-41ee-b7f5-bc4d2a7ba682","77f30a76-213f-4e80-b0dd-b296539dcaa3","Уравнение состояния идеального газа (Менделеева-Клапейрона)","0.95","средняя","missing_after_apply"
"139066","aa5178d5-2cee-4c7f-b07c-ec33fdd68a87","92c499aa-3df6-4335-a036-24219b611408","Основное уравнение МКТ","0.95","средняя","missing_after_apply"
"137539","61090470-11fd-4b1b-aa4a-54c6117cb617","77f30a76-213f-4e80-b0dd-b296539dcaa3","Уравнение состояния идеального газа (Менделеева-Клапейрона)","0.95","средняя","missing_after_apply"
"143768","09cbb02f-4453-4ab4-86e6-51ad0d51dc01","77f30a76-213f-4e80-b0dd-b296539dcaa3","Уравнение состояния идеального газа (Менделеева-Клапейрона)","0.95","средняя","missing_after_apply"
"139067","633d5fac-6bda-4f79-b553-99a44f32e794","92c499aa-3df6-4335-a036-24219b611408","Основное уравнение МКТ","0.95","средняя","missing_after_apply"
"137540","11c08d15-0ccd-4529-b8d6-238e501fe884","77f30a76-213f-4e80-b0dd-b296539dcaa3","Уравнение состояния идеального газа (Менделеева-Клапейрона)","0.95","средняя","missing_after_apply"
"140671","fab09390-c4be-41a8-8034-a1899e348188","973e904d-33c9-494b-b3da-4c34a48b4b20","Внутренняя энергия газа","0.95","сложная","missing_after_apply"
"139111","86011f8d-374c-4303-9ad1-86d3c5de06e2","61ebc2e0-9d14-4f93-ae46-8943bb279889","Влажность воздуха","0.95","средняя","missing_after_apply"
"155749","aec8170f-4029-42d3-8a4a-f7cc037e288d","92c499aa-3df6-4335-a036-24219b611408","Основное уравнение МКТ","0.95","лёгкая","missing_after_apply"
"141690","7c833acd-bad1-45f9-89c7-6c16ca2bf5ec","92c499aa-3df6-4335-a036-24219b611408","Основное уравнение МКТ","0.95","средняя","missing_after_apply"
"141124","03f53bab-8dcc-4fb9-825b-38e4f41113b9","77f30a76-213f-4e80-b0dd-b296539dcaa3","Уравнение состояния идеального газа (Менделеева-Клапейрона)","0.95","средняя","missing_after_apply"
"92325","05b05e8c-efaa-41b5-ba53-991a1a79f2ac","92c499aa-3df6-4335-a036-24219b611408","Основное уравнение МКТ","0.95","средняя","missing_after_apply"
"34586","350111f2-9aa0-42b0-ad10-7074dee34cd5","92c499aa-3df6-4335-a036-24219b611408","Основное уравнение МКТ","0.95","средняя","missing_after_apply"
"114658","7f71c56c-a259-4c23-8042-ee631ab26075","77f30a76-213f-4e80-b0dd-b296539dcaa3","Уравнение состояния идеального газа (Менделеева-Клапейрона)","0.95","лёгкая","missing_after_apply"
"91766","bb2691b6-03fd-4553-9294-a4e848fa715d","77f30a76-213f-4e80-b0dd-b296539dcaa3","Уравнение состояния идеального газа (Менделеева-Клапейрона)","0.95","средняя","missing_after_apply"
"103089","9f0a22a5-5c48-4851-84e4-903b9a2685c1","77f30a76-213f-4e80-b0dd-b296539dcaa3","Уравнение состояния идеального газа (Менделеева-Клапейрона)","0.95","лёгкая","missing_after_apply"
"64982","24e7f844-7be0-40dd-aef1-6168f31cbab6","92c499aa-3df6-4335-a036-24219b611408","Основное уравнение МКТ","0.95","лёгкая","missing_after_apply"
"96092","a388839b-7c79-4c04-b94c-77646ebb907a","92c499aa-3df6-4335-a036-24219b611408","Основное уравнение МКТ","0.95","лёгкая","missing_after_apply"
"12240","5dcf3571-3dd7-4a97-8399-4b736e7ab880","77f30a76-213f-4e80-b0dd-b296539dcaa3","Уравнение состояния идеального газа (Менделеева-Клапейрона)","0.95","средняя","missing_after_apply"
"96917","6ce640ef-a881-4713-948b-6ec4d18d9ab7","77f30a76-213f-4e80-b0dd-b296539dcaa3","Уравнение состояния идеального газа (Менделеева-Клапейрона)","0.95","лёгкая","missing_after_apply"
"39100","1272d135-20d9-4440-a46c-a05f64fd011d","92c499aa-3df6-4335-a036-24219b611408","Основное уравнение МКТ","0.95","средняя","missing_after_apply"
"92321","1ff5f180-8e4e-43a2-b0fc-2036c58243ee","898671a3-5724-42b5-b555-8430582a2ead","Механические волны, звук","0.95","лёгкая","missing_after_apply"
"94211","681815ad-2357-4fec-b305-5dcebefe7db5","92c499aa-3df6-4335-a036-24219b611408","Основное уравнение МКТ","0.95","лёгкая","missing_after_apply"
"97552","17363400-a017-4485-aa8f-9dddedf17e71","77f30a76-213f-4e80-b0dd-b296539dcaa3","Уравнение состояния идеального газа (Менделеева-Клапейрона)","0.95","лёгкая","missing_after_apply"
"95507","56444b5c-2191-4475-b37d-be9d1069d791","92c499aa-3df6-4335-a036-24219b611408","Основное уравнение МКТ","0.95","средняя","missing_after_apply"
"12457","d174ad33-7c39-41b4-bc36-39ad579166e9","61ebc2e0-9d14-4f93-ae46-8943bb279889","Влажность воздуха","0.95","лёгкая","missing_after_apply"
"121344","7632b1e9-999f-4d52-85d7-5f52f0fd6782","61ebc2e0-9d14-4f93-ae46-8943bb279889","Влажность воздуха","0.95","средняя","missing_after_apply"
"176003","d282d246-7533-484b-8428-c6b9cbd1fbc8","77f30a76-213f-4e80-b0dd-b296539dcaa3","Уравнение состояния идеального газа (Менделеева-Клапейрона)","0.95","средняя","missing_after_apply"
"94934","e73001a9-fe0f-4a34-b9c8-7704d1652ac1","61ebc2e0-9d14-4f93-ae46-8943bb279889","Влажность воздуха","0.95","средняя","missing_after_apply"
"18388","f039d103-5de9-4b4b-879e-42c0d537dcaa","61ebc2e0-9d14-4f93-ae46-8943bb279889","Влажность воздуха","0.95","лёгкая","missing_after_apply"
"134164","396b6eac-b8a7-48f7-880c-be7fa350accb","77f30a76-213f-4e80-b0dd-b296539dcaa3","Уравнение состояния идеального газа (Менделеева-Клапейрона)","0.95","средняя","missing_after_apply"
"12458","1097d2ca-175f-4116-bfa3-0654ed7d4345","61ebc2e0-9d14-4f93-ae46-8943bb279889","Влажность воздуха","0.95","средняя","missing_after_apply"
"135469","866f9395-acf5-466b-a23f-c8aae3ed52c0","92c499aa-3df6-4335-a036-24219b611408","Основное уравнение МКТ","0.95","средняя","missing_after_apply"
"64692","c2ed76b2-6a61-4aa1-82a6-1ce4445bcdb2","61ebc2e0-9d14-4f93-ae46-8943bb279889","Влажность воздуха","0.95","средняя","missing_after_apply"
"143878","ac71ce3c-d2c2-49fd-a775-8ea569dff4f0","973e904d-33c9-494b-b3da-4c34a48b4b20","Внутренняя энергия газа","0.95","сложная","missing_after_apply"
"60867","b7ce3fb1-c010-43f4-9813-f4020c60a2a3","61ebc2e0-9d14-4f93-ae46-8943bb279889","Влажность воздуха","0.95","лёгкая","missing_after_apply"
"143446","977e1004-c54a-49ca-a34a-51cf7e346472","92c499aa-3df6-4335-a036-24219b611408","Основное уравнение МКТ","0.95","средняя","missing_after_apply"
"64484","72db11b2-0fb2-48ad-b389-d14dfcdfb130","61ebc2e0-9d14-4f93-ae46-8943bb279889","Влажность воздуха","0.95","средняя","missing_after_apply"
"132870","0eaa16cd-a735-4fe1-b331-d033aa88fb00","92c499aa-3df6-4335-a036-24219b611408","Основное уравнение МКТ","0.95","средняя","missing_after_apply"
"136482","973f8e43-b08c-4c15-8119-73c53e74f70f","92c499aa-3df6-4335-a036-24219b611408","Основное уравнение МКТ","0.95","средняя","missing_after_apply"
"139625","6864c3ef-a201-4a65-b492-673e709602bb","973e904d-33c9-494b-b3da-4c34a48b4b20","Внутренняя энергия газа","0.95","средняя","missing_after_apply"
"97740","c853f199-8021-4931-ae1c-eba4cde6fbff","898671a3-5724-42b5-b555-8430582a2ead","Механические волны, звук","0.95","лёгкая","missing_after_apply"
"138635","e0f11d75-5f4b-4f92-8f10-c0e910d32da8","77f30a76-213f-4e80-b0dd-b296539dcaa3","Уравнение состояния идеального газа (Менделеева-Клапейрона)","0.95","средняя","missing_after_apply"
"139113","75ca3f32-a36e-41c2-98ae-426c3f801f92","61ebc2e0-9d14-4f93-ae46-8943bb279889","Влажность воздуха","0.95","средняя","missing_after_apply"
"12456","8f2b9de0-4344-4285-bf5d-2549a0675f57","61ebc2e0-9d14-4f93-ae46-8943bb279889","Влажность воздуха","0.95","средняя","missing_after_apply"
"11128","f4491287-4db6-4436-901a-65e80ee2149d","92c499aa-3df6-4335-a036-24219b611408","Основное уравнение МКТ","0.95","лёгкая","missing_after_apply"
"168644","231069c1-07e9-4d93-9f26-c511a4eb242c","92c499aa-3df6-4335-a036-24219b611408","Основное уравнение МКТ","0.95","средняя","missing_after_apply"
"97742","21e35ba0-620b-4588-b2c8-c4e7ff01e475","77f30a76-213f-4e80-b0dd-b296539dcaa3","Уравнение состояния идеального газа (Менделеева-Клапейрона)","0.95","лёгкая","missing_after_apply"
"94733","106272e3-244e-43d9-8233-e146e73a3760","77f30a76-213f-4e80-b0dd-b296539dcaa3","Уравнение состояния идеального газа (Менделеева-Клапейрона)","0.95","средняя","missing_after_apply"
"22574","ff392c66-cfe9-456a-9e95-7c588cffcbcd","61ebc2e0-9d14-4f93-ae46-8943bb279889","Влажность воздуха","0.95","сложная","missing_after_apply"
"130377","c72767cf-1bad-4f8d-96cf-d3c517c05a02","6918f1ff-251c-4dbe-ba73-51eb58a2072f","Насыщенный пар","0.95","лёгкая","missing_after_apply"
"103088","6a007938-f109-4973-85f2-617f21e3475b","92c499aa-3df6-4335-a036-24219b611408","Основное уравнение МКТ","0.95","средняя","missing_after_apply"
"12451","e84bfff0-0723-4904-9d71-0111fb6020fb","61ebc2e0-9d14-4f93-ae46-8943bb279889","Влажность воздуха","0.95","средняя","missing_after_apply"
"136483","875ccd53-f5fa-4018-8492-8231dba44f49","61ebc2e0-9d14-4f93-ae46-8943bb279889","Влажность воздуха","0.95","средняя","missing_after_apply"
"126770","4147a229-940b-40ef-992a-b8408b18fd22","77f30a76-213f-4e80-b0dd-b296539dcaa3","Уравнение состояния идеального газа (Менделеева-Клапейрона)","0.95","средняя","missing_after_apply"
"104242","022ad732-9989-4fdb-b0ff-be437bef8b33","92c499aa-3df6-4335-a036-24219b611408","Основное уравнение МКТ","0.95","средняя","missing_after_apply"
"11091","aeef01a5-f908-4c96-a43a-d30ebd29e1eb","92c499aa-3df6-4335-a036-24219b611408","Основное уравнение МКТ","0.95","средняя","missing_after_apply"
"136694","57a16a83-bfa8-4095-ab7b-8e38904f3181","77f30a76-213f-4e80-b0dd-b296539dcaa3","Уравнение состояния идеального газа (Менделеева-Клапейрона)","0.95","средняя","missing_after_apply"
"103085","00e81ecc-1e20-44fa-b31b-703cb420e8e0","77f30a76-213f-4e80-b0dd-b296539dcaa3","Уравнение состояния идеального газа (Менделеева-Клапейрона)","0.95","лёгкая","missing_after_apply"
"126456","9a09d61f-f19f-4c58-a41f-32bdb6e65d01","77f30a76-213f-4e80-b0dd-b296539dcaa3","Уравнение состояния идеального газа (Менделеева-Клапейрона)","0.95","средняя","missing_after_apply"
"130521","14a1b272-cf92-41f0-89a1-3dcccc8464a9","6918f1ff-251c-4dbe-ba73-51eb58a2072f","Насыщенный пар","0.95","лёгкая","missing_after_apply"
"96817","736b5a4d-6c89-40bf-9739-fb3fcb106529","77f30a76-213f-4e80-b0dd-b296539dcaa3","Уравнение состояния идеального газа (Менделеева-Клапейрона)","0.95","лёгкая","missing_after_apply"
"183288","88423911-99a8-480d-bbd6-fa8d6a1a7e25","77f30a76-213f-4e80-b0dd-b296539dcaa3","Уравнение состояния идеального газа (Менделеева-Клапейрона)","0.95","средняя","missing_after_apply"
"135329","6f33b76e-c714-4e25-9415-1bfdd643bcbb","77f30a76-213f-4e80-b0dd-b296539dcaa3","Уравнение состояния идеального газа (Менделеева-Клапейрона)","0.95","средняя","missing_after_apply"
"136967","a7e5780a-40c0-4325-8ed3-01841ba78bcb","61ebc2e0-9d14-4f93-ae46-8943bb279889","Влажность воздуха","0.95","средняя","missing_after_apply"
"161209","c0d63fbd-2fb1-48dd-b90b-511d2c3fc6a3","77f30a76-213f-4e80-b0dd-b296539dcaa3","Уравнение состояния идеального газа (Менделеева-Клапейрона)","0.95","средняя","missing_after_apply"
"12463","b496e64c-b16d-401b-a529-a0ec813f9080","61ebc2e0-9d14-4f93-ae46-8943bb279889","Влажность воздуха","0.95","лёгкая","missing_after_apply"
"94735","eb9d5156-0f84-492e-b96c-8172a02929b2","61ebc2e0-9d14-4f93-ae46-8943bb279889","Влажность воздуха","0.95","средняя","missing_after_apply"
"130376","bf649855-dd50-4b41-933a-f42bc2e441dd","92c499aa-3df6-4335-a036-24219b611408","Основное уравнение МКТ","0.95","средняя","missing_after_apply"
"139107","981b29f1-8a9b-4f2d-a8af-47c1a59c756a","92c499aa-3df6-4335-a036-24219b611408","Основное уравнение МКТ","0.95","средняя","missing_after_apply"
"126457","81a37fa0-094e-4071-ba80-62fae321b51e","61ebc2e0-9d14-4f93-ae46-8943bb279889","Влажность воздуха","0.95","средняя","missing_after_apply"
"135325","60b5a1a3-9ee6-495a-b2b6-585792a24598","92c499aa-3df6-4335-a036-24219b611408","Основное уравнение МКТ","0.95","средняя","missing_after_apply"
"155608","928baf90-698c-40ae-ac73-f13d258ba469","92c499aa-3df6-4335-a036-24219b611408","Основное уравнение МКТ","0.95","лёгкая","missing_after_apply"
"138690","9b9de4f5-b1a0-4725-a797-a34294297c60","77f30a76-213f-4e80-b0dd-b296539dcaa3","Уравнение состояния идеального газа (Менделеева-Клапейрона)","0.95","средняя","missing_after_apply"
"96564","9571ed41-5492-48ad-bd07-90f0da9c7979","92c499aa-3df6-4335-a036-24219b611408","Основное уравнение МКТ","0.95","средняя","missing_after_apply"
"96362","91622549-e9e3-430d-b7aa-163f36d73981","92c499aa-3df6-4335-a036-24219b611408","Основное уравнение МКТ","0.95","средняя","missing_after_apply"
"136826","91da6bd2-7752-4a13-8cec-73c04c780f4e","e369dffe-6559-4954-8050-8d41d1e6b84e","Центр тяжести","0.95","средняя","missing_after_apply"
"94461","c283ef95-e1de-477d-ad0e-0d70ff024d5e","a61293f9-8a4a-4a9d-836c-fb1d617bf961","Графики движения (x-t, v-t, a-t)","0.95","средняя","missing_after_apply"
"112686","2e38dd7e-6e4c-4058-b148-8eaa376d154d","63286143-8bd2-4207-abf6-a0633f570716","Агрегатные переходы (плавление, парообразование)","0.95","лёгкая","missing_after_apply"
"13009","3a094921-8744-45b5-95b7-a0886998ed28","90ae48ff-fb53-42ab-bc93-a7d4b3dcffe0","Математический и пружинный маятник","0.95","средняя","missing_after_apply"
"103432","4f08ac51-524d-4185-8ac8-a97bdf00a81a","898671a3-5724-42b5-b555-8430582a2ead","Механические волны, звук","0.95","лёгкая","missing_after_apply"
"155601","d3f820cf-de6e-4c1b-9a5b-59a622feb681","ffca6ba7-889d-4abe-8d92-e1e1d5ab1c49","Давление жидкости","0.95","лёгкая","missing_after_apply"
"86203","93057d94-18f9-409a-882c-1d9d37bd0a9f","d990b470-e47d-4f73-b895-427f26b0c233","Гармонические колебания","0.95","лёгкая","missing_after_apply"
"13008","a7bb18dc-a593-4431-a6ab-7affccab1ecf","90ae48ff-fb53-42ab-bc93-a7d4b3dcffe0","Математический и пружинный маятник","0.95","средняя","missing_after_apply"
"84714","c10108f1-170b-42bd-bf6e-813d2d9b1b57","81ff7bcf-312a-4e72-ac82-de97b383b6bf","Закон Архимеда, плавание тел","0.95","лёгкая","missing_after_apply"
"65356","c4d66857-954e-48ae-b7cc-7f9a530fa39a","e8c6865b-99f5-4065-b0a4-d5732deda411","Момент силы, рычаг","0.95","средняя","missing_after_apply"
"155745","34474a91-b8c8-40e8-ae16-9feb68d50fb1","ffca6ba7-889d-4abe-8d92-e1e1d5ab1c49","Давление жидкости","0.95","лёгкая","missing_after_apply"
"13016","d8b1ffbd-8028-439b-b94b-c20db1e6e8ed","90ae48ff-fb53-42ab-bc93-a7d4b3dcffe0","Математический и пружинный маятник","0.95","лёгкая","missing_after_apply"
"96546","96f84210-871a-42e0-b61c-8cc53a4981b2","90ae48ff-fb53-42ab-bc93-a7d4b3dcffe0","Математический и пружинный маятник","0.95","средняя","missing_after_apply"
"172927","fb41aca1-2cdb-490c-8ce3-9ed9e1e7ee26","90ae48ff-fb53-42ab-bc93-a7d4b3dcffe0","Математический и пружинный маятник","0.95","лёгкая","missing_after_apply"
"12980","ee6c2c65-0795-4d86-a5ba-cca732abae86","e8c6865b-99f5-4065-b0a4-d5732deda411","Момент силы, рычаг","0.95","лёгкая","missing_after_apply"
"103358","8f6ac680-629c-442d-9d77-6e9f66b608c6","e8c6865b-99f5-4065-b0a4-d5732deda411","Момент силы, рычаг","0.95","лёгкая","missing_after_apply"
"39718","27f9b124-946b-4304-a3ea-ec0b60b9a909","d990b470-e47d-4f73-b895-427f26b0c233","Гармонические колебания","0.95","лёгкая","missing_after_apply"
"65187","7630b153-7fcb-4e93-a9f8-87bbbf1ee79b","90ae48ff-fb53-42ab-bc93-a7d4b3dcffe0","Математический и пружинный маятник","0.95","средняя","missing_after_apply"
"178915","a73ad710-14a1-49b6-ba22-ea38f19ebb0d","90ae48ff-fb53-42ab-bc93-a7d4b3dcffe0","Математический и пружинный маятник","0.95","средняя","missing_after_apply"
"64482","b24a0317-74ff-4457-8fa5-fc95d8a75373","e8c6865b-99f5-4065-b0a4-d5732deda411","Момент силы, рычаг","0.95","лёгкая","missing_after_apply"
"94008","09c1e3e0-6973-4636-891e-0023d920be74","90ae48ff-fb53-42ab-bc93-a7d4b3dcffe0","Математический и пружинный маятник","0.95","средняя","missing_after_apply"
"130499","b2966939-3231-41be-8050-8a28aab6d819","ffca6ba7-889d-4abe-8d92-e1e1d5ab1c49","Давление жидкости","0.95","средняя","missing_after_apply"
"13011","67c64182-9e35-46b3-9e07-b477d8d0f049","d990b470-e47d-4f73-b895-427f26b0c233","Гармонические колебания","0.95","лёгкая","missing_after_apply"
"158778","313adc53-7fa0-44e5-a0a3-9f7b1555d5a5","e8c6865b-99f5-4065-b0a4-d5732deda411","Момент силы, рычаг","0.95","средняя","missing_after_apply"
"175999","369e2a5f-8bba-4fad-8273-d910158b698e","81ff7bcf-312a-4e72-ac82-de97b383b6bf","Закон Архимеда, плавание тел","0.95","лёгкая","missing_after_apply"
"141116","0e8dfabf-1cb2-44c6-a42d-1c84978e362b","ffca6ba7-889d-4abe-8d92-e1e1d5ab1c49","Давление жидкости","0.95","средняя","missing_after_apply"
"141619","4d5b480e-4fff-4b78-9db2-8c7c6a271c12","ffca6ba7-889d-4abe-8d92-e1e1d5ab1c49","Давление жидкости","0.95","средняя","missing_after_apply"
"142482","13c80bee-d08f-4807-a60c-ffc6e78c43f5","ffca6ba7-889d-4abe-8d92-e1e1d5ab1c49","Давление жидкости","0.95","средняя","missing_after_apply"
"146758","ba16857e-8e5e-46cd-9a39-f499fbb897b3","e8c6865b-99f5-4065-b0a4-d5732deda411","Момент силы, рычаг","0.95","средняя","missing_after_apply"
"91688","a19069da-3cb2-403c-98d5-8e27150a5a8a","90ae48ff-fb53-42ab-bc93-a7d4b3dcffe0","Математический и пружинный маятник","0.95","средняя","missing_after_apply"
"102948","6eacb175-1d6d-4eb1-88fa-d06fccb32b6d","90ae48ff-fb53-42ab-bc93-a7d4b3dcffe0","Математический и пружинный маятник","0.95","лёгкая","missing_after_apply"
"102945","10198df6-cd03-4e00-8083-20c975fcfded","90ae48ff-fb53-42ab-bc93-a7d4b3dcffe0","Математический и пружинный маятник","0.95","лёгкая","missing_after_apply"
"13006","10bd1b02-dac9-4905-9b8b-2d102aee8db1","90ae48ff-fb53-42ab-bc93-a7d4b3dcffe0","Математический и пружинный маятник","0.95","средняя","missing_after_apply"
"102390","f8f2b4e3-63d7-47ba-8892-55e98ee33c5c","5ee4e31f-8b00-45ef-a1aa-607856809c83","Графики изопроцессов","0.95","средняя","missing_after_apply"
"13007","ecaeb0cf-41e5-4283-b5e0-6eba956daf8b","90ae48ff-fb53-42ab-bc93-a7d4b3dcffe0","Математический и пружинный маятник","0.95","средняя","missing_after_apply"
"117351","c3ec84ac-8ef0-46f0-8fd6-fcdcef461ff2","90ae48ff-fb53-42ab-bc93-a7d4b3dcffe0","Математический и пружинный маятник","0.95","лёгкая","missing_after_apply"
"94081","aa2004bf-7fa4-4e2a-a2c5-40530be4118f","e8c6865b-99f5-4065-b0a4-d5732deda411","Момент силы, рычаг","0.95","лёгкая","missing_after_apply"
"12981","778788de-ccc2-47ba-afe2-e27668b67fb0","e8c6865b-99f5-4065-b0a4-d5732deda411","Момент силы, рычаг","0.95","средняя","missing_after_apply"
"12984","800742c8-c758-4f4e-8801-68ecf84b13ea","e8c6865b-99f5-4065-b0a4-d5732deda411","Момент силы, рычаг","0.95","лёгкая","missing_after_apply"
"136671","9f38c754-b8b8-44dc-b1f6-e5c57fba5e90","90ae48ff-fb53-42ab-bc93-a7d4b3dcffe0","Математический и пружинный маятник","0.95","средняя","missing_after_apply"
"13023","1b4902d0-edba-4dfb-8474-de371d0f6e1d","90ae48ff-fb53-42ab-bc93-a7d4b3dcffe0","Математический и пружинный маятник","0.95","лёгкая","missing_after_apply"
"96345","7dc9a551-5f51-4613-9184-a9ac14d90092","90ae48ff-fb53-42ab-bc93-a7d4b3dcffe0","Математический и пружинный маятник","0.95","средняя","missing_after_apply"
"94208","1d1e920b-a53d-4d0a-b3ad-aa1fb7602fe8","e8c6865b-99f5-4065-b0a4-d5732deda411","Момент силы, рычаг","0.95","лёгкая","missing_after_apply"
"177171","cb533698-38be-41b1-9c1c-fe768dab6a93","e8c6865b-99f5-4065-b0a4-d5732deda411","Момент силы, рычаг","0.95","лёгкая","missing_after_apply"
"34582","6169e1e1-cd71-4782-9ed1-6ed7f278a1f3","e8c6865b-99f5-4065-b0a4-d5732deda411","Момент силы, рычаг","0.95","лёгкая","missing_after_apply"
"12958","3c5257bd-5ceb-450e-b747-53ba69663ef6","81ff7bcf-312a-4e72-ac82-de97b383b6bf","Закон Архимеда, плавание тел","0.95","средняя","missing_after_apply"
"13019","d53970ae-8e0a-431c-82d8-92dfbe3b9a64","90ae48ff-fb53-42ab-bc93-a7d4b3dcffe0","Математический и пружинный маятник","0.95","средняя","missing_after_apply"
"178840","d90c9065-8732-4a44-9e4a-cf83756a78a3","e8c6865b-99f5-4065-b0a4-d5732deda411","Момент силы, рычаг","0.95","лёгкая","missing_after_apply"
"96663","3239597c-69f1-4885-9300-2c9923555536","81ff7bcf-312a-4e72-ac82-de97b383b6bf","Закон Архимеда, плавание тел","0.95","лёгкая","missing_after_apply"
"160943","82761dad-93e9-45df-ab36-6307d997a2bf","81ff7bcf-312a-4e72-ac82-de97b383b6bf","Закон Архимеда, плавание тел","0.95","лёгкая","missing_after_apply"
"13033","c4eef79d-cd32-479b-919f-945f91315085","898671a3-5724-42b5-b555-8430582a2ead","Механические волны, звук","0.95","лёгкая","missing_after_apply"
"160114","2e64d2c4-25d9-4734-bed6-d2c77b8738c4","e8c6865b-99f5-4065-b0a4-d5732deda411","Момент силы, рычаг","0.95","лёгкая","missing_after_apply"
"12490","0785683a-1487-4613-a6a5-5a7c1849b99b","5ee4e31f-8b00-45ef-a1aa-607856809c83","Графики изопроцессов","0.95","средняя","missing_after_apply"
"13029","e48eed36-8cf0-4bdf-a937-e78e241ea795","898671a3-5724-42b5-b555-8430582a2ead","Механические волны, звук","0.95","лёгкая","missing_after_apply"
"13030","7be0f18b-c013-4078-a48d-da616cb86be1","d990b470-e47d-4f73-b895-427f26b0c233","Гармонические колебания","0.95","лёгкая","missing_after_apply"
"185904","d8aabe32-7e4e-4695-a16d-94990cb44b4f","ffca6ba7-889d-4abe-8d92-e1e1d5ab1c49","Давление жидкости","0.95","лёгкая","missing_after_apply"
"102949","d55afe41-aac1-4000-a144-9dfc21a4d6f5","90ae48ff-fb53-42ab-bc93-a7d4b3dcffe0","Математический и пружинный маятник","0.95","средняя","missing_after_apply"
"13028","34531977-dbd3-4b47-8c85-70cfbca5eeff","898671a3-5724-42b5-b555-8430582a2ead","Механические волны, звук","0.95","лёгкая","missing_after_apply"
"12970","7992625b-304d-4a21-8a0f-4d7f2bc7d645","81ff7bcf-312a-4e72-ac82-de97b383b6bf","Закон Архимеда, плавание тел","0.95","лёгкая","missing_after_apply"
"64688","94e6bba1-eb8b-4033-8d5c-1d5b89029f45","ffca6ba7-889d-4abe-8d92-e1e1d5ab1c49","Давление жидкости","0.95","лёгкая","missing_after_apply"
"12960","bfc04f92-ed6a-4da2-a368-06d4b5ad381e","81ff7bcf-312a-4e72-ac82-de97b383b6bf","Закон Архимеда, плавание тел","0.95","лёгкая","missing_after_apply"
"92291","6a5d1df3-61cb-4cf8-8af4-452ebbf6eecf","ffca6ba7-889d-4abe-8d92-e1e1d5ab1c49","Давление жидкости","0.95","лёгкая","missing_after_apply"
"64376","520f105b-fe1c-4340-8dfb-37a2d4be5a2b","ffca6ba7-889d-4abe-8d92-e1e1d5ab1c49","Давление жидкости","0.95","лёгкая","missing_after_apply"
"13035","da19532e-7fd9-4eb8-a1b3-b2847cb3ccd3","898671a3-5724-42b5-b555-8430582a2ead","Механические волны, звук","0.95","лёгкая","missing_after_apply"
"96707","38364b80-b052-4abf-aef1-5d4b43ccfdb2","81ff7bcf-312a-4e72-ac82-de97b383b6bf","Закон Архимеда, плавание тел","0.95","лёгкая","missing_after_apply"
"64426","ebfcab04-4169-44c1-93c6-1cbe692ef14a","e8c6865b-99f5-4065-b0a4-d5732deda411","Момент силы, рычаг","0.95","средняя","missing_after_apply"
"175119","0edfc1c0-6e67-4936-a033-33e215745a59","81ff7bcf-312a-4e72-ac82-de97b383b6bf","Закон Архимеда, плавание тел","0.95","лёгкая","missing_after_apply"
"58071","a93779c8-328f-4f96-8a4a-7105e6f3b002","ffca6ba7-889d-4abe-8d92-e1e1d5ab1c49","Давление жидкости","0.95","лёгкая","missing_after_apply"
"158957","5448ed24-a797-4aa3-bc4a-c4c036e7caaf","3a3372ab-387c-4614-a852-42dade28c3b7","Изопроцессы","0.95","средняя","missing_after_apply"
"12949","f7b2dec3-f52c-4cdd-85f8-e26f4eb58d32","ffca6ba7-889d-4abe-8d92-e1e1d5ab1c49","Давление жидкости","0.95","лёгкая","missing_after_apply"
"13025","5871d617-c2f5-4cf5-badb-e593255ec425","90ae48ff-fb53-42ab-bc93-a7d4b3dcffe0","Математический и пружинный маятник","0.95","лёгкая","missing_after_apply"
"91447","97a39e0c-0cd9-46ca-890f-c1b3cd62ca85","898671a3-5724-42b5-b555-8430582a2ead","Механические волны, звук","0.95","лёгкая","missing_after_apply"
"13013","de32cdab-d664-4fcc-b74f-cf23b5af9206","90ae48ff-fb53-42ab-bc93-a7d4b3dcffe0","Математический и пружинный маятник","0.95","средняя","missing_after_apply"
"13014","d866f2a9-f146-44e3-9a84-5de64d7f1d6b","90ae48ff-fb53-42ab-bc93-a7d4b3dcffe0","Математический и пружинный маятник","0.95","средняя","missing_after_apply"
"12954","5c43f8e1-e19f-41e8-a1c2-9db86feafd1a","ffca6ba7-889d-4abe-8d92-e1e1d5ab1c49","Давление жидкости","0.95","лёгкая","missing_after_apply"
"172925","6beb0586-7dbd-45dc-9db0-c87fc7281c28","ffca6ba7-889d-4abe-8d92-e1e1d5ab1c49","Давление жидкости","0.95","лёгкая","missing_after_apply"
"102947","defd1e19-1e91-4965-a2e3-6a73af9d632a","e8c6865b-99f5-4065-b0a4-d5732deda411","Момент силы, рычаг","0.95","средняя","missing_after_apply"
"12948","57cb1e95-11c0-45c1-8fb1-f152058ac26f","ffca6ba7-889d-4abe-8d92-e1e1d5ab1c49","Давление жидкости","0.95","лёгкая","missing_after_apply"
"30730","24f57fb9-df00-4b27-952b-1f50795846f2","81ff7bcf-312a-4e72-ac82-de97b383b6bf","Закон Архимеда, плавание тел","0.95","лёгкая","missing_after_apply"
"97551","32400deb-21e6-4054-a6dc-c477b8e31657","898671a3-5724-42b5-b555-8430582a2ead","Механические волны, звук","0.95","лёгкая","missing_after_apply"
"96182","3730bbdb-a4d7-43b9-a373-72e5044490e7","81ff7bcf-312a-4e72-ac82-de97b383b6bf","Закон Архимеда, плавание тел","0.95","лёгкая","missing_after_apply"
"84270","1b78c730-5226-4f35-8b38-f492a02f6dfd","81ff7bcf-312a-4e72-ac82-de97b383b6bf","Закон Архимеда, плавание тел","0.95","лёгкая","missing_after_apply"
"102946","132fbcf7-2411-4883-befc-9c54b9788260","898671a3-5724-42b5-b555-8430582a2ead","Механические волны, звук","0.95","лёгкая","missing_after_apply"
"12951","5e6645d1-1835-4b47-9933-266234d5cc0f","ffca6ba7-889d-4abe-8d92-e1e1d5ab1c49","Давление жидкости","0.95","средняя","missing_after_apply"
"28080","ad8a07ea-4c44-4b6c-9240-acc272bd9fd1","898671a3-5724-42b5-b555-8430582a2ead","Механические волны, звук","0.95","лёгкая","missing_after_apply"
"133141","ad6b1f51-7140-4dc6-acf9-2913d8b73c29","662add6c-6ad6-4a05-b2e6-de8b7b4452fc","Работа и мощность","0.95","лёгкая","missing_after_apply"
"175148","f10f97a9-ac48-4713-a3ca-7007f911983f","81ff7bcf-312a-4e72-ac82-de97b383b6bf","Закон Архимеда, плавание тел","0.95","лёгкая","missing_after_apply"
"121806","9aca0e64-6e44-4410-b6eb-3ad2949117c5","898671a3-5724-42b5-b555-8430582a2ead","Механические волны, звук","0.95","лёгкая","missing_after_apply"
"133898","9ee08206-9905-4713-b653-3c6e109207f6","81ff7bcf-312a-4e72-ac82-de97b383b6bf","Закон Архимеда, плавание тел","0.95","лёгкая","missing_after_apply"
"104232","c6491ecb-8f19-46de-aebf-950849272cbe","e8c6865b-99f5-4065-b0a4-d5732deda411","Момент силы, рычаг","0.95","средняя","missing_after_apply"
"130369","acdbafe1-0241-4dd7-a4ab-5f7868093d1e","ffca6ba7-889d-4abe-8d92-e1e1d5ab1c49","Давление жидкости","0.95","средняя","missing_after_apply"
"12950","03c88c0b-9a2e-4fe6-a6d5-a416168cadbe","ffca6ba7-889d-4abe-8d92-e1e1d5ab1c49","Давление жидкости","0.95","лёгкая","missing_after_apply"
"58138","d77f776f-6f4d-4ca9-aaa7-7b57e92574f1","81ff7bcf-312a-4e72-ac82-de97b383b6bf","Закон Архимеда, плавание тел","0.95","средняя","missing_after_apply"
"126451","1d8b143b-1702-43d3-802e-8031e4c1d3d9","81ff7bcf-312a-4e72-ac82-de97b383b6bf","Закон Архимеда, плавание тел","0.95","средняя","missing_after_apply"
"135465","f914f708-60e5-4b3c-b0b7-f93e71e168b2","90ae48ff-fb53-42ab-bc93-a7d4b3dcffe0","Математический и пружинный маятник","0.95","средняя","missing_after_apply"
"138631","cf93cbd6-41e9-4714-a9e8-19849464c05b","81ff7bcf-312a-4e72-ac82-de97b383b6bf","Закон Архимеда, плавание тел","0.95","лёгкая","missing_after_apply"
"115435","e750383e-290f-420a-ada8-c3e8cc05ef09","90ae48ff-fb53-42ab-bc93-a7d4b3dcffe0","Математический и пружинный маятник","0.95","средняя","missing_after_apply"
"137486","9e73960e-6b0e-4774-bc9b-bbb351368be2","e8c6865b-99f5-4065-b0a4-d5732deda411","Момент силы, рычаг","0.95","лёгкая","missing_after_apply"
"121339","22910959-0c5c-44c7-8be7-742631655c5a","90ae48ff-fb53-42ab-bc93-a7d4b3dcffe0","Математический и пружинный маятник","0.95","средняя","missing_after_apply"
"135247","0784942c-cf1c-4bb3-a88c-b81a6c788532","90ae48ff-fb53-42ab-bc93-a7d4b3dcffe0","Математический и пружинный маятник","0.95","средняя","missing_after_apply"
"139091","8e99a698-5028-4a7f-b9ce-a7516c048916","898671a3-5724-42b5-b555-8430582a2ead","Механические волны, звук","0.95","средняя","missing_after_apply"
"139059","380c74f1-5c70-4da5-afe6-3c1361785e93","81ff7bcf-312a-4e72-ac82-de97b383b6bf","Закон Архимеда, плавание тел","0.95","средняя","missing_after_apply"
"137491","c81ebcfd-9eef-44d0-ad2b-c8304eb8524f","e8c6865b-99f5-4065-b0a4-d5732deda411","Момент силы, рычаг","0.95","лёгкая","missing_after_apply"
"136475","79fd827d-e942-47aa-86a2-c1a5ddce9580","e8c6865b-99f5-4065-b0a4-d5732deda411","Момент силы, рычаг","0.95","средняя","missing_after_apply"
"139058","78529910-d3a7-427b-a0ef-c582f223e9cb","81ff7bcf-312a-4e72-ac82-de97b383b6bf","Закон Архимеда, плавание тел","0.95","средняя","missing_after_apply"
"139092","118d1ea0-31da-4e64-a039-cf2b88a02f07","898671a3-5724-42b5-b555-8430582a2ead","Механические волны, звук","0.95","средняя","missing_after_apply"
"160008","e75adc5b-a94e-4803-aa62-dd18283ff7f7","90ae48ff-fb53-42ab-bc93-a7d4b3dcffe0","Математический и пружинный маятник","0.95","лёгкая","missing_after_apply"
"125764","0c478672-83e3-41b8-ba88-3d499eb7f136","90ae48ff-fb53-42ab-bc93-a7d4b3dcffe0","Математический и пружинный маятник","0.95","лёгкая","missing_after_apply"
"84060","58274e1b-a3dd-4cae-8ad2-12d2ed7d6458","90ae48ff-fb53-42ab-bc93-a7d4b3dcffe0","Математический и пружинный маятник","0.95","средняя","missing_after_apply"
"13037","54cb6de9-026c-4ac2-868e-e9b6626eea0d","898671a3-5724-42b5-b555-8430582a2ead","Механические волны, звук","0.95","лёгкая","missing_after_apply"
"112677","0be9c885-237c-4cf7-93ad-eb5105c8dc19","90ae48ff-fb53-42ab-bc93-a7d4b3dcffe0","Математический и пружинный маятник","0.95","средняя","missing_after_apply"
"13012","a38adb3e-1554-4cba-98e5-748e09036dca","90ae48ff-fb53-42ab-bc93-a7d4b3dcffe0","Математический и пружинный маятник","0.95","средняя","missing_after_apply"
"125796","a78a71f6-bcd8-4d48-9333-66ea99fb1fd3","90ae48ff-fb53-42ab-bc93-a7d4b3dcffe0","Математический и пружинный маятник","0.95","лёгкая","missing_after_apply"
"84913","52f23cbb-d27f-49af-8db1-52903cfe50eb","e8c6865b-99f5-4065-b0a4-d5732deda411","Момент силы, рычаг","0.95","лёгкая","missing_after_apply"
"103364","5d73579d-c3ad-4dbe-a4fc-04e01d9a976a","5ee4e31f-8b00-45ef-a1aa-607856809c83","Графики изопроцессов","0.95","средняя","missing_after_apply"
"91763","10e9f124-3335-4b0d-afff-48bd3d02b54f","90ae48ff-fb53-42ab-bc93-a7d4b3dcffe0","Математический и пружинный маятник","0.95","средняя","missing_after_apply"
"114647","89715148-bdfe-4f92-9e24-e6dc3faf8bde","90ae48ff-fb53-42ab-bc93-a7d4b3dcffe0","Математический и пружинный маятник","0.95","средняя","missing_after_apply"
"177337","c62b016e-8f79-4d3f-9b75-6899c7d46ac3","90ae48ff-fb53-42ab-bc93-a7d4b3dcffe0","Математический и пружинный маятник","0.95","средняя","missing_after_apply"
"13022","0a956f74-daac-4b38-a309-6aa797d341d1","d990b470-e47d-4f73-b895-427f26b0c233","Гармонические колебания","0.95","лёгкая","missing_after_apply"
"13017","acba74e9-d591-486b-84a8-cb0ab18298dc","90ae48ff-fb53-42ab-bc93-a7d4b3dcffe0","Математический и пружинный маятник","0.95","средняя","missing_after_apply"
"13021","63c3cd4a-d079-4f1f-9107-1f5b93e2dd6d","a61293f9-8a4a-4a9d-836c-fb1d617bf961","Графики движения (x-t, v-t, a-t)","0.95","лёгкая","missing_after_apply"
"12982","f86fa7dd-1eb0-4d2e-8234-d935b429bf38","e8c6865b-99f5-4065-b0a4-d5732deda411","Момент силы, рычаг","0.95","лёгкая","missing_after_apply"
"102054","6bba9ec4-da45-4c36-ac58-8411cc5fb754","92c499aa-3df6-4335-a036-24219b611408","Основное уравнение МКТ","0.9","средняя","missing_after_apply"
"169645","b1d5ebf6-08a4-49ed-855e-8da9c7ad8b97","90ae48ff-fb53-42ab-bc93-a7d4b3dcffe0","Математический и пружинный маятник","0.95","средняя","missing_after_apply"
"158952","bbd65c24-4744-43b3-af7b-2744c7783b7d","e8c6865b-99f5-4065-b0a4-d5732deda411","Момент силы, рычаг","0.95","средняя","missing_after_apply"
"117074","af0aac1a-84e6-40f1-92d6-0b9f365d3198","e8c6865b-99f5-4065-b0a4-d5732deda411","Момент силы, рычаг","0.95","лёгкая","missing_after_apply"
"27723","3773ab8e-5fcf-4fe9-954f-4b5f827a06cc","81ff7bcf-312a-4e72-ac82-de97b383b6bf","Закон Архимеда, плавание тел","0.95","лёгкая","missing_after_apply"
"58082","ba1b6531-7f35-4727-8177-8e304824d15d","ffca6ba7-889d-4abe-8d92-e1e1d5ab1c49","Давление жидкости","0.95","лёгкая","missing_after_apply"
"159026","23cef1c4-d95f-490f-aab2-d3f491153a0d","e8c6865b-99f5-4065-b0a4-d5732deda411","Момент силы, рычаг","0.95","средняя","missing_after_apply"
"64979","b09b1c75-041c-4437-b284-b00015b5f950","e8c6865b-99f5-4065-b0a4-d5732deda411","Момент силы, рычаг","0.95","лёгкая","missing_after_apply"
"175132","7d1530e7-ca95-4e3b-98a6-3ae7340348aa","81ff7bcf-312a-4e72-ac82-de97b383b6bf","Закон Архимеда, плавание тел","0.95","лёгкая","missing_after_apply"
"93781","3fb60d90-52a7-4abb-89d4-198f6eaae274","beb05615-48ed-4f52-b4d3-afe21f02f4ea","Превращение энергии при колебаниях","0.95","лёгкая","missing_after_apply"
"18386","9202d052-3af8-4add-9e10-ed4a23e00103","ffca6ba7-889d-4abe-8d92-e1e1d5ab1c49","Давление жидкости","0.95","лёгкая","missing_after_apply"
"183296","55854250-e0ca-42cb-b247-3a02917d59c3","81ff7bcf-312a-4e72-ac82-de97b383b6bf","Закон Архимеда, плавание тел","0.95","лёгкая","missing_after_apply"
"12956","add65f5e-90f6-41d0-8b25-cdfa87152bc0","ffca6ba7-889d-4abe-8d92-e1e1d5ab1c49","Давление жидкости","0.95","лёгкая","missing_after_apply"
"12952","75f5db8c-1aee-48be-a909-6f248e0fb630","ffca6ba7-889d-4abe-8d92-e1e1d5ab1c49","Давление жидкости","0.95","лёгкая","missing_after_apply"
"13036","e55c777b-e0f9-49a3-ab6b-effbef714f65","898671a3-5724-42b5-b555-8430582a2ead","Механические волны, звук","0.95","лёгкая","missing_after_apply"
"120681","6f0219d5-b8b6-4b79-bbd4-7c73d1546083","90ae48ff-fb53-42ab-bc93-a7d4b3dcffe0","Математический и пружинный маятник","0.95","средняя","missing_after_apply"
"91576","85d77d38-225d-4672-a4c6-ce7b0a44b8be","898671a3-5724-42b5-b555-8430582a2ead","Механические волны, звук","0.95","лёгкая","missing_after_apply"
"101949","556945a0-49e5-42c2-9bd5-8a6d354e0ab0","898671a3-5724-42b5-b555-8430582a2ead","Механические волны, звук","0.95","лёгкая","missing_after_apply"
"12968","e5cb84de-12b8-4015-86a5-c68e07e2e0aa","ce2a712e-2ad9-4c94-ab9c-c1b033adc733","Закон Паскаля","0.95","средняя","missing_after_apply"
"12955","23e4b357-b25e-4761-92c4-4a1ccc6316e8","ffca6ba7-889d-4abe-8d92-e1e1d5ab1c49","Давление жидкости","0.95","лёгкая","missing_after_apply"
"138593","8267a370-6438-4a18-a42a-976a1184f7a9","81ff7bcf-312a-4e72-ac82-de97b383b6bf","Закон Архимеда, плавание тел","0.95","лёгкая","missing_after_apply"
"104234","b8f090ce-1230-4ba1-b0e2-d0ad74734be7","e8c6865b-99f5-4065-b0a4-d5732deda411","Момент силы, рычаг","0.95","средняя","missing_after_apply"
"138869","af75d33a-cb0a-4eb3-b2ac-ee0ae02e60a8","ffca6ba7-889d-4abe-8d92-e1e1d5ab1c49","Давление жидкости","0.95","лёгкая","missing_after_apply"
"126618","6f9bd199-49af-4603-8383-5d30a09541db","81ff7bcf-312a-4e72-ac82-de97b383b6bf","Закон Архимеда, плавание тел","0.95","средняя","missing_after_apply"
"138673","06c61118-ea95-46f6-90a7-a1ac0abe5ff8","90ae48ff-fb53-42ab-bc93-a7d4b3dcffe0","Математический и пружинный маятник","0.95","лёгкая","missing_after_apply"
"131275","d8c1fb1a-8965-441b-879b-1f9c571f1b75","e369dffe-6559-4954-8050-8d41d1e6b84e","Центр тяжести","0.95","средняя","missing_after_apply"
"117361","fc7dc121-f7e5-4deb-955b-fcf1c5217cfd","898671a3-5724-42b5-b555-8430582a2ead","Механические волны, звук","0.95","лёгкая","missing_after_apply"
"102647","427deaa7-1353-42ad-b868-06f2b2e75e8b","0dad3f47-1aa4-4765-9f41-34a9a6005ed4","Законы Ньютона","0.95","средняя","missing_after_apply"
"96195","4479099f-0b30-4fe7-aef9-9701deffc974","864f3bc5-4561-4b0c-8f5f-37d5716e8da7","Сила трения","0.95","средняя","missing_after_apply"
"169712","fac60114-7112-40c3-9c68-43c67ed178ac","e8c6865b-99f5-4065-b0a4-d5732deda411","Момент силы, рычаг","0.95","средняя","missing_after_apply"
"178353","0f36d3a7-bc13-4f99-ae7b-0c14f1a9c887","019ee2aa-8647-4aa1-b4ba-c805df98fa80","Движение тела, брошенного под углом к горизонту","0.95","средняя","missing_after_apply"
"34599","3e738edd-843c-445e-b3ef-3672935d91ad","e8c6865b-99f5-4065-b0a4-d5732deda411","Момент силы, рычаг","0.95","средняя","missing_after_apply"
"165555","7a0a5f7a-eaf8-4ffa-b92a-3f49111d67b7","b62883d8-b923-4c11-809c-317c0eb233ad","Закон сохранения механической энергии","0.95","средняя","missing_after_apply"
"165561","5d95236e-1e59-4d25-8a3a-d45a2e17a625","019ee2aa-8647-4aa1-b4ba-c805df98fa80","Движение тела, брошенного под углом к горизонту","0.95","средняя","missing_after_apply"
"17543","e2430561-0357-487b-adec-60a9f8522034","019ee2aa-8647-4aa1-b4ba-c805df98fa80","Движение тела, брошенного под углом к горизонту","0.95","средняя","missing_after_apply"
"20560","4ad725e0-07e6-4e8a-bdf1-a7739da91396","e8c6865b-99f5-4065-b0a4-d5732deda411","Момент силы, рычаг","0.95","средняя","missing_after_apply"
"122429","aa6c33c6-5aec-48a4-b1a5-f0907dfd0a04","71bce80a-2ea1-4de1-99f9-cb789b285b26","Теплопередача, количество теплоты","0.95","сложная","missing_after_apply"
"132520","54595a14-c550-4079-b458-42f0aab9600b","662add6c-6ad6-4a05-b2e6-de8b7b4452fc","Работа и мощность","0.95","средняя","missing_after_apply"
"175345","bab4be51-11a2-4f4b-aab2-f378851616c8","0dad3f47-1aa4-4765-9f41-34a9a6005ed4","Законы Ньютона","0.95","средняя","missing_after_apply"
"15712","2f42e169-845e-4357-84e3-4c48d95b649d","77baf1e0-84d8-4933-b4d4-c520df7559a1","Импульс, закон сохранения импульса","0.95","сложная","missing_after_apply"
"102956","aef91dd6-6805-4016-9c17-f195d25b1b4a","77baf1e0-84d8-4933-b4d4-c520df7559a1","Импульс, закон сохранения импульса","0.95","средняя","missing_after_apply"
"179777","6d5a341d-b3dd-4003-a38d-3face0615dd5","77baf1e0-84d8-4933-b4d4-c520df7559a1","Импульс, закон сохранения импульса","0.95","лёгкая","missing_after_apply"
"160163","b167a36d-e9fe-4c3f-9d55-1e4f86cdceb0","83f8506c-da8d-4515-a47e-c20c1548d17f","Равноускоренное движение","0.95","средняя","missing_after_apply"
"95879","34bbf162-86c4-4ae2-816c-0216ac329bf5","0dad3f47-1aa4-4765-9f41-34a9a6005ed4","Законы Ньютона","0.95","средняя","missing_after_apply"
"177464","023d70a7-5ff2-49e1-8d68-028ee359d8c9","d8dbee33-8a12-4785-bb2e-adc086b7f548","Движение связанных тел (блоки, нити)","0.95","средняя","missing_after_apply"
"102729","bcbc09a2-afca-4d72-ace0-fd877f54ee41","77baf1e0-84d8-4933-b4d4-c520df7559a1","Импульс, закон сохранения импульса","0.95","сложная","missing_after_apply"
"94474","448f5533-536f-4158-a90a-996a7fbc5d20","b62883d8-b923-4c11-809c-317c0eb233ad","Закон сохранения механической энергии","0.95","средняя","missing_after_apply"
"14369","35f43df2-5b26-415e-aeef-42c0c315bb01","83f8506c-da8d-4515-a47e-c20c1548d17f","Равноускоренное движение","0.95","лёгкая","missing_after_apply"
"158970","0fd227a7-3b5e-4b70-a111-963009025d12","83f8506c-da8d-4515-a47e-c20c1548d17f","Равноускоренное движение","0.95","средняя","missing_after_apply"
"94234","a05e4a9c-6e4e-4c85-9b9c-fa21ef5882b5","d8dbee33-8a12-4785-bb2e-adc086b7f548","Движение связанных тел (блоки, нити)","0.95","средняя","missing_after_apply"
"94155","ab581ae3-7e78-4178-b486-52722cb18eb0","0dad3f47-1aa4-4765-9f41-34a9a6005ed4","Законы Ньютона","0.95","средняя","missing_after_apply"
"82294","81723984-626f-4837-8841-677991aa2146","83f8506c-da8d-4515-a47e-c20c1548d17f","Равноускоренное движение","0.95","средняя","missing_after_apply"
"94800","ae3df557-032c-467a-91cc-a8dc7664d3a1","b62883d8-b923-4c11-809c-317c0eb233ad","Закон сохранения механической энергии","0.95","средняя","missing_after_apply"
"14384","11e84f35-fabc-4022-ab6b-c8d9f794c678","d8dbee33-8a12-4785-bb2e-adc086b7f548","Движение связанных тел (блоки, нити)","0.95","средняя","missing_after_apply"
"128834","af101867-bfcc-4dc8-a6d7-382eabd95d83","b62883d8-b923-4c11-809c-317c0eb233ad","Закон сохранения механической энергии","0.95","средняя","missing_after_apply"
"28077","40bf6778-2602-4eca-9db3-444575758a5a","83f8506c-da8d-4515-a47e-c20c1548d17f","Равноускоренное движение","0.95","средняя","missing_after_apply"
"95319","78de1043-7584-4eb7-99a7-7813d071f29c","b62883d8-b923-4c11-809c-317c0eb233ad","Закон сохранения механической энергии","0.95","средняя","missing_after_apply"
"103446","3b490ee3-bb82-4e15-ae69-9a00b0553b7b","81ff7bcf-312a-4e72-ac82-de97b383b6bf","Закон Архимеда, плавание тел","0.95","средняя","missing_after_apply"
"128743","288064a4-583f-4330-a8d5-e7881eef8c39","7abbe545-8b29-4161-a9c0-85b09555d81e","Упругий и неупругий удар","0.95","средняя","missing_after_apply"
"64701","c91d4ec0-614e-46e9-b223-c5228aa7810e","e8c6865b-99f5-4065-b0a4-d5732deda411","Момент силы, рычаг","0.95","средняя","missing_after_apply"
"115643","b97c98d8-870a-4f00-8c07-850a0f05757d","12c8c859-0607-44d1-92c2-a7e066beccb6","Движение спутников","0.95","средняя","missing_after_apply"
"85588","5af35c19-c4c4-472a-bec6-11a780a783d0","81ff7bcf-312a-4e72-ac82-de97b383b6bf","Закон Архимеда, плавание тел","0.95","средняя","missing_after_apply"
"64420","dfbbcbe8-fe9e-4d68-9fae-5a3955faffc6","d990b470-e47d-4f73-b895-427f26b0c233","Гармонические колебания","0.95","средняя","missing_after_apply"
"118052","6d86b60e-f07e-4a60-a239-c3a8c9de87d5","ffca6ba7-889d-4abe-8d92-e1e1d5ab1c49","Давление жидкости","0.95","средняя","missing_after_apply"
"14368","2e8bf2c1-462e-4889-9007-a2e9fcc62bb3","476d71d1-72c6-4050-b35d-a3dc2e9f767f","Равномерное прямолинейное движение","0.95","лёгкая","missing_after_apply"
"94030","0e950fa0-578d-43b7-a59d-a490c985644f","e8c6865b-99f5-4065-b0a4-d5732deda411","Момент силы, рычаг","0.95","средняя","missing_after_apply"
"99938","b00ba8b4-267b-4d17-a90b-3cd6181ed66e","019ee2aa-8647-4aa1-b4ba-c805df98fa80","Движение тела, брошенного под углом к горизонту","0.95","средняя","missing_after_apply"
"92309","9bf2ca1c-7578-425d-b6d8-323960dfd3e6","81ff7bcf-312a-4e72-ac82-de97b383b6bf","Закон Архимеда, плавание тел","0.95","средняя","missing_after_apply"
"14413","4b4cbd2e-3201-4b07-a860-a5bab6690ae2","81ff7bcf-312a-4e72-ac82-de97b383b6bf","Закон Архимеда, плавание тел","0.95","средняя","missing_after_apply"
"112701","03e50a8c-43df-4a75-bde7-cf1a2a9c450a","12c8c859-0607-44d1-92c2-a7e066beccb6","Движение спутников","0.95","средняя","missing_after_apply"
"18435","633e9879-2aa0-4c8d-bd09-ba15a1c25f68","81ff7bcf-312a-4e72-ac82-de97b383b6bf","Закон Архимеда, плавание тел","0.95","средняя","missing_after_apply"
"102953","33186a6c-3298-4fac-8ef8-a46e2a92e75e","c7e7b6c7-e91b-4dcc-8573-6515d79e404f","Условие равновесия тел","0.95","средняя","missing_after_apply"
"102180","46024ddf-b1b2-487e-a3d1-42fcc1139a07","b62883d8-b923-4c11-809c-317c0eb233ad","Закон сохранения механической энергии","0.95","средняя","missing_after_apply"
"121481","137fe2e4-7a40-4879-9107-fbefa7b17bcd","83f8506c-da8d-4515-a47e-c20c1548d17f","Равноускоренное движение","0.95","сложная","missing_after_apply"
"125671","4081d366-d569-4f5d-bd0c-0f68d9ece700","102d78c8-5777-441d-a393-83ae508cc8f3","Свободное падение","0.95","средняя","missing_after_apply"
"120375","c81a99c6-be70-4e59-9e72-b596d463fd0a","90ae48ff-fb53-42ab-bc93-a7d4b3dcffe0","Математический и пружинный маятник","0.95","средняя","missing_after_apply"
"97075","42ecb97d-9d01-40d3-bc2b-c0e048c63d44","c7e7b6c7-e91b-4dcc-8573-6515d79e404f","Условие равновесия тел","0.95","средняя","missing_after_apply"
"126116","40b86a78-2a43-415d-830f-3aed1a6e75a2","7abbe545-8b29-4161-a9c0-85b09555d81e","Упругий и неупругий удар","0.95","средняя","missing_after_apply"
"132134","42de23cf-eaa9-4db0-88bd-34267563b023","77baf1e0-84d8-4933-b4d4-c520df7559a1","Импульс, закон сохранения импульса","0.95","сложная","missing_after_apply"
"123263","bc80a697-8bf4-4995-8366-e6cb0b5121f6","662add6c-6ad6-4a05-b2e6-de8b7b4452fc","Работа и мощность","0.95","средняя","missing_after_apply"
"121482","490380e3-9534-44ce-91fb-1b32c72ed483","83f8506c-da8d-4515-a47e-c20c1548d17f","Равноускоренное движение","0.95","сложная","missing_after_apply"
"132098","74900419-c349-4af2-ba18-2bd5ccc544db","f930f7a2-dcae-4a22-b546-9131c952c71d","Движение по окружности","0.95","средняя","missing_after_apply"
"132131","3f9da872-6f92-4bb5-b08a-bc2becf9eda9","f930f7a2-dcae-4a22-b546-9131c952c71d","Движение по окружности","0.95","средняя","missing_after_apply"
"104383","aeef755b-18bc-4442-bde6-ba575f051fe1","b62883d8-b923-4c11-809c-317c0eb233ad","Закон сохранения механической энергии","0.95","сложная","missing_after_apply"
"130464","6db9aabb-a168-4dd9-80ba-ce616cc05eb8","7abbe545-8b29-4161-a9c0-85b09555d81e","Упругий и неупругий удар","0.95","средняя","missing_after_apply"
"122428","5479a760-80ef-42af-9829-725f9b720f56","71bce80a-2ea1-4de1-99f9-cb789b285b26","Теплопередача, количество теплоты","0.95","сложная","missing_after_apply"
"132378","9c4a4afa-393e-45d2-8c0a-8dc844cfe6f4","12c8c859-0607-44d1-92c2-a7e066beccb6","Движение спутников","0.95","средняя","missing_after_apply"
"115434","17b88ff5-ae21-48ed-b2a4-e7582c2a1dae","d990b470-e47d-4f73-b895-427f26b0c233","Гармонические колебания","0.95","сложная","missing_after_apply"
"132099","98f9d7e8-13ab-4179-939a-0521ff22cf1c","f930f7a2-dcae-4a22-b546-9131c952c71d","Движение по окружности","0.95","средняя","missing_after_apply"
"132161","0e5394d0-2347-4db1-9d5f-cc31796db3a7","d8dbee33-8a12-4785-bb2e-adc086b7f548","Движение связанных тел (блоки, нити)","0.95","средняя","missing_after_apply"
"132460","2b70a27f-c29a-4753-bed7-3f72de5c611b","c7e7b6c7-e91b-4dcc-8573-6515d79e404f","Условие равновесия тел","0.95","сложная","missing_after_apply"
"132337","f05cd525-837b-4799-a421-64363d6fbb35","d8dbee33-8a12-4785-bb2e-adc086b7f548","Движение связанных тел (блоки, нити)","0.95","средняя","missing_after_apply"
"134863","6a76a229-6442-4b57-a05b-d648885fb172","12c8c859-0607-44d1-92c2-a7e066beccb6","Движение спутников","0.95","средняя","missing_after_apply"
"126117","ad6d3aaa-8621-48fc-ad73-dc1bde49be2a","7abbe545-8b29-4161-a9c0-85b09555d81e","Упругий и неупругий удар","0.95","сложная","missing_after_apply"
"132491","212ec65f-95c4-4f22-a5a9-56ec58f713ba","476d71d1-72c6-4050-b35d-a3dc2e9f767f","Равномерное прямолинейное движение","0.88","средняя","missing_after_apply"
"115720","1d9bf9c6-ae3f-41a2-a643-7422a96bf940","bdc8e9ec-edf9-4a89-9008-ec27171a8506","Энергия магнитного поля","0.95","лёгкая","missing_after_apply"
"147185","d3b0f043-6ae6-489e-8f2b-30044bdb7690","7abbe545-8b29-4161-a9c0-85b09555d81e","Упругий и неупругий удар","0.95","сложная","missing_after_apply"
"132133","979262bf-dbe3-4534-9afb-daec72adf729","77baf1e0-84d8-4933-b4d4-c520df7559a1","Импульс, закон сохранения импульса","0.95","сложная","missing_after_apply"
"132504","70492a6d-d477-4e8c-a531-de5147405037","77baf1e0-84d8-4933-b4d4-c520df7559a1","Импульс, закон сохранения импульса","0.95","сложная","missing_after_apply"
"134889","dddaf725-1f05-4664-85ec-de8f0c086d46","f930f7a2-dcae-4a22-b546-9131c952c71d","Движение по окружности","0.95","сложная","missing_after_apply"
"140728","05ff3596-d950-43df-9cf6-f373a0e2a0c1","beb05615-48ed-4f52-b4d3-afe21f02f4ea","Превращение энергии при колебаниях","0.95","сложная","missing_after_apply"
"160958","bc21d4d9-16dc-417c-8373-e01d2f98a1ab","81ff7bcf-312a-4e72-ac82-de97b383b6bf","Закон Архимеда, плавание тел","0.95","средняя","missing_after_apply"
"132336","ce92d235-ef16-4766-b7b0-c48486bca633","d8dbee33-8a12-4785-bb2e-adc086b7f548","Движение связанных тел (блоки, нити)","0.95","средняя","missing_after_apply"
"132461","0ae96997-b4bc-4c69-9086-3d1d14d22a1f","c7e7b6c7-e91b-4dcc-8573-6515d79e404f","Условие равновесия тел","0.95","сложная","missing_after_apply"
"171268","be036c4d-4001-46d3-be39-90be54ce733c","81ff7bcf-312a-4e72-ac82-de97b383b6bf","Закон Архимеда, плавание тел","0.95","средняя","missing_after_apply"
"147036","e21bc0b6-57d1-4943-845c-249ffecc9151","7abbe545-8b29-4161-a9c0-85b09555d81e","Упругий и неупругий удар","0.95","сложная","missing_after_apply"
"163564","7d2cb466-bc2d-4e32-8850-1b620af59eaf","102d78c8-5777-441d-a393-83ae508cc8f3","Свободное падение","0.95","средняя","missing_after_apply"
"132492","533b69f6-b0e7-4451-abbb-f2f8d60a0347","476d71d1-72c6-4050-b35d-a3dc2e9f767f","Равномерное прямолинейное движение","0.8","средняя","missing_after_apply"
"134888","ae75f837-e051-4407-83ad-39f09ed06cd5","f930f7a2-dcae-4a22-b546-9131c952c71d","Движение по окружности","0.95","сложная","missing_after_apply"
"132505","99461053-02b5-463b-ad2f-06fd8fe2cb20","77baf1e0-84d8-4933-b4d4-c520df7559a1","Импульс, закон сохранения импульса","0.95","сложная","missing_after_apply"
"154825","76e3d8d9-9463-4743-83c3-6257be3b1174","f930f7a2-dcae-4a22-b546-9131c952c71d","Движение по окружности","0.95","сложная","missing_after_apply"
"155604","c1e8f2df-d064-46d9-8bc9-b1bb98aba6eb","019ee2aa-8647-4aa1-b4ba-c805df98fa80","Движение тела, брошенного под углом к горизонту","0.95","средняя","missing_after_apply"
"171265","2d84afbc-5485-476e-82aa-119061630d5b","81ff7bcf-312a-4e72-ac82-de97b383b6bf","Закон Архимеда, плавание тел","0.95","средняя","missing_after_apply"
"134893","3e57a936-e4f4-432e-a821-a841a447d4a6","019ee2aa-8647-4aa1-b4ba-c805df98fa80","Движение тела, брошенного под углом к горизонту","0.95","сложная","missing_after_apply"
"172828","af1954ed-6d6e-45d0-9d28-7615e02f1105","d990b470-e47d-4f73-b895-427f26b0c233","Гармонические колебания","0.95","средняя","missing_after_apply"
"173423","04597111-ca01-4ae9-b9cd-4fb103ec91d8","e8c6865b-99f5-4065-b0a4-d5732deda411","Момент силы, рычаг","0.95","сложная","missing_after_apply"
"96684","99457da5-f2b1-4038-9039-22146f40c181","b62883d8-b923-4c11-809c-317c0eb233ad","Закон сохранения механической энергии","0.95","средняя","missing_after_apply"
"96104","9f0197da-5d8d-46ad-add9-48c43cc50fe8","0dad3f47-1aa4-4765-9f41-34a9a6005ed4","Законы Ньютона","0.95","средняя","missing_after_apply"
"27105","7479841e-515f-4e78-b6a9-d8139b57c08d","83f8506c-da8d-4515-a47e-c20c1548d17f","Равноускоренное движение","0.95","средняя","missing_after_apply"
"14395","7a3bd325-2a29-4584-8a58-48c7a86d11d9","864f3bc5-4561-4b0c-8f5f-37d5716e8da7","Сила трения","0.95","средняя","missing_after_apply"
"91634","40b1b377-a5b9-4640-9d84-9d6d1ac99620","d8dbee33-8a12-4785-bb2e-adc086b7f548","Движение связанных тел (блоки, нити)","0.95","средняя","missing_after_apply"
"97912","c6eb2fb0-5180-4f42-a953-dce2b4ebfc56","81ff7bcf-312a-4e72-ac82-de97b383b6bf","Закон Архимеда, плавание тел","0.95","средняя","missing_after_apply"
"93792","d6244d82-69c4-4ade-8846-72bf081e2ffd","e8c6865b-99f5-4065-b0a4-d5732deda411","Момент силы, рычаг","0.95","средняя","missing_after_apply"
"102955","3e22b004-78af-4cd2-b81c-5c09adf0e458","b62883d8-b923-4c11-809c-317c0eb233ad","Закон сохранения механической энергии","0.95","средняя","missing_after_apply"
"96560","2bb8517d-0376-42e1-abca-1d9b8602d8ce","77baf1e0-84d8-4933-b4d4-c520df7559a1","Импульс, закон сохранения импульса","0.95","сложная","missing_after_apply"
"97764","191ed8c7-7a76-446b-8fd7-baf07b363005","7abbe545-8b29-4161-a9c0-85b09555d81e","Упругий и неупругий удар","0.95","средняя","missing_after_apply"
"126711","f66d2a23-8182-4d03-aec6-7e1f8af10c18","81ff7bcf-312a-4e72-ac82-de97b383b6bf","Закон Архимеда, плавание тел","0.95","сложная","missing_after_apply"
"97561","4c03ca5a-5e42-4df5-a8b4-737b04322c40","7abbe545-8b29-4161-a9c0-85b09555d81e","Упругий и неупругий удар","0.95","средняя","missing_after_apply"
"132130","a14981aa-edd8-404c-803f-3fb4e47ce0a2","f930f7a2-dcae-4a22-b546-9131c952c71d","Движение по окружности","0.95","средняя","missing_after_apply"
"141199","8b520abb-ffd9-4aa7-9dc5-761871a08c5e","beb05615-48ed-4f52-b4d3-afe21f02f4ea","Превращение энергии при колебаниях","0.95","сложная","missing_after_apply"
"81321","9eaa9b4f-40c9-477d-b722-3d0b7e8fef02","102d78c8-5777-441d-a393-83ae508cc8f3","Свободное падение","0.95","средняя","missing_after_apply"
"114100","d14379a3-3126-49be-a125-ea94dbf8e762","d990b470-e47d-4f73-b895-427f26b0c233","Гармонические колебания","0.95","средняя","missing_after_apply"
"115060","acc4bfbb-03a8-4a59-a424-0990d526a0b3","12c8c859-0607-44d1-92c2-a7e066beccb6","Движение спутников","0.95","средняя","missing_after_apply"
"132160","6d36b021-7c81-4b2d-bc2e-4de8cafccb15","c7e7b6c7-e91b-4dcc-8573-6515d79e404f","Условие равновесия тел","0.95","средняя","missing_after_apply"
"115357","6c0d92fb-3912-4ca0-8c84-fb71d80d4304","d990b470-e47d-4f73-b895-427f26b0c233","Гармонические колебания","0.95","сложная","missing_after_apply"
"132377","062ffbcb-bf7a-4d05-b6c1-4619118a52a4","12c8c859-0607-44d1-92c2-a7e066beccb6","Движение спутников","0.95","средняя","missing_after_apply"
"134892","935877c9-2867-4127-9ff8-0a6ba17aa56c","019ee2aa-8647-4aa1-b4ba-c805df98fa80","Движение тела, брошенного под углом к горизонту","0.95","сложная","missing_after_apply"
"120610","77be665f-4af1-4d91-b330-538316b692e7","83f8506c-da8d-4515-a47e-c20c1548d17f","Равноускоренное движение","0.95","сложная","missing_after_apply"
"132360","3c436fb9-0699-4756-9c93-40067a724836","f930f7a2-dcae-4a22-b546-9131c952c71d","Движение по окружности","0.95","сложная","missing_after_apply"
"172833","57096a67-4651-438b-861b-d71cd3079fe2","d990b470-e47d-4f73-b895-427f26b0c233","Гармонические колебания","0.95","лёгкая","missing_after_apply"
"132113","78c108d0-6e57-4019-834f-5e7dac4b6d4e","77baf1e0-84d8-4933-b4d4-c520df7559a1","Импульс, закон сохранения импульса","0.95","сложная","missing_after_apply"
"134862","6a91e6f3-380a-43ab-8af3-47cbe92a078f","12c8c859-0607-44d1-92c2-a7e066beccb6","Движение спутников","0.95","средняя","missing_after_apply"
"171668","a443fe81-375a-4bfa-80df-291d2e33ed33","77baf1e0-84d8-4933-b4d4-c520df7559a1","Импульс, закон сохранения импульса","0.95","сложная","missing_after_apply"
"132361","583eb559-b617-4c85-8077-1980162e672e","f930f7a2-dcae-4a22-b546-9131c952c71d","Движение по окружности","0.95","сложная","missing_after_apply"
"173479","99d34b38-50db-49cd-8c7f-c4eb527b641a","e8c6865b-99f5-4065-b0a4-d5732deda411","Момент силы, рычаг","0.95","средняя","missing_after_apply"
"171625","09f5b577-0d5b-4b35-825f-61fa31fe8078","662add6c-6ad6-4a05-b2e6-de8b7b4452fc","Работа и мощность","0.95","средняя","missing_after_apply"
"113982","82bf10d2-33ae-4f3b-9006-5cb01c5168d6","81ff7bcf-312a-4e72-ac82-de97b383b6bf","Закон Архимеда, плавание тел","0.95","средняя","missing_after_apply"
"104384","11e4237e-c2d4-4cd6-b7ed-a2910df6b799","b62883d8-b923-4c11-809c-317c0eb233ad","Закон сохранения механической энергии","0.95","средняя","missing_after_apply"
"130471","6c8c2408-5466-4dc8-8074-a8bcfc13bbe4","d8dbee33-8a12-4785-bb2e-adc086b7f548","Движение связанных тел (блоки, нити)","0.95","средняя","missing_after_apply"
"175221","f52e9ce6-7e45-4020-8b65-b63134046b63","0dad3f47-1aa4-4765-9f41-34a9a6005ed4","Законы Ньютона","0.95","средняя","missing_after_apply"
"120609","bff826bb-04f4-4213-9cd7-e0b16fb937be","83f8506c-da8d-4515-a47e-c20c1548d17f","Равноускоренное движение","0.9","средняя","missing_after_apply"
"92499","c78599f0-458a-41a1-8f52-550e74a36ce5","b62883d8-b923-4c11-809c-317c0eb233ad","Закон сохранения механической энергии","0.95","средняя","missing_after_apply"
"125769","a2fe4f4f-ed06-415e-a26c-3a95b202cc92","77baf1e0-84d8-4933-b4d4-c520df7559a1","Импульс, закон сохранения импульса","0.95","средняя","missing_after_apply"
"102246","d748b703-dd37-4eaa-b62d-b2d732cf0e2b","83f8506c-da8d-4515-a47e-c20c1548d17f","Равноускоренное движение","0.95","лёгкая","missing_after_apply"
"98135","08114602-b9f2-4177-b8f0-842df9b51286","81ff7bcf-312a-4e72-ac82-de97b383b6bf","Закон Архимеда, плавание тел","0.95","средняя","missing_after_apply"
"96358","982de4c9-98b9-4b30-b493-653466f98830","77baf1e0-84d8-4933-b4d4-c520df7559a1","Импульс, закон сохранения импульса","0.95","средняя","missing_after_apply"
"158820","129cc636-0a67-4bbf-b0e4-2c77b890e7ce","83f8506c-da8d-4515-a47e-c20c1548d17f","Равноускоренное движение","0.95","средняя","missing_after_apply"
"14386","9ff2dc17-9016-447a-be08-a96d4d4b7592","0dad3f47-1aa4-4765-9f41-34a9a6005ed4","Законы Ньютона","0.95","средняя","missing_after_apply"
"120373","55200dec-2a0e-4992-ac2a-edb87bf6573d","90ae48ff-fb53-42ab-bc93-a7d4b3dcffe0","Математический и пружинный маятник","0.95","средняя","missing_after_apply"
"132112","15692add-aa32-429d-beef-3e6296b99cd7","77baf1e0-84d8-4933-b4d4-c520df7559a1","Импульс, закон сохранения импульса","0.95","сложная","missing_after_apply"
"159044","37e961ec-d90b-44cf-9d37-8d8fbf321394","83f8506c-da8d-4515-a47e-c20c1548d17f","Равноускоренное движение","0.95","средняя","missing_after_apply"
"16676","328bd26a-93cf-4aee-ac56-0819f8bf55fb","f930f7a2-dcae-4a22-b546-9131c952c71d","Движение по окружности","0.95","лёгкая","missing_after_apply"
"84057","cdb88276-48d3-46ac-8375-458e642ce430","83f8506c-da8d-4515-a47e-c20c1548d17f","Равноускоренное движение","0.95","лёгкая","missing_after_apply"
"96090","8704a33b-0b2e-4135-acf6-0a0cecab4528","83f8506c-da8d-4515-a47e-c20c1548d17f","Равноускоренное движение","0.95","лёгкая","missing_after_apply"
"179601","f39db270-8f6d-491c-92fc-a1dc0ba1dabd","a61293f9-8a4a-4a9d-836c-fb1d617bf961","Графики движения (x-t, v-t, a-t)","0.95","лёгкая","missing_after_apply"
"16641","f3a2f7b8-5ef5-4dd3-8724-1cf20bfc4b5b","a61293f9-8a4a-4a9d-836c-fb1d617bf961","Графики движения (x-t, v-t, a-t)","0.95","лёгкая","missing_after_apply"
"16663","4847fce4-8b3d-4ca9-a9c1-e4fac87d4780","a61293f9-8a4a-4a9d-836c-fb1d617bf961","Графики движения (x-t, v-t, a-t)","0.95","лёгкая","missing_after_apply"
"113828","6275e1e7-98bb-4bd9-bc20-4a5108deabee","a61293f9-8a4a-4a9d-836c-fb1d617bf961","Графики движения (x-t, v-t, a-t)","0.95","лёгкая","missing_after_apply"
"138861","ce77371a-fead-43a2-b2f9-beaf88560f28","04372799-9421-4a41-b49c-6d00c2bf329d","Относительность движения","0.95","лёгкая","missing_after_apply"
"96179","8ada1378-f89d-46d0-9148-9606cb624565","a61293f9-8a4a-4a9d-836c-fb1d617bf961","Графики движения (x-t, v-t, a-t)","0.95","лёгкая","missing_after_apply"
"175992","03da1e07-433f-4d25-80f2-a39936edb42a","a61293f9-8a4a-4a9d-836c-fb1d617bf961","Графики движения (x-t, v-t, a-t)","0.95","лёгкая","missing_after_apply"
"91567","a85b7e31-50bf-497f-aacb-6e014a00abbe","a61293f9-8a4a-4a9d-836c-fb1d617bf961","Графики движения (x-t, v-t, a-t)","0.95","лёгкая","missing_after_apply"
"16656","5c98bab5-b4fb-4365-9639-791a5c4c8677","83f8506c-da8d-4515-a47e-c20c1548d17f","Равноускоренное движение","0.95","лёгкая","missing_after_apply"
"95502","155dd89d-751d-46a2-9cb2-ac18f544f1cb","a61293f9-8a4a-4a9d-836c-fb1d617bf961","Графики движения (x-t, v-t, a-t)","0.95","лёгкая","missing_after_apply"
"160112","e7682cfa-7bfc-43b1-a7c6-217140fe0f4e","a61293f9-8a4a-4a9d-836c-fb1d617bf961","Графики движения (x-t, v-t, a-t)","0.95","лёгкая","missing_after_apply"
"186509","e70eb363-e2ce-403e-8a20-9ec28d378293","a61293f9-8a4a-4a9d-836c-fb1d617bf961","Графики движения (x-t, v-t, a-t)","0.95","лёгкая","missing_after_apply"
"84712","3f3f4407-1003-4e63-9a5b-a5b0d42d4e2a","a61293f9-8a4a-4a9d-836c-fb1d617bf961","Графики движения (x-t, v-t, a-t)","0.95","лёгкая","missing_after_apply"
"103081","494a9b84-6eea-49f7-bc91-1366c073740c","a61293f9-8a4a-4a9d-836c-fb1d617bf961","Графики движения (x-t, v-t, a-t)","0.95","лёгкая","missing_after_apply"
"86202","e66a8db2-63e6-4271-8d89-3b40b08e9126","a61293f9-8a4a-4a9d-836c-fb1d617bf961","Графики движения (x-t, v-t, a-t)","0.95","лёгкая","missing_after_apply"
"125782","6d950fd7-b03c-4911-a3f9-3897da5ac251","a61293f9-8a4a-4a9d-836c-fb1d617bf961","Графики движения (x-t, v-t, a-t)","0.95","средняя","missing_after_apply"
"114888","b86d1914-4012-4e67-a028-18a329846417","a61293f9-8a4a-4a9d-836c-fb1d617bf961","Графики движения (x-t, v-t, a-t)","0.95","лёгкая","missing_after_apply"
"102922","2c0574a9-31cb-428b-8c6d-64b41a976108","a61293f9-8a4a-4a9d-836c-fb1d617bf961","Графики движения (x-t, v-t, a-t)","0.95","лёгкая","missing_after_apply"
"16662","0d5937af-f9fe-4ee8-b3a4-3f7db5092f58","a61293f9-8a4a-4a9d-836c-fb1d617bf961","Графики движения (x-t, v-t, a-t)","0.95","лёгкая","missing_after_apply"
"125783","6dac0cff-eaa6-4906-9202-56b403f88f35","a61293f9-8a4a-4a9d-836c-fb1d617bf961","Графики движения (x-t, v-t, a-t)","0.95","лёгкая","missing_after_apply"
"136664","6b5757bf-ec89-4b8f-8f5b-6ea9aed09d5a","a61293f9-8a4a-4a9d-836c-fb1d617bf961","Графики движения (x-t, v-t, a-t)","0.95","лёгкая","missing_after_apply"
"137145","123f77ad-5e7a-49d2-b6c2-02726c67fb4c","282a35f4-efda-46c0-b9f4-73120001845d","Напряжённость электрического поля","0.95","средняя","missing_after_apply"
"39092","4ffdc92a-13d6-4945-a23c-668494492da7","a61293f9-8a4a-4a9d-836c-fb1d617bf961","Графики движения (x-t, v-t, a-t)","0.95","лёгкая","missing_after_apply"
"39716","a149a37b-cacc-4816-a76a-95eb22a6f9cd","a61293f9-8a4a-4a9d-836c-fb1d617bf961","Графики движения (x-t, v-t, a-t)","0.95","лёгкая","missing_after_apply"
"175142","a56c9b7b-4e0b-407c-a6cc-066cb262579c","a61293f9-8a4a-4a9d-836c-fb1d617bf961","Графики движения (x-t, v-t, a-t)","0.95","лёгкая","missing_after_apply"
"101946","f5d64e81-c3a4-49b7-a33d-6e05011551de","a61293f9-8a4a-4a9d-836c-fb1d617bf961","Графики движения (x-t, v-t, a-t)","0.95","лёгкая","missing_after_apply"
"103356","5c21efd5-2855-498b-8b5d-c71410f0fcab","a61293f9-8a4a-4a9d-836c-fb1d617bf961","Графики движения (x-t, v-t, a-t)","0.95","лёгкая","missing_after_apply"
"95943","ef278b0e-4776-4e5f-ad10-19e779c8ef6c","a61293f9-8a4a-4a9d-836c-fb1d617bf961","Графики движения (x-t, v-t, a-t)","0.95","лёгкая","missing_after_apply"
"16666","d2c19f71-5da8-4301-b3ff-9e45846ea4fa","a61293f9-8a4a-4a9d-836c-fb1d617bf961","Графики движения (x-t, v-t, a-t)","0.95","лёгкая","missing_after_apply"
"65296","80a1d29e-46ad-44e3-b297-6807f079d356","a61293f9-8a4a-4a9d-836c-fb1d617bf961","Графики движения (x-t, v-t, a-t)","0.95","лёгкая","missing_after_apply"
"177336","08324614-2977-4bca-8afa-3c81083ad5a1","a61293f9-8a4a-4a9d-836c-fb1d617bf961","Графики движения (x-t, v-t, a-t)","0.95","лёгкая","missing_after_apply"
"160002","4010bbb0-56b1-4490-a6e8-c0a3dc79abb3","a61293f9-8a4a-4a9d-836c-fb1d617bf961","Графики движения (x-t, v-t, a-t)","0.95","лёгкая","missing_after_apply"
"18038","04566669-bde4-4f38-9f4f-a3c9a3d72a66","0dad3f47-1aa4-4765-9f41-34a9a6005ed4","Законы Ньютона","0.95","лёгкая","missing_after_apply"
"102561","d1acb3c1-f435-4bc0-a2fe-8625c0116331","a61293f9-8a4a-4a9d-836c-fb1d617bf961","Графики движения (x-t, v-t, a-t)","0.95","лёгкая","missing_after_apply"
"16636","dc4672db-15d2-4453-ae0d-d7c2728c5c23","a61293f9-8a4a-4a9d-836c-fb1d617bf961","Графики движения (x-t, v-t, a-t)","0.95","лёгкая","missing_after_apply"
"102631","e3158538-6446-46b7-a2ba-304282eed66d","a61293f9-8a4a-4a9d-836c-fb1d617bf961","Графики движения (x-t, v-t, a-t)","0.95","лёгкая","missing_after_apply"
"64991","6cb4eaa3-65ec-493c-9ec7-804632dff868","6be8752a-d9c3-4c46-a5e0-3d86600eacaf","Закон радиоактивного распада","0.95","лёгкая","missing_after_apply"
"112663","28ddf63d-7167-4d63-acf7-c8426962ad5e","a61293f9-8a4a-4a9d-836c-fb1d617bf961","Графики движения (x-t, v-t, a-t)","0.95","лёгкая","missing_after_apply"
"97577","0214eac4-00dd-4ffc-9792-98bbccd173ae","a61293f9-8a4a-4a9d-836c-fb1d617bf961","Графики движения (x-t, v-t, a-t)","0.95","лёгкая","missing_after_apply"
"103389","563e4fe4-01a6-4654-97eb-dd97cb21b846","a61293f9-8a4a-4a9d-836c-fb1d617bf961","Графики движения (x-t, v-t, a-t)","0.95","лёгкая","missing_after_apply"
"113639","21a6fb65-f5d6-48c6-ab00-defc725ce1d0","a61293f9-8a4a-4a9d-836c-fb1d617bf961","Графики движения (x-t, v-t, a-t)","0.95","лёгкая","missing_after_apply"
"64797","f238a1d9-d1f1-4e43-96f0-13f84e9d7340","a61293f9-8a4a-4a9d-836c-fb1d617bf961","Графики движения (x-t, v-t, a-t)","0.95","лёгкая","missing_after_apply"
"86282","b7a7e9ba-5e42-49ee-9e18-2b2368b714e0","a61293f9-8a4a-4a9d-836c-fb1d617bf961","Графики движения (x-t, v-t, a-t)","0.95","лёгкая","missing_after_apply"
"115848","85be7929-0c15-4bee-a907-df285bf7475a","a61293f9-8a4a-4a9d-836c-fb1d617bf961","Графики движения (x-t, v-t, a-t)","0.95","лёгкая","missing_after_apply"
"30729","3a248864-74eb-469c-b7cf-282c7c4bfb68","a61293f9-8a4a-4a9d-836c-fb1d617bf961","Графики движения (x-t, v-t, a-t)","0.95","лёгкая","missing_after_apply"
"116797","04ff3bce-f5e2-498e-a40b-f1fc05d52a5b","a61293f9-8a4a-4a9d-836c-fb1d617bf961","Графики движения (x-t, v-t, a-t)","0.95","лёгкая","missing_after_apply"
"16667","e7fc4af8-c161-4953-9409-1f06a293ca35","a61293f9-8a4a-4a9d-836c-fb1d617bf961","Графики движения (x-t, v-t, a-t)","0.95","лёгкая","missing_after_apply"
"16687","74d37fa9-8709-4532-b722-f902b89ae452","04372799-9421-4a41-b49c-6d00c2bf329d","Относительность движения","0.95","средняя","missing_after_apply"
"16672","ce6d3c7c-4baf-47f7-b993-41946dca4c88","f930f7a2-dcae-4a22-b546-9131c952c71d","Движение по окружности","0.95","лёгкая","missing_after_apply"
"16683","2fead3d0-0f31-4b5c-b182-50dd64368ab2","04372799-9421-4a41-b49c-6d00c2bf329d","Относительность движения","0.95","лёгкая","missing_after_apply"
"64424","ff45edab-910e-46c8-b57e-c491d00326a8","f930f7a2-dcae-4a22-b546-9131c952c71d","Движение по окружности","0.95","лёгкая","missing_after_apply"
"16657","f0dae1f9-236d-46db-b76c-2d4752536e6d","a61293f9-8a4a-4a9d-836c-fb1d617bf961","Графики движения (x-t, v-t, a-t)","0.95","лёгкая","missing_after_apply"
"65066","ed4292e4-140a-43a9-a0eb-1cc9daa3f1f6","f930f7a2-dcae-4a22-b546-9131c952c71d","Движение по окружности","0.95","лёгкая","missing_after_apply"
"16669","8c271c0a-e77e-4220-81e8-d1e046d7ee44","f930f7a2-dcae-4a22-b546-9131c952c71d","Движение по окружности","0.95","лёгкая","missing_after_apply"
"16679","d9542920-3311-4df8-9a88-f0e4975446ff","f930f7a2-dcae-4a22-b546-9131c952c71d","Движение по окружности","0.95","лёгкая","missing_after_apply"
"16696","0630483f-b108-483e-a139-85a0857c4b25","04372799-9421-4a41-b49c-6d00c2bf329d","Относительность движения","0.88","средняя","missing_after_apply"
"16673","1858c263-cbd5-40ec-87d0-0d570b5c640b","f930f7a2-dcae-4a22-b546-9131c952c71d","Движение по окружности","0.95","средняя","missing_after_apply"
"16684","20bb95cb-08dc-492c-b719-aa091e4bf1ea","04372799-9421-4a41-b49c-6d00c2bf329d","Относительность движения","0.95","лёгкая","missing_after_apply"
"168207","37932d31-94fa-4ad3-8bf6-8e87e9f2c925","a61293f9-8a4a-4a9d-836c-fb1d617bf961","Графики движения (x-t, v-t, a-t)","0.95","лёгкая","missing_after_apply"
"16678","6d494d61-a36c-45eb-95c3-210e7ec72c57","f930f7a2-dcae-4a22-b546-9131c952c71d","Движение по окружности","0.95","лёгкая","missing_after_apply"
"136944","5072b486-618c-4567-afe6-8ca443efc1f6","a61293f9-8a4a-4a9d-836c-fb1d617bf961","Графики движения (x-t, v-t, a-t)","0.95","средняя","missing_after_apply"
"16680","4378caef-b30f-49ee-9bc6-d1ad7283057b","f930f7a2-dcae-4a22-b546-9131c952c71d","Движение по окружности","0.95","средняя","missing_after_apply"
"142473","b4e2f683-0f81-4e14-bf5d-0758a0dd9b45","83f8506c-da8d-4515-a47e-c20c1548d17f","Равноускоренное движение","0.95","средняя","missing_after_apply"
"16685","7a5a6522-757b-4e85-a07d-11279cb91313","04372799-9421-4a41-b49c-6d00c2bf329d","Относительность движения","0.95","средняя","missing_after_apply"
"141113","5100562c-02ac-4e3e-a341-12ec9705eaff","04372799-9421-4a41-b49c-6d00c2bf329d","Относительность движения","0.95","лёгкая","missing_after_apply"
"17795","3c505d0f-6d36-4b4c-b461-0c453e2332bc","f930f7a2-dcae-4a22-b546-9131c952c71d","Движение по окружности","0.95","лёгкая","missing_after_apply"
"92317","3970182b-0dc9-4d93-8d23-76d61fc9d3f7","476d71d1-72c6-4050-b35d-a3dc2e9f767f","Равномерное прямолинейное движение","0.95","средняя","missing_after_apply"
"16671","c7fba7bf-efa8-43dd-9149-e18e5afb7280","f930f7a2-dcae-4a22-b546-9131c952c71d","Движение по окружности","0.95","лёгкая","missing_after_apply"
"17793","90d85968-5a3e-4480-a486-ecd55fbe1a82","f930f7a2-dcae-4a22-b546-9131c952c71d","Движение по окружности","0.95","лёгкая","missing_after_apply"
"16682","5f6988d2-15c2-4dc9-9bb6-928a3926c046","f930f7a2-dcae-4a22-b546-9131c952c71d","Движение по окружности","0.95","лёгкая","missing_after_apply"
"130809","d7ab0a93-f0ee-4914-b91e-a4ce6bbd7da2","83f8506c-da8d-4515-a47e-c20c1548d17f","Равноускоренное движение","0.95","средняя","missing_after_apply"
"131183","176a1612-449e-4bbb-baf1-8ca3c20d954c","83f8506c-da8d-4515-a47e-c20c1548d17f","Равноускоренное движение","0.95","средняя","missing_after_apply"
"133139","ea60067a-ed05-4288-b89d-9ae8644739e0","a61293f9-8a4a-4a9d-836c-fb1d617bf961","Графики движения (x-t, v-t, a-t)","0.95","лёгкая","missing_after_apply"
"155597","d917a0f4-4863-41b9-890a-18bcedf4e472","a61293f9-8a4a-4a9d-836c-fb1d617bf961","Графики движения (x-t, v-t, a-t)","0.95","лёгкая","missing_after_apply"
"139052","96c2feda-1107-44cf-86af-410b1aa59e6c","a61293f9-8a4a-4a9d-836c-fb1d617bf961","Графики движения (x-t, v-t, a-t)","0.95","лёгкая","missing_after_apply"
"143843","f707b291-9004-43f5-913a-9596908a1277","f930f7a2-dcae-4a22-b546-9131c952c71d","Движение по окружности","0.95","средняя","missing_after_apply"
"17794","b8a55b8d-ceb5-4d7f-a601-2fea37efc70d","f930f7a2-dcae-4a22-b546-9131c952c71d","Движение по окружности","0.95","лёгкая","missing_after_apply"
"64481","da40ebcf-445d-4d85-a8f4-3726c205945a","04372799-9421-4a41-b49c-6d00c2bf329d","Относительность движения","0.95","средняя","missing_after_apply"
"64214","2bd3f3d8-bcc0-4561-9efb-3d4f8b6c5ad0","a61293f9-8a4a-4a9d-836c-fb1d617bf961","Графики движения (x-t, v-t, a-t)","0.95","лёгкая","missing_after_apply"
"96803","5fb403dd-9e99-4bee-bf53-3bf846beabfa","a61293f9-8a4a-4a9d-836c-fb1d617bf961","Графики движения (x-t, v-t, a-t)","0.95","лёгкая","missing_after_apply"
"16665","2e16d20c-272a-4329-a84e-543955e74fc2","a61293f9-8a4a-4a9d-836c-fb1d617bf961","Графики движения (x-t, v-t, a-t)","0.95","лёгкая","missing_after_apply"
"16635","db04d2e4-7a5d-4319-883e-19a3dfabdcb8","a61293f9-8a4a-4a9d-836c-fb1d617bf961","Графики движения (x-t, v-t, a-t)","0.95","лёгкая","missing_after_apply"
"16695","5e6725ff-db24-4e93-8299-86f549da6117","04372799-9421-4a41-b49c-6d00c2bf329d","Относительность движения","0.95","средняя","missing_after_apply"
"65207","a63b6f41-023d-4e96-8b5b-ab00e140dfaa","a61293f9-8a4a-4a9d-836c-fb1d617bf961","Графики движения (x-t, v-t, a-t)","0.95","лёгкая","missing_after_apply"
"65081","0c3f0ee2-36b6-4ad2-a1c3-de4915fa7241","a61293f9-8a4a-4a9d-836c-fb1d617bf961","Графики движения (x-t, v-t, a-t)","0.95","лёгкая","missing_after_apply"
"167210","4bb7777e-d7c2-4b40-a72f-de5e8feb6dc5","a61293f9-8a4a-4a9d-836c-fb1d617bf961","Графики движения (x-t, v-t, a-t)","0.95","лёгкая","missing_after_apply"
"16693","3305c122-a809-4666-a395-32412dcd09bd","04372799-9421-4a41-b49c-6d00c2bf329d","Относительность движения","0.95","лёгкая","missing_after_apply"
"16670","e1475c2f-0708-4e0a-b191-641c8ed6ee6d","f930f7a2-dcae-4a22-b546-9131c952c71d","Движение по окружности","0.95","лёгкая","missing_after_apply"
"16694","3aca8143-a3e9-4ac3-9a2d-7f5cc9dae15c","04372799-9421-4a41-b49c-6d00c2bf329d","Относительность движения","0.88","средняя","missing_after_apply"
"141601","f6c04655-043a-46ba-9edd-1101b452e329","83f8506c-da8d-4515-a47e-c20c1548d17f","Равноускоренное движение","0.95","средняя","missing_after_apply"
"16677","b27b3e44-e514-4fbb-97e9-e03e40311307","f930f7a2-dcae-4a22-b546-9131c952c71d","Движение по окружности","0.95","средняя","missing_after_apply"
"16631","ef92b05b-7f6a-469e-8ff2-c1cb37a37dc9","476d71d1-72c6-4050-b35d-a3dc2e9f767f","Равномерное прямолинейное движение","0.95","лёгкая","missing_after_apply"
"16686","cd38217d-23f4-44f4-8991-d7ba8f5c2c89","04372799-9421-4a41-b49c-6d00c2bf329d","Относительность движения","0.95","лёгкая","missing_after_apply"
"16691","b6c38c0d-9f0f-4ae4-8c96-b97b12ee01e9","04372799-9421-4a41-b49c-6d00c2bf329d","Относительность движения","0.95","лёгкая","missing_after_apply"
"136816","6a1a25c2-8438-4750-91a6-e393901c2362","a61293f9-8a4a-4a9d-836c-fb1d617bf961","Графики движения (x-t, v-t, a-t)","0.95","средняя","missing_after_apply"
"137472","f7a98f38-9ac8-4652-ba35-9f05ebc1d4c9","a61293f9-8a4a-4a9d-836c-fb1d617bf961","Графики движения (x-t, v-t, a-t)","0.95","лёгкая","missing_after_apply"
"137473","0479ac1f-8704-4242-ad23-09a18f92727a","a61293f9-8a4a-4a9d-836c-fb1d617bf961","Графики движения (x-t, v-t, a-t)","0.95","лёгкая","missing_after_apply"
"138580","ccc537e1-4d23-4e77-9cd5-891d767a9c8f","a61293f9-8a4a-4a9d-836c-fb1d617bf961","Графики движения (x-t, v-t, a-t)","0.95","лёгкая","missing_after_apply"
"167212","fb8ad701-9719-4f9c-a454-d3f32ccbcb17","a61293f9-8a4a-4a9d-836c-fb1d617bf961","Графики движения (x-t, v-t, a-t)","0.95","лёгкая","missing_after_apply"
"16675","3ecd9f58-8547-48c5-a963-603d42f40bc4","f930f7a2-dcae-4a22-b546-9131c952c71d","Движение по окружности","0.95","средняя","missing_after_apply"
"16688","6e96f072-1951-46bf-9d50-6c5aa6c364d8","04372799-9421-4a41-b49c-6d00c2bf329d","Относительность движения","0.95","лёгкая","missing_after_apply"
"132619","05efb165-a7f5-42ea-9993-ffb1c40c064e","a61293f9-8a4a-4a9d-836c-fb1d617bf961","Графики движения (x-t, v-t, a-t)","0.95","лёгкая","missing_after_apply"
"92484","b9a9f33d-47a5-4655-9b40-4985a8ea1191","476d71d1-72c6-4050-b35d-a3dc2e9f767f","Равномерное прямолинейное движение","0.9","средняя","missing_after_apply"
"104094","2e06e33d-a50f-459d-b0ae-94aa80d82a1d","a61293f9-8a4a-4a9d-836c-fb1d617bf961","Графики движения (x-t, v-t, a-t)","0.95","средняя","missing_after_apply"
"139086","fc4f5bec-7d36-4d34-8a68-3058d0879907","f930f7a2-dcae-4a22-b546-9131c952c71d","Движение по окружности","0.95","средняя","missing_after_apply"
"107147","b67dcb93-5adf-4f09-bcad-7f5e49685b1f","476d71d1-72c6-4050-b35d-a3dc2e9f767f","Равномерное прямолинейное движение","0.95","лёгкая","missing_after_apply"
"138397","f8e591e1-7063-4fce-98e7-95cc52b2bc1b","83f8506c-da8d-4515-a47e-c20c1548d17f","Равноускоренное движение","0.95","средняя","missing_after_apply"
"138396","1657c1cf-5980-4fa7-a0d8-03d57b49b3a4","83f8506c-da8d-4515-a47e-c20c1548d17f","Равноускоренное движение","0.95","средняя","missing_after_apply"
"16639","208ceb69-686f-4e01-88f1-2d90fbb72cb8","a61293f9-8a4a-4a9d-836c-fb1d617bf961","Графики движения (x-t, v-t, a-t)","0.95","лёгкая","missing_after_apply"
"175114","e9cd3a06-dfc6-440b-aa75-9264c9f33436","a61293f9-8a4a-4a9d-836c-fb1d617bf961","Графики движения (x-t, v-t, a-t)","0.95","лёгкая","missing_after_apply"
"102921","4ad62006-5f07-4dd7-9df1-becdc4e00ccd","a61293f9-8a4a-4a9d-836c-fb1d617bf961","Графики движения (x-t, v-t, a-t)","0.95","лёгкая","missing_after_apply"
"16649","f0afea5c-ad49-49ba-ad52-3b48628216bd","a61293f9-8a4a-4a9d-836c-fb1d617bf961","Графики движения (x-t, v-t, a-t)","0.95","средняя","missing_after_apply"
"102924","f592d4f9-3af6-4461-8973-a2afe441b4e8","a61293f9-8a4a-4a9d-836c-fb1d617bf961","Графики движения (x-t, v-t, a-t)","0.95","лёгкая","missing_after_apply"
"175127","4957fd0e-b360-48d9-859e-1ce0ba7e5d34","a61293f9-8a4a-4a9d-836c-fb1d617bf961","Графики движения (x-t, v-t, a-t)","0.95","лёгкая","missing_after_apply"
"65185","a2858c50-b0ec-489e-9f9c-f46e279e5303","f930f7a2-dcae-4a22-b546-9131c952c71d","Движение по окружности","0.95","лёгкая","missing_after_apply"
"139053","66e30afd-b29d-41a7-ba25-97b1f8d920a8","a61293f9-8a4a-4a9d-836c-fb1d617bf961","Графики движения (x-t, v-t, a-t)","0.95","лёгкая","missing_after_apply"
"16640","fd1c7a5b-90a3-4e9f-9536-c74177ff26de","a61293f9-8a4a-4a9d-836c-fb1d617bf961","Графики движения (x-t, v-t, a-t)","0.95","лёгкая","missing_after_apply"
"158775","d1d1184d-ada4-4d83-a913-11f26ab53257","a61293f9-8a4a-4a9d-836c-fb1d617bf961","Графики движения (x-t, v-t, a-t)","0.95","лёгкая","missing_after_apply"
"16664","fd468284-4e3e-4dec-a952-39d5b0c420d3","a61293f9-8a4a-4a9d-836c-fb1d617bf961","Графики движения (x-t, v-t, a-t)","0.95","лёгкая","missing_after_apply"
"178836","0d19dde6-4163-442e-916f-0e74a37427ae","a61293f9-8a4a-4a9d-836c-fb1d617bf961","Графики движения (x-t, v-t, a-t)","0.95","лёгкая","missing_after_apply"
"103080","daebd303-6f54-4ee5-8b51-83d45d0a0975","a61293f9-8a4a-4a9d-836c-fb1d617bf961","Графики движения (x-t, v-t, a-t)","0.95","лёгкая","missing_after_apply"
"102923","5088ca24-ea99-480f-80db-78e8af229690","a61293f9-8a4a-4a9d-836c-fb1d617bf961","Графики движения (x-t, v-t, a-t)","0.95","лёгкая","missing_after_apply"
"113825","aea8a9e3-d00d-4ec1-b696-c591744e5d9c","a61293f9-8a4a-4a9d-836c-fb1d617bf961","Графики движения (x-t, v-t, a-t)","0.95","лёгкая","missing_after_apply"
"85591","6dfbd76d-d923-4750-84e9-441df9676edc","a61293f9-8a4a-4a9d-836c-fb1d617bf961","Графики движения (x-t, v-t, a-t)","0.95","лёгкая","missing_after_apply"
"16668","109c7bb1-68b7-4fb1-983b-20560dd9d82d","a61293f9-8a4a-4a9d-836c-fb1d617bf961","Графики движения (x-t, v-t, a-t)","0.95","лёгкая","missing_after_apply"
"16648","b8a1f4af-4050-4c45-9cdd-1a601f544ca4","a61293f9-8a4a-4a9d-836c-fb1d617bf961","Графики движения (x-t, v-t, a-t)","0.95","средняя","missing_after_apply"
"159023","c8f3c43d-a1b4-4830-96c5-243efe69f240","a61293f9-8a4a-4a9d-836c-fb1d617bf961","Графики движения (x-t, v-t, a-t)","0.95","лёгкая","missing_after_apply"
"169642","c3110f97-7fe5-4946-a06b-9d68d5f89c27","a61293f9-8a4a-4a9d-836c-fb1d617bf961","Графики движения (x-t, v-t, a-t)","0.95","лёгкая","missing_after_apply"
"138628","a1ff8a15-8d4c-4a01-80b4-e0978f4f6868","a61293f9-8a4a-4a9d-836c-fb1d617bf961","Графики движения (x-t, v-t, a-t)","0.95","лёгкая","missing_after_apply"
"127686","3ca326e4-dcf7-4f90-bfb1-d8762bf660c2","a61293f9-8a4a-4a9d-836c-fb1d617bf961","Графики движения (x-t, v-t, a-t)","0.95","лёгкая","missing_after_apply"
"16634","21bb3349-b5d8-4b17-b5a7-8c652da90bc8","a61293f9-8a4a-4a9d-836c-fb1d617bf961","Графики движения (x-t, v-t, a-t)","0.95","лёгкая","missing_after_apply"
"104108","a6f074b6-7ff0-44ea-a873-b42b8f8667c5","a61293f9-8a4a-4a9d-836c-fb1d617bf961","Графики движения (x-t, v-t, a-t)","0.95","средняя","missing_after_apply"
"139369","58dcce81-719a-4139-8589-ce36afda22c7","476d71d1-72c6-4050-b35d-a3dc2e9f767f","Равномерное прямолинейное движение","0.95","лёгкая","missing_after_apply"
"158949","0fcb9f25-8891-48ef-94de-d32ce7178b77","a61293f9-8a4a-4a9d-836c-fb1d617bf961","Графики движения (x-t, v-t, a-t)","0.95","лёгкая","missing_after_apply"
"16689","9d4bdeda-c717-4456-b938-cfd1b79d3b68","04372799-9421-4a41-b49c-6d00c2bf329d","Относительность движения","0.95","средняя","missing_after_apply"
"139370","e3121e78-ef61-4562-91fe-d8b79f1c804a","476d71d1-72c6-4050-b35d-a3dc2e9f767f","Равномерное прямолинейное движение","0.95","лёгкая","missing_after_apply"
"16661","ed935e5d-44fa-454b-846e-d634841a150f","a61293f9-8a4a-4a9d-836c-fb1d617bf961","Графики движения (x-t, v-t, a-t)","0.95","лёгкая","missing_after_apply"
"16690","ce2cadd8-96c7-4f2e-a54b-f9d703b0833c","04372799-9421-4a41-b49c-6d00c2bf329d","Относительность движения","0.95","лёгкая","missing_after_apply"
"143765","4a8b1ca4-d3a8-43f1-9a79-8e087c677ef8","a61293f9-8a4a-4a9d-836c-fb1d617bf961","Графики движения (x-t, v-t, a-t)","0.95","средняя","missing_after_apply"
"155742","23afdfaa-3923-4027-9e6a-11b34cebada7","a61293f9-8a4a-4a9d-836c-fb1d617bf961","Графики движения (x-t, v-t, a-t)","0.95","лёгкая","missing_after_apply"
"18026","3110d261-5c89-4a11-abc0-27abf92d7a5a","0dad3f47-1aa4-4765-9f41-34a9a6005ed4","Законы Ньютона","0.95","лёгкая","missing_after_apply"
"101947","c5a1a70d-ff1c-40a0-b2ff-da57a51c0701","0c674863-412d-4cdb-8e84-d90b0e62d513","Закон всемирного тяготения","0.95","средняя","missing_after_apply"
"39093","3da90084-5822-486d-acc9-30027bce6ab3","0dad3f47-1aa4-4765-9f41-34a9a6005ed4","Законы Ньютона","0.95","средняя","missing_after_apply"
"102925","b0d34b60-382b-43e9-96d6-a27c04e7114e","0c674863-412d-4cdb-8e84-d90b0e62d513","Закон всемирного тяготения","0.95","средняя","missing_after_apply"
"102195","93d06757-65ef-4c2a-a3c9-c25bf7b879ff","0c674863-412d-4cdb-8e84-d90b0e62d513","Закон всемирного тяготения","0.95","средняя","missing_after_apply"
"17185","130966f5-ef7c-46dc-894e-7009889c4914","0c674863-412d-4cdb-8e84-d90b0e62d513","Закон всемирного тяготения","0.95","средняя","missing_after_apply"
"158950","8b15cf63-aef4-491b-951c-40dec730b561","0dad3f47-1aa4-4765-9f41-34a9a6005ed4","Законы Ньютона","0.95","лёгкая","missing_after_apply"
"17181","b9175457-fb5c-4f13-9d06-dd90a0ffba99","0c674863-412d-4cdb-8e84-d90b0e62d513","Закон всемирного тяготения","0.95","лёгкая","missing_after_apply"
"17950","8f78d14b-e5a4-4681-afe1-99d571611293","b62883d8-b923-4c11-809c-317c0eb233ad","Закон сохранения механической энергии","0.95","лёгкая","missing_after_apply"
"102932","69b68697-23c7-44da-9d76-4b39cbc590f0","662add6c-6ad6-4a05-b2e6-de8b7b4452fc","Работа и мощность","0.95","лёгкая","missing_after_apply"
"94928","c36b916d-3c33-4660-a7e4-462c6e77ce4f","0c674863-412d-4cdb-8e84-d90b0e62d513","Закон всемирного тяготения","0.95","средняя","missing_after_apply"
"169643","0c8ed744-6497-4246-9ded-7386a2eb6cd4","864f3bc5-4561-4b0c-8f5f-37d5716e8da7","Сила трения","0.95","лёгкая","missing_after_apply"
"17965","e7cfd692-b67d-468d-b839-6b68dbe1fbbc","864f3bc5-4561-4b0c-8f5f-37d5716e8da7","Сила трения","0.95","лёгкая","missing_after_apply"
"89312","933a362c-426b-45ae-a52e-2b66bd24a315","0dad3f47-1aa4-4765-9f41-34a9a6005ed4","Законы Ньютона","0.95","лёгкая","missing_after_apply"
"17966","779f75b4-3522-4d74-99b0-7f07c34ed4f9","864f3bc5-4561-4b0c-8f5f-37d5716e8da7","Сила трения","0.95","лёгкая","missing_after_apply"
"98112","2f75b292-fab8-4775-84ce-b3a976de8d40","0c674863-412d-4cdb-8e84-d90b0e62d513","Закон всемирного тяготения","0.95","лёгкая","missing_after_apply"
"115436","b9481ced-0573-493c-9184-7a63bc01ab08","c7e7b6c7-e91b-4dcc-8573-6515d79e404f","Условие равновесия тел","0.95","средняя","missing_after_apply"
"175143","5bb57060-3ffe-4ec2-bdf3-777dabe9377e","0c674863-412d-4cdb-8e84-d90b0e62d513","Закон всемирного тяготения","0.95","средняя","missing_after_apply"
"65186","d2dcdf26-3f5a-4b13-b5ff-b59cf77e44f9","0dad3f47-1aa4-4765-9f41-34a9a6005ed4","Законы Ньютона","0.95","лёгкая","missing_after_apply"
"103391","3d2bbc12-4d81-447d-bf6d-c4fa49cf342c","0c674863-412d-4cdb-8e84-d90b0e62d513","Закон всемирного тяготения","0.95","средняя","missing_after_apply"
"18029","1d6dc60f-1c92-4aa2-bd38-a122dae5d588","0dad3f47-1aa4-4765-9f41-34a9a6005ed4","Законы Ньютона","0.95","лёгкая","missing_after_apply"
"94348","aedc3ef7-a28a-4aee-937f-7c9929a55368","0c674863-412d-4cdb-8e84-d90b0e62d513","Закон всемирного тяготения","0.95","средняя","missing_after_apply"
"18525","f24a4262-e8e1-415b-a03a-7f1b12368f14","0dad3f47-1aa4-4765-9f41-34a9a6005ed4","Законы Ньютона","0.95","лёгкая","missing_after_apply"
"102927","59c255ee-690e-474e-85c5-5d49e30f4628","0c674863-412d-4cdb-8e84-d90b0e62d513","Закон всемирного тяготения","0.95","лёгкая","missing_after_apply"
"178838","3715fe2a-59ad-4c60-84a2-c3ed2ef40eb4","b62883d8-b923-4c11-809c-317c0eb233ad","Закон сохранения механической энергии","0.95","лёгкая","missing_after_apply"
"102929","2b283acd-681c-4908-abf4-66eac40d2b69","0c674863-412d-4cdb-8e84-d90b0e62d513","Закон всемирного тяготения","0.95","средняя","missing_after_apply"
"102214","d41576de-6277-4ec0-bc21-b798eaecaad8","0c674863-412d-4cdb-8e84-d90b0e62d513","Закон всемирного тяготения","0.95","лёгкая","missing_after_apply"
"18526","ad8ae0b8-7953-4fb3-839d-ea7ca9c4d5de","0dad3f47-1aa4-4765-9f41-34a9a6005ed4","Законы Ньютона","0.99","лёгкая","missing_after_apply"
"125762","d702a773-9b28-4f46-8fb8-cf3ea22e1bde","0c674863-412d-4cdb-8e84-d90b0e62d513","Закон всемирного тяготения","0.95","лёгкая","missing_after_apply"
"17180","68240d38-66b8-4588-b96b-015a094d0273","0dad3f47-1aa4-4765-9f41-34a9a6005ed4","Законы Ньютона","0.95","лёгкая","missing_after_apply"
"177175","a4764fc5-163c-4c65-b64f-b57fd3bf01b8","662add6c-6ad6-4a05-b2e6-de8b7b4452fc","Работа и мощность","0.95","лёгкая","missing_after_apply"
"102926","83d49146-12db-4176-96ca-e988c401bae9","0dad3f47-1aa4-4765-9f41-34a9a6005ed4","Законы Ньютона","0.95","лёгкая","missing_after_apply"
"22091","c2b3ff8c-80ea-44db-a795-033ee04aa9f8","662add6c-6ad6-4a05-b2e6-de8b7b4452fc","Работа и мощность","0.95","лёгкая","missing_after_apply"
"17945","4da8a039-8c98-4ac6-ba4a-ae1025998a8a","662add6c-6ad6-4a05-b2e6-de8b7b4452fc","Работа и мощность","0.95","лёгкая","missing_after_apply"
"102933","33fca423-4211-4521-8717-c3092502617f","864f3bc5-4561-4b0c-8f5f-37d5716e8da7","Сила трения","0.95","лёгкая","missing_after_apply"
"96700","7da3fe9a-ea54-45ff-adc9-904de9ac6e5e","864f3bc5-4561-4b0c-8f5f-37d5716e8da7","Сила трения","0.95","лёгкая","missing_after_apply"
"18524","0cd8f471-6f10-4ea9-9b1c-09e0861f066a","0dad3f47-1aa4-4765-9f41-34a9a6005ed4","Законы Ньютона","0.95","средняя","missing_after_apply"
"84058","21dc56c9-87ac-4b22-ad68-b85674181da2","0dad3f47-1aa4-4765-9f41-34a9a6005ed4","Законы Ньютона","0.95","лёгкая","missing_after_apply"
"96659","46d284a8-99d9-4774-81da-a52fe39403fb","864f3bc5-4561-4b0c-8f5f-37d5716e8da7","Сила трения","0.95","лёгкая","missing_after_apply"
"29292","223d237d-a87f-4340-92f7-99a201eeb3c4","0dad3f47-1aa4-4765-9f41-34a9a6005ed4","Законы Ньютона","0.95","лёгкая","missing_after_apply"
"117360","12ab47d3-0a0b-4285-8082-b5c371583afd","0dad3f47-1aa4-4765-9f41-34a9a6005ed4","Законы Ньютона","0.95","лёгкая","missing_after_apply"
"84922","0cff9ded-f344-46c3-a6d8-edfcaf928d38","864f3bc5-4561-4b0c-8f5f-37d5716e8da7","Сила трения","0.95","лёгкая","missing_after_apply"
"133380","97b72fe2-b9d0-4896-b25e-954853f997e9","662add6c-6ad6-4a05-b2e6-de8b7b4452fc","Работа и мощность","0.9","лёгкая","missing_after_apply"
"64399","7325a25f-a622-402e-9bfe-256691c58365","c7e7b6c7-e91b-4dcc-8573-6515d79e404f","Условие равновесия тел","0.95","лёгкая","missing_after_apply"
"158776","eab09df6-24e6-449b-817f-2eb947f645c0","0dad3f47-1aa4-4765-9f41-34a9a6005ed4","Законы Ньютона","0.95","лёгкая","missing_after_apply"
"17954","78618644-54eb-4e32-9274-f3e569b8db62","864f3bc5-4561-4b0c-8f5f-37d5716e8da7","Сила трения","0.95","лёгкая","missing_after_apply"
"17186","bedd5c2e-8add-4c61-a3c4-28e4de33e461","0c674863-412d-4cdb-8e84-d90b0e62d513","Закон всемирного тяготения","0.95","лёгкая","missing_after_apply"
"17968","f3206a5e-eb25-4119-a74c-c1bcfa34cee7","864f3bc5-4561-4b0c-8f5f-37d5716e8da7","Сила трения","0.95","лёгкая","missing_after_apply"
"159024","26daa3e9-0377-4cd3-8881-85ba49f8d0dc","0dad3f47-1aa4-4765-9f41-34a9a6005ed4","Законы Ньютона","0.95","лёгкая","missing_after_apply"
"20786","a1187355-1248-43f4-bf58-93d01946bc4d","0dad3f47-1aa4-4765-9f41-34a9a6005ed4","Законы Ньютона","0.95","лёгкая","missing_after_apply"
"91445","eca6ef08-ce99-4656-a51c-d01ea8fdeaeb","864f3bc5-4561-4b0c-8f5f-37d5716e8da7","Сила трения","0.95","лёгкая","missing_after_apply"
"94730","18b9cda1-d16c-446c-968e-9ad26ae9e09d","0c674863-412d-4cdb-8e84-d90b0e62d513","Закон всемирного тяготения","0.95","средняя","missing_after_apply"
"20787","05e5ead0-30ba-4500-8b69-6a86159466a6","0dad3f47-1aa4-4765-9f41-34a9a6005ed4","Законы Ньютона","0.95","лёгкая","missing_after_apply"
"15636","894dd211-490e-4d1f-a7b9-fa3dc4a433ab","58d13f7e-0580-491e-9b7a-59facfa77b2a","Движение по наклонной плоскости","0.95","средняя","missing_after_apply"
"92486","b247dc7b-4089-4369-99e6-c8876c031ef9","c7e7b6c7-e91b-4dcc-8573-6515d79e404f","Условие равновесия тел","0.95","средняя","missing_after_apply"
"64978","2f8b0482-bb55-410a-82d8-4eb3d812ceb0","0c674863-412d-4cdb-8e84-d90b0e62d513","Закон всемирного тяготения","0.95","лёгкая","missing_after_apply"
"34580","461ae62a-2e48-4332-92bb-1909f6fad86d","c7e7b6c7-e91b-4dcc-8573-6515d79e404f","Условие равновесия тел","0.95","средняя","missing_after_apply"
"135243","06826c32-55f2-4f41-83a5-efd453ed4d87","58d13f7e-0580-491e-9b7a-59facfa77b2a","Движение по наклонной плоскости","0.95","лёгкая","missing_after_apply"
"136666","0680efe4-772c-4b28-bea2-4249d3eb1f53","0dad3f47-1aa4-4765-9f41-34a9a6005ed4","Законы Ньютона","0.95","средняя","missing_after_apply"
"92319","21152433-2b2d-4906-acd5-4ebf969ce4c0","c7e7b6c7-e91b-4dcc-8573-6515d79e404f","Условие равновесия тел","0.95","средняя","missing_after_apply"
"114183","ac3a9a7f-196c-4482-bbb8-8cbfb556da05","0dad3f47-1aa4-4765-9f41-34a9a6005ed4","Законы Ньютона","0.95","средняя","missing_after_apply"
"130813","79fde11c-01a1-4bb9-8972-f42da0d05139","e369dffe-6559-4954-8050-8d41d1e6b84e","Центр тяжести","0.95","средняя","missing_after_apply"
"136600","afc55ad8-6d4e-476f-9375-40febe76d7dd","f930f7a2-dcae-4a22-b546-9131c952c71d","Движение по окружности","0.95","средняя","missing_after_apply"
"27725","523b16bc-ce63-4895-810e-e42b2b667b40","58d13f7e-0580-491e-9b7a-59facfa77b2a","Движение по наклонной плоскости","0.95","лёгкая","missing_after_apply"
"127688","537c4d70-2a2d-4f3e-8f94-6eaf40ce3d43","0dad3f47-1aa4-4765-9f41-34a9a6005ed4","Законы Ньютона","0.95","средняя","missing_after_apply"
"135463","737e04be-3af8-476c-a8a9-cf7e72c0de66","58d13f7e-0580-491e-9b7a-59facfa77b2a","Движение по наклонной плоскости","0.95","лёгкая","missing_after_apply"
"102930","56e473df-3ac9-433c-b4c7-79667d195f8b","e8c6865b-99f5-4065-b0a4-d5732deda411","Момент силы, рычаг","0.95","лёгкая","missing_after_apply"
"136144","b83100a5-fb75-45c5-96d9-ddd80e3c0297","0dad3f47-1aa4-4765-9f41-34a9a6005ed4","Законы Ньютона","0.95","средняя","missing_after_apply"
"130495","f42df1bf-a18a-4f9c-aa12-249d42be6101","92c499aa-3df6-4335-a036-24219b611408","Основное уравнение МКТ","0.9","лёгкая","missing_after_apply"
"136472","df837238-ba75-42a9-86d3-9fd71a6ebbfb","0c674863-412d-4cdb-8e84-d90b0e62d513","Закон всемирного тяготения","0.95","средняя","missing_after_apply"
"137474","865fddda-a8e5-4563-bd74-45009de35e3f","864f3bc5-4561-4b0c-8f5f-37d5716e8da7","Сила трения","0.95","лёгкая","missing_after_apply"
"131184","47c35a6c-e9ac-46b6-9171-b28a582e45dd","0c674863-412d-4cdb-8e84-d90b0e62d513","Закон всемирного тяготения","0.95","сложная","missing_after_apply"
"136819","38c3cc8f-df1e-4d4c-bcb5-b156cc619ef7","0dad3f47-1aa4-4765-9f41-34a9a6005ed4","Законы Ньютона","0.95","лёгкая","missing_after_apply"
"138629","99ac06e6-c900-4ce9-ab1f-fa138db37e9d","0dad3f47-1aa4-4765-9f41-34a9a6005ed4","Законы Ньютона","0.95","лёгкая","missing_after_apply"
"130810","03fb8e53-6b0c-4025-96b3-25d56de46dc1","0c674863-412d-4cdb-8e84-d90b0e62d513","Закон всемирного тяготения","0.95","средняя","missing_after_apply"
"136598","ef030b92-5c59-43e7-a7af-fbb29f5141a2","f930f7a2-dcae-4a22-b546-9131c952c71d","Движение по окружности","0.95","средняя","missing_after_apply"
"139055","8fa8932b-c3c6-4bbd-8e49-da728b24cda1","0dad3f47-1aa4-4765-9f41-34a9a6005ed4","Законы Ньютона","0.95","средняя","missing_after_apply"
"138666","06e21c78-a1ae-49b9-aa60-6c9d863aec01","0c674863-412d-4cdb-8e84-d90b0e62d513","Закон всемирного тяготения","0.95","средняя","missing_after_apply"
"139371","1f70780a-fdc5-4317-ad6d-859ac8bf531f","0dad3f47-1aa4-4765-9f41-34a9a6005ed4","Законы Ньютона","0.95","средняя","missing_after_apply"
"155599","e5f79b91-7494-49dc-b6a7-76dac6c38560","0dad3f47-1aa4-4765-9f41-34a9a6005ed4","Законы Ньютона","0.95","лёгкая","missing_after_apply"
"138863","788cc88f-9822-49c7-97fa-7375ef4d5bac","0dad3f47-1aa4-4765-9f41-34a9a6005ed4","Законы Ньютона","0.95","средняя","missing_after_apply"
"139373","c602021c-26b8-48ff-9804-f3eb84bba05b","b62883d8-b923-4c11-809c-317c0eb233ad","Закон сохранения механической энергии","0.95","лёгкая","missing_after_apply"
"139088","c2c97301-52ac-4a89-a79c-5f6180e6b88c","d8dbee33-8a12-4785-bb2e-adc086b7f548","Движение связанных тел (блоки, нити)","0.95","средняя","missing_after_apply"
"139372","97147e37-e49c-4fd6-b270-0174755ccce5","0dad3f47-1aa4-4765-9f41-34a9a6005ed4","Законы Ньютона","0.95","средняя","missing_after_apply"
"141114","4bc93c25-2248-4b91-a4d1-ae24fed5b35d","0dad3f47-1aa4-4765-9f41-34a9a6005ed4","Законы Ньютона","0.95","средняя","missing_after_apply"
"175129","6c50c56d-cf76-4579-a9da-bb990da354c5","0c674863-412d-4cdb-8e84-d90b0e62d513","Закон всемирного тяготения","0.95","средняя","missing_after_apply"
"146754","c3be110c-c905-4a2d-b392-1d0d40ae768f","0c674863-412d-4cdb-8e84-d90b0e62d513","Закон всемирного тяготения","0.95","средняя","missing_after_apply"
"175994","459e32fb-e041-4394-a1ed-eda2a1ed2a3d","0dad3f47-1aa4-4765-9f41-34a9a6005ed4","Законы Ньютона","0.95","лёгкая","missing_after_apply"
"101845","8f50f971-d1ee-4954-a359-a5d9ea20b9f9","83f8506c-da8d-4515-a47e-c20c1548d17f","Равноускоренное движение","0.95","средняя","missing_after_apply"
"96804","dac73c4f-01af-4053-bc60-6530c79de878","0c674863-412d-4cdb-8e84-d90b0e62d513","Закон всемирного тяготения","0.95","лёгкая","missing_after_apply"
"17956","3494080f-a4a0-4b02-b068-d2ab1444b5fd","864f3bc5-4561-4b0c-8f5f-37d5716e8da7","Сила трения","0.95","лёгкая","missing_after_apply"
"142476","7f3a211f-aae3-42d8-9d06-1b2b07800680","0dad3f47-1aa4-4765-9f41-34a9a6005ed4","Законы Ньютона","0.95","средняя","missing_after_apply"
"17187","767a9194-f4db-467b-b89c-d38732fbf9dc","0c674863-412d-4cdb-8e84-d90b0e62d513","Закон всемирного тяготения","0.95","средняя","missing_after_apply"
"177371","6e298068-f397-4862-bb73-b1458ffb20d1","0c674863-412d-4cdb-8e84-d90b0e62d513","Закон всемирного тяготения","0.95","лёгкая","missing_after_apply"
"160003","10eac98a-67de-4689-bfff-1803cf240f5d","0dad3f47-1aa4-4765-9f41-34a9a6005ed4","Законы Ньютона","0.95","лёгкая","missing_after_apply"
"94459","5a534d0c-f22c-4965-84c1-5fd1ff9f8357","0c674863-412d-4cdb-8e84-d90b0e62d513","Закон всемирного тяготения","0.95","средняя","missing_after_apply"
"17947","42e485f2-01a9-433b-8844-d68853adf183","c7e7b6c7-e91b-4dcc-8573-6515d79e404f","Условие равновесия тел","0.95","средняя","missing_after_apply"
"112671","6e201bde-b69e-4077-b7d1-984bb2514617","0dad3f47-1aa4-4765-9f41-34a9a6005ed4","Законы Ньютона","0.95","средняя","missing_after_apply"
"18523","63a15d5c-e381-4b7f-b166-636bfe87bda0","0dad3f47-1aa4-4765-9f41-34a9a6005ed4","Законы Ньютона","0.95","лёгкая","missing_after_apply"
"91971","327aeb6a-8888-41ba-9914-4eb679317058","0dad3f47-1aa4-4765-9f41-34a9a6005ed4","Законы Ньютона","0.95","лёгкая","missing_after_apply"
"102928","fb55c926-b9a0-454b-bdd7-ff97d2373eb7","0dad3f47-1aa4-4765-9f41-34a9a6005ed4","Законы Ньютона","0.95","лёгкая","missing_after_apply"
"178287","9c505fa5-db5d-4968-bd2f-a4ee093a5123","662add6c-6ad6-4a05-b2e6-de8b7b4452fc","Работа и мощность","0.95","лёгкая","missing_after_apply"
"85582","68a0124a-d0c7-46f0-bc95-2027d309c6cb","662add6c-6ad6-4a05-b2e6-de8b7b4452fc","Работа и мощность","0.95","лёгкая","missing_after_apply"
"39717","55849e12-b9c3-4792-843e-a9a70bb3cb02","662add6c-6ad6-4a05-b2e6-de8b7b4452fc","Работа и мощность","0.95","лёгкая","missing_after_apply"
"65067","4dac896e-8c3c-4b18-b807-de86d9d40eac","0c674863-412d-4cdb-8e84-d90b0e62d513","Закон всемирного тяготения","0.95","средняя","missing_after_apply"
"136847","69f7bc7f-128f-41ec-becb-2d1a2fd9cd28","c7e7b6c7-e91b-4dcc-8573-6515d79e404f","Условие равновесия тел","0.95","средняя","missing_after_apply"
"96913","2fca8be5-3c91-41d6-8039-3ef451386e1a","0c674863-412d-4cdb-8e84-d90b0e62d513","Закон всемирного тяготения","0.95","средняя","missing_after_apply"
"104118","2a5e3fdc-7d52-4a84-aff1-b287e0fecf05","0dad3f47-1aa4-4765-9f41-34a9a6005ed4","Законы Ньютона","0.95","лёгкая","missing_after_apply"
"17189","c8bd8325-ccf2-47ef-84f9-7d0f9fae09b7","0c674863-412d-4cdb-8e84-d90b0e62d513","Закон всемирного тяготения","0.95","средняя","missing_after_apply"
"121604","c202f526-3f2f-48ee-8a13-d0493ff016c5","864f3bc5-4561-4b0c-8f5f-37d5716e8da7","Сила трения","0.95","лёгкая","missing_after_apply"
"103083","b4414d92-9057-46ba-b33d-dca75b05b4b0","0dad3f47-1aa4-4765-9f41-34a9a6005ed4","Законы Ньютона","0.95","лёгкая","missing_after_apply"
"65355","8b2c59f7-008c-4e0c-9a34-6255e2af2ebb","0c674863-412d-4cdb-8e84-d90b0e62d513","Закон всемирного тяготения","0.95","лёгкая","missing_after_apply"
"130323","42d35f66-bed6-4469-bd9d-b68139b36a72","92c499aa-3df6-4335-a036-24219b611408","Основное уравнение МКТ","0.75","лёгкая","missing_after_apply"
"102632","3b28465b-311c-48ca-84fa-353ff7530189","0c674863-412d-4cdb-8e84-d90b0e62d513","Закон всемирного тяготения","0.95","лёгкая","missing_after_apply"
"120668","71dbe725-c07e-4763-a0e9-43b43544ba9f","0dad3f47-1aa4-4765-9f41-34a9a6005ed4","Законы Ньютона","0.95","средняя","missing_after_apply"
"139089","c6404d2c-2b4e-491b-b2f2-b76bc6d2384c","d8dbee33-8a12-4785-bb2e-adc086b7f548","Движение связанных тел (блоки, нити)","0.95","средняя","missing_after_apply"
"17957","877fbbf3-ec74-4803-bc13-ffbbb95f6154","864f3bc5-4561-4b0c-8f5f-37d5716e8da7","Сила трения","0.95","лёгкая","missing_after_apply"
"139054","831c9c86-4336-4aa9-8b35-55fe4330d721","0dad3f47-1aa4-4765-9f41-34a9a6005ed4","Законы Ньютона","0.95","средняя","missing_after_apply"
"104117","dea03ca6-b97b-42ab-ab57-20024b7eae62","0dad3f47-1aa4-4765-9f41-34a9a6005ed4","Законы Ньютона","0.95","лёгкая","missing_after_apply"
"137479","14a58d93-2bd4-43ec-9099-d5f61c50d580","864f3bc5-4561-4b0c-8f5f-37d5716e8da7","Сила трения","0.95","лёгкая","missing_after_apply"
"141604","7f6c8af4-fcbf-4e06-bae8-db7f668c6fd7","83f8506c-da8d-4515-a47e-c20c1548d17f","Равноускоренное движение","0.95","средняя","missing_after_apply"
"136846","a6ba1fbc-0010-4045-904e-b34d247a543b","c7e7b6c7-e91b-4dcc-8573-6515d79e404f","Условие равновесия тел","0.95","средняя","missing_after_apply"
"136945","4eb909ea-c0c2-473e-a819-a6fabe2f871c","0dad3f47-1aa4-4765-9f41-34a9a6005ed4","Законы Ньютона","0.95","лёгкая","missing_after_apply"
"175117","e5797d57-aff9-4a35-913f-535d56884443","0c674863-412d-4cdb-8e84-d90b0e62d513","Закон всемирного тяготения","0.95","средняя","missing_after_apply"
"138587","700d3829-ca07-484c-af27-3eae9719b064","0dad3f47-1aa4-4765-9f41-34a9a6005ed4","Законы Ньютона","0.95","лёгкая","missing_after_apply"
"186532","ce819925-4178-4513-91ff-1dc6b435e22e","83f8506c-da8d-4515-a47e-c20c1548d17f","Равноускоренное движение","0.95","лёгкая","missing_after_apply"
"138667","410a0479-ffac-4491-bf02-5beca5d9ab71","0c674863-412d-4cdb-8e84-d90b0e62d513","Закон всемирного тяготения","0.95","средняя","missing_after_apply"
"155743","22f572d8-b573-42bc-bdb9-2a44ca90f69f","0dad3f47-1aa4-4765-9f41-34a9a6005ed4","Законы Ньютона","0.95","лёгкая","missing_after_apply"
"136198","ca2ef346-a44c-4173-98e4-6009714a4725","cac27515-dcf2-47ac-8e5a-6708e0ac6947","Законы преломления, полное внутреннее отражение","0.95","средняя","missing_after_apply"
"178302","d9f60531-66b8-41ec-ab76-2c5b7c6a5fba","019020c4-13bf-418c-b366-63bf09d42066","Электромагнитные колебания, колебательный контур","0.95","средняя","missing_after_apply"
"34591","43aa7d2b-a5ff-4948-9620-ce85e6bfa3c2","019020c4-13bf-418c-b366-63bf09d42066","Электромагнитные колебания, колебательный контур","0.95","средняя","missing_after_apply"
"178848","482751bc-86ec-440d-93f7-93d2b6b28f80","c1ed3d8f-0772-4133-85a5-f393878f3892","Законы отражения, плоское зеркало","0.95","лёгкая","missing_after_apply"
"92329","f88d1a51-7098-4b60-9e39-2866f1e6e3f7","019020c4-13bf-418c-b366-63bf09d42066","Электромагнитные колебания, колебательный контур","0.95","средняя","missing_after_apply"
"14108","531c9f3e-b797-452d-9150-39f3a6040a46","b2bac358-3fed-498b-89cf-29a3df32cd0a","Линзы, формула тонкой линзы","0.95","средняя","missing_after_apply"
"29301","cfd6ad43-00d6-4161-b4af-c2a3f7f12781","c1ed3d8f-0772-4133-85a5-f393878f3892","Законы отражения, плоское зеркало","0.95","лёгкая","missing_after_apply"
"92493","f9405478-b9de-4a3d-91cc-351f45b3c950","019020c4-13bf-418c-b366-63bf09d42066","Электромагнитные колебания, колебательный контур","0.95","средняя","missing_after_apply"
"125767","f6982c4a-8632-4da8-8f5b-b63a49f81190","c1ed3d8f-0772-4133-85a5-f393878f3892","Законы отражения, плоское зеркало","0.95","лёгкая","missing_after_apply"
"85586","8faecbc6-9a8c-4ca7-b49a-b08d92d91a8d","c1ed3d8f-0772-4133-85a5-f393878f3892","Законы отражения, плоское зеркало","0.95","средняя","missing_after_apply"
"84072","80d424c5-e908-4118-b61e-fdc0acb9c08d","c1ed3d8f-0772-4133-85a5-f393878f3892","Законы отражения, плоское зеркало","0.95","средняя","missing_after_apply"
"97904","7c3bfeb2-5c46-457a-9159-dfef1750bf0d","c1ed3d8f-0772-4133-85a5-f393878f3892","Законы отражения, плоское зеркало","0.95","лёгкая","missing_after_apply"
"96096","013cf078-f429-4f02-9320-d8612175158e","c1ed3d8f-0772-4133-85a5-f393878f3892","Законы отражения, плоское зеркало","0.95","лёгкая","missing_after_apply"
"124692","659dc7cc-4582-4e1e-a444-c4b31d7944fb","b2bac358-3fed-498b-89cf-29a3df32cd0a","Линзы, формула тонкой линзы","0.95","средняя","missing_after_apply"
"103441","b8857ef5-b220-4a27-ac09-5f7f9df69e72","c1ed3d8f-0772-4133-85a5-f393878f3892","Законы отражения, плоское зеркало","0.95","лёгкая","missing_after_apply"
"169035","21792244-55d3-484b-8a01-1517cfecdf54","019020c4-13bf-418c-b366-63bf09d42066","Электромагнитные колебания, колебательный контур","0.95","средняя","missing_after_apply"
"177481","c9089965-cae3-491d-97ea-38c7c7408f39","c1ed3d8f-0772-4133-85a5-f393878f3892","Законы отражения, плоское зеркало","0.95","лёгкая","missing_after_apply"
"84724","e14fc251-5ed8-4269-bf42-2045d6d2986c","019020c4-13bf-418c-b366-63bf09d42066","Электромагнитные колебания, колебательный контур","0.95","средняя","missing_after_apply"
"98120","a24e9617-e61f-4da7-9e68-8e7ef84fae1b","c1ed3d8f-0772-4133-85a5-f393878f3892","Законы отражения, плоское зеркало","0.95","лёгкая","missing_after_apply"
"120745","7739c80a-49d1-427b-b738-fd35a159281d","c1ed3d8f-0772-4133-85a5-f393878f3892","Законы отражения, плоское зеркало","0.95","лёгкая","missing_after_apply"
"96920","b08e4eff-9cbc-4d1a-9136-e140d8032f37","c1ed3d8f-0772-4133-85a5-f393878f3892","Законы отражения, плоское зеркало","0.95","лёгкая","missing_after_apply"
"94468","708508fd-30f6-429b-808b-4d053e3a01b9","c1ed3d8f-0772-4133-85a5-f393878f3892","Законы отражения, плоское зеркало","0.95","лёгкая","missing_after_apply"
"126652","b842c49b-93b8-4b78-86c9-1e2904f9837e","cac27515-dcf2-47ac-8e5a-6708e0ac6947","Законы преломления, полное внутреннее отражение","0.95","лёгкая","missing_after_apply"
"135422","b48adefd-a767-4c27-9cb0-937ff6d5253b","019020c4-13bf-418c-b366-63bf09d42066","Электромагнитные колебания, колебательный контур","0.95","средняя","missing_after_apply"
"114718","5406d501-e2d7-466c-8344-ceb8748dade3","b2bac358-3fed-498b-89cf-29a3df32cd0a","Линзы, формула тонкой линзы","0.95","средняя","missing_after_apply"
"130423","dae885e0-0a61-4873-9914-85f4cb6eb9b0","c1ed3d8f-0772-4133-85a5-f393878f3892","Законы отражения, плоское зеркало","0.95","средняя","missing_after_apply"
"138166","750e6dd0-0289-48d9-bba1-eb574d7e008f","c1ed3d8f-0772-4133-85a5-f393878f3892","Законы отражения, плоское зеркало","0.95","лёгкая","missing_after_apply"
"176017","764d2cbe-8056-4fdf-9100-a799d5557629","b2bac358-3fed-498b-89cf-29a3df32cd0a","Линзы, формула тонкой линзы","0.95","средняя","missing_after_apply"
"126476","85872098-b0ff-4139-83fb-0ada6e684fce","cac27515-dcf2-47ac-8e5a-6708e0ac6947","Законы преломления, полное внутреннее отражение","0.95","лёгкая","missing_after_apply"
"134196","c3db8e23-2843-408d-a13d-73c48e657c3d","cac27515-dcf2-47ac-8e5a-6708e0ac6947","Законы преломления, полное внутреннее отражение","0.95","средняя","missing_after_apply"
"138777","cdd5947a-38f7-43ce-a96b-3a6457e3e93d","b2bac358-3fed-498b-89cf-29a3df32cd0a","Линзы, формула тонкой линзы","0.95","средняя","missing_after_apply"
"136572","c9006e8d-8d7a-4d2e-a189-d5d8e02d45a8","019020c4-13bf-418c-b366-63bf09d42066","Электромагнитные колебания, колебательный контур","0.95","лёгкая","missing_after_apply"
"17967","09c01f9e-f0c0-48c3-ae4b-eba62ec99f0d","864f3bc5-4561-4b0c-8f5f-37d5716e8da7","Сила трения","0.95","лёгкая","missing_after_apply"
"138561","6dfab4f0-34ca-4ce1-96f2-188811d99f79","019020c4-13bf-418c-b366-63bf09d42066","Электромагнитные колебания, колебательный контур","0.95","средняя","missing_after_apply"
"139082","c004e255-2602-4712-ade4-0ec571c5eaab","019020c4-13bf-418c-b366-63bf09d42066","Электромагнитные колебания, колебательный контур","0.95","средняя","missing_after_apply"
"131013","c2e47c84-a642-4603-9098-aeb0153a51c1","019020c4-13bf-418c-b366-63bf09d42066","Электромагнитные колебания, колебательный контур","0.95","средняя","missing_after_apply"
"136978","af0c1301-d028-4d15-99c5-ab4dd4707aa4","019020c4-13bf-418c-b366-63bf09d42066","Электромагнитные колебания, колебательный контур","0.95","средняя","missing_after_apply"
"155758","037e0639-7dca-42b3-867f-cae1293f5b38","b2bac358-3fed-498b-89cf-29a3df32cd0a","Линзы, формула тонкой линзы","0.95","средняя","missing_after_apply"
"138605","ac45fe7f-1a00-43dd-b3c0-6f82b35c7f2e","b2bac358-3fed-498b-89cf-29a3df32cd0a","Линзы, формула тонкой линзы","0.95","средняя","missing_after_apply"
"138778","55109842-d239-4d60-bc53-1e9bbb028b9e","b2bac358-3fed-498b-89cf-29a3df32cd0a","Линзы, формула тонкой линзы","0.95","средняя","missing_after_apply"
"139650","740443cc-bef9-42a6-b39c-b182f7b1f346","c1ed3d8f-0772-4133-85a5-f393878f3892","Законы отражения, плоское зеркало","0.95","лёгкая","missing_after_apply"
"141139","5d2d3188-18eb-4049-9d64-2d3abd82dee7","b2bac358-3fed-498b-89cf-29a3df32cd0a","Линзы, формула тонкой линзы","0.95","средняя","missing_after_apply"
"143771","b4183569-2206-4e90-be37-cfd65c4bb6bc","019020c4-13bf-418c-b366-63bf09d42066","Электромагнитные колебания, колебательный контур","0.95","средняя","missing_after_apply"
"96016","0954e86e-27f6-41a5-b1b1-3529151125ad","019020c4-13bf-418c-b366-63bf09d42066","Электромагнитные колебания, колебательный контур","0.95","средняя","missing_after_apply"
"165583","2461e69a-7dc9-4cfa-ab41-84825bc00173","019020c4-13bf-418c-b366-63bf09d42066","Электромагнитные колебания, колебательный контур","0.95","средняя","missing_after_apply"
"65075","73922f47-6b81-44c6-9234-9e1b3caa5e2e","b2bac358-3fed-498b-89cf-29a3df32cd0a","Линзы, формула тонкой линзы","0.95","средняя","missing_after_apply"
"91770","631fb861-8711-4a99-87f3-cdd0c2155f04","c1ed3d8f-0772-4133-85a5-f393878f3892","Законы отражения, плоское зеркало","0.95","лёгкая","missing_after_apply"
"138848","81283102-f1b8-452b-9d9e-5f333134567e","019020c4-13bf-418c-b366-63bf09d42066","Электромагнитные колебания, колебательный контур","0.95","средняя","missing_after_apply"
"158961","0ee3ff9c-7a54-4049-983d-4de6977b1293","019020c4-13bf-418c-b366-63bf09d42066","Электромагнитные колебания, колебательный контур","0.95","лёгкая","missing_after_apply"
"136736","4dd2fa83-c3b8-404b-8358-44c0697abf7f","c1ed3d8f-0772-4133-85a5-f393878f3892","Законы отражения, плоское зеркало","0.95","лёгкая","missing_after_apply"
"115785","83567a5a-f8f4-43ff-bffe-7d3f572d22b8","b2bac358-3fed-498b-89cf-29a3df32cd0a","Линзы, формула тонкой линзы","0.95","средняя","missing_after_apply"
"64987","03987b57-bb2e-4140-8ea7-6352388120e7","b2bac358-3fed-498b-89cf-29a3df32cd0a","Линзы, формула тонкой линзы","0.95","средняя","missing_after_apply"
"137131","88fedf09-a7e3-405b-b79e-d40e6b5b71ca","019020c4-13bf-418c-b366-63bf09d42066","Электромагнитные колебания, колебательный контур","0.95","средняя","missing_after_apply"
"39111","c7eb1543-03bc-4e0e-9e02-2b688ae95da1","bdc8e9ec-edf9-4a89-9008-ec27171a8506","Энергия магнитного поля","0.95","средняя","missing_after_apply"
"138849","675d5e0d-ae11-4389-87bb-3f7bdeccd429","019020c4-13bf-418c-b366-63bf09d42066","Электромагнитные колебания, колебательный контур","0.95","средняя","missing_after_apply"
"102057","ee995861-26ed-4673-97a8-5fa95c98282a","019020c4-13bf-418c-b366-63bf09d42066","Электромагнитные колебания, колебательный контур","0.95","средняя","missing_after_apply"
"136881","04cb73d2-6e39-423a-8114-0ccf5b08e3a5","019020c4-13bf-418c-b366-63bf09d42066","Электромагнитные колебания, колебательный контур","0.95","средняя","missing_after_apply"
"138641","ded6eeef-2a6d-4186-8593-998b970f50d0","b2bac358-3fed-498b-89cf-29a3df32cd0a","Линзы, формула тонкой линзы","0.95","средняя","missing_after_apply"
"163381","473569a0-ffc1-43c5-a884-61bc98f51fc8","c1ed3d8f-0772-4133-85a5-f393878f3892","Законы отражения, плоское зеркало","0.95","средняя","missing_after_apply"
"139649","47363fc1-3bd6-4fc8-8b2b-48b4dadf033e","c1ed3d8f-0772-4133-85a5-f393878f3892","Законы отражения, плоское зеркало","0.95","лёгкая","missing_after_apply"
"166779","e354ee2d-4ca5-4e97-aae9-2cb58e15b721","c1ed3d8f-0772-4133-85a5-f393878f3892","Законы отражения, плоское зеркало","0.95","лёгкая","missing_after_apply"
"130530","582b82df-3272-459f-a24c-79f8592e4f29","c1ed3d8f-0772-4133-85a5-f393878f3892","Законы отражения, плоское зеркало","0.95","средняя","missing_after_apply"
"64986","86a52217-85e4-41b6-9cf9-268824277f21","019020c4-13bf-418c-b366-63bf09d42066","Электромагнитные колебания, колебательный контур","0.95","средняя","missing_after_apply"
"102239","7a1ff628-9fc9-4a8e-97f4-24024cd43455","019020c4-13bf-418c-b366-63bf09d42066","Электромагнитные колебания, колебательный контур","0.95","лёгкая","missing_after_apply"
"175255","f19c42e9-43b6-4527-8c82-8c5db436dacb","b2bac358-3fed-498b-89cf-29a3df32cd0a","Линзы, формула тонкой линзы","0.95","средняя","missing_after_apply"
"175295","58e7669b-8c8b-4f0c-affc-ade8510df3c0","b2bac358-3fed-498b-89cf-29a3df32cd0a","Линзы, формула тонкой линзы","0.95","средняя","missing_after_apply"
"168650","350486ac-fbee-46ac-8993-5ab80e012531","019020c4-13bf-418c-b366-63bf09d42066","Электромагнитные колебания, колебательный контур","0.95","средняя","missing_after_apply"
"159035","e9155956-cb99-4699-a92e-03770e4aa614","019020c4-13bf-418c-b366-63bf09d42066","Электромагнитные колебания, колебательный контур","0.95","лёгкая","missing_after_apply"
"102204","332a06cc-edfa-4710-a693-162f3dcfa9f0","019020c4-13bf-418c-b366-63bf09d42066","Электромагнитные колебания, колебательный контур","0.95","лёгкая","missing_after_apply"
"158787","22b1df0d-789d-440a-9855-0a9144682630","019020c4-13bf-418c-b366-63bf09d42066","Электромагнитные колебания, колебательный контур","0.95","лёгкая","missing_after_apply"
"165582","426f25a3-27c4-434a-b830-8bbb9fd667c4","b2bac358-3fed-498b-89cf-29a3df32cd0a","Линзы, формула тонкой линзы","0.95","средняя","missing_after_apply"
"112692","ee8f84dc-de70-4cc6-92a8-bc2a88cbb162","b2bac358-3fed-498b-89cf-29a3df32cd0a","Линзы, формула тонкой линзы","0.95","средняя","missing_after_apply"
"135536","18cb4983-4923-4601-8bb2-94a92bd7039d","019020c4-13bf-418c-b366-63bf09d42066","Электромагнитные колебания, колебательный контур","0.95","средняя","missing_after_apply"
"175289","37392083-2c90-4f87-8172-2eb10024cd25","b2bac358-3fed-498b-89cf-29a3df32cd0a","Линзы, формула тонкой линзы","0.95","средняя","missing_after_apply"
"155617","cbb8261a-7205-45e0-9f72-78a4664304e0","b2bac358-3fed-498b-89cf-29a3df32cd0a","Линзы, формула тонкой линзы","0.95","средняя","missing_after_apply"
"132876","1aa82c87-1670-4324-8cad-ea01170cf920","cac27515-dcf2-47ac-8e5a-6708e0ac6947","Законы преломления, полное внутреннее отражение","0.95","средняя","missing_after_apply"
"139084","614736ec-8fe2-4d4a-9e2f-e4c7d989798d","019020c4-13bf-418c-b366-63bf09d42066","Электромагнитные колебания, колебательный контур","0.95","средняя","missing_after_apply"
"160032","43461279-7cf5-4a0c-ab2b-fa0c972b27c1","019020c4-13bf-418c-b366-63bf09d42066","Электромагнитные колебания, колебательный контур","0.95","средняя","missing_after_apply"
"94216","ec744b92-3b0b-4fb5-ac54-5dcd25af3bca","019020c4-13bf-418c-b366-63bf09d42066","Электромагнитные колебания, колебательный контур","0.95","средняя","missing_after_apply"
"137127","9f17b77f-473c-4294-94a1-5764cb9389aa","019020c4-13bf-418c-b366-63bf09d42066","Электромагнитные колебания, колебательный контур","0.95","средняя","missing_after_apply"
"163442","83f5fea1-fac8-4666-b696-ad5c3c5d59e4","c1ed3d8f-0772-4133-85a5-f393878f3892","Законы отражения, плоское зеркало","0.95","средняя","missing_after_apply"
"102723","07b4eace-5736-42eb-8cbf-bd09a32a2f19","019020c4-13bf-418c-b366-63bf09d42066","Электромагнитные колебания, колебательный контур","0.95","средняя","missing_after_apply"
"185847","d51bfe93-c155-4c2a-ac32-ecfeddcd3a87","c1ed3d8f-0772-4133-85a5-f393878f3892","Законы отражения, плоское зеркало","0.95","средняя","missing_after_apply"
"133183","5d885858-8a93-41ba-9cd9-5833a19f8dcf","cac27515-dcf2-47ac-8e5a-6708e0ac6947","Законы преломления, полное внутреннее отражение","0.95","средняя","missing_after_apply"
"139087","62610f22-5ecb-47fd-a8be-bfd12d474a33","b2bac358-3fed-498b-89cf-29a3df32cd0a","Линзы, формула тонкой линзы","0.95","средняя","missing_after_apply"
"138167","cd75dbcd-c5ae-48a3-87c6-1855b5187f64","c1ed3d8f-0772-4133-85a5-f393878f3892","Законы отражения, плоское зеркало","0.95","лёгкая","missing_after_apply"
"185826","b2b8c517-dbde-4244-b257-0273e98f0c19","8e093a3f-e645-453a-b616-ce80c86b785b","Ядерные реакции","0.95","средняя","missing_after_apply"
"13637","62cbc510-e7de-4e32-b6fd-d2f3db81b41d","463ba2b2-713f-4a9c-87a1-68e46a8f0dbd","Строение атома","0.95","лёгкая","missing_after_apply"
"133205","d1cae17c-b21d-473c-ba6a-9347d3b424fd","23737c94-15b4-4f02-beed-53450abd7608","Фотоны, энергия и импульс фотона","0.95","средняя","missing_after_apply"
"26309","b2f52241-7283-45b9-8868-03d5dffb9a14","23737c94-15b4-4f02-beed-53450abd7608","Фотоны, энергия и импульс фотона","0.95","средняя","missing_after_apply"
"18050","5487d5a2-8a4c-4be4-9af8-4fb85d24382f","974157bd-672d-4fdb-88ea-512fd28a599e","Постулаты СТО","0.95","средняя","missing_after_apply"
"96723","a23a373c-7e63-4463-9d94-1bb7858be189","463ba2b2-713f-4a9c-87a1-68e46a8f0dbd","Строение атома","0.95","лёгкая","missing_after_apply"
"102393","0e1ed0af-8e1a-4fef-beb9-dbebaca49084","eaafc38d-1303-4dde-b415-305b21bbc419","Радиоактивность, виды распада","0.95","лёгкая","missing_after_apply"
"96020","fc4c803e-3372-45a7-8c53-56332dc7119b","eaafc38d-1303-4dde-b415-305b21bbc419","Радиоактивность, виды распада","0.95","лёгкая","missing_after_apply"
"94360","a021d859-38ac-416b-8596-90ec187bbb46","eaafc38d-1303-4dde-b415-305b21bbc419","Радиоактивность, виды распада","0.95","средняя","missing_after_apply"
"27744","896bd009-d26b-4bae-8b4b-0ea2b0e187b9","6be8752a-d9c3-4c46-a5e0-3d86600eacaf","Закон радиоактивного распада","0.95","средняя","missing_after_apply"
"13648","7ac76fbc-aed2-4dcb-b7ad-17847c304380","8e093a3f-e645-453a-b616-ce80c86b785b","Ядерные реакции","0.95","средняя","missing_after_apply"
"102433","89eae231-2d11-4806-927c-773851205149","eaafc38d-1303-4dde-b415-305b21bbc419","Радиоактивность, виды распада","0.95","лёгкая","missing_after_apply"
"93789","7ac2cea5-8d16-4001-97cb-dca6997fa93b","8e093a3f-e645-453a-b616-ce80c86b785b","Ядерные реакции","0.95","средняя","missing_after_apply"
"13673","7ae87053-15e5-4305-a1ce-d0ff76d666f1","d927dfc1-ef7c-41b9-9f78-44f3c1254486","Фотоэффект, уравнение Эйнштейна","0.95","лёгкая","missing_after_apply"
"178852","844590e5-41a8-44af-87ce-ebc2ef65d9e2","463ba2b2-713f-4a9c-87a1-68e46a8f0dbd","Строение атома","0.95","лёгкая","missing_after_apply"
"13646","71cbaa8d-eeff-45a0-ac52-5b978d735559","8e093a3f-e645-453a-b616-ce80c86b785b","Ядерные реакции","0.95","средняя","missing_after_apply"
"91782","c013fd7a-d1cd-4fa6-9a12-34b986b3227e","8e093a3f-e645-453a-b616-ce80c86b785b","Ядерные реакции","0.95","средняя","missing_after_apply"
"94470","8765d80c-31e8-4f3a-8e1c-8139b859f46c","eaafc38d-1303-4dde-b415-305b21bbc419","Радиоактивность, виды распада","0.95","лёгкая","missing_after_apply"
"166256","be0a2594-e31e-458c-b471-cfaedccc47ca","6be8752a-d9c3-4c46-a5e0-3d86600eacaf","Закон радиоактивного распада","0.95","лёгкая","missing_after_apply"
"13656","a66ab602-b18d-4bb2-bdb1-f1a8cfb0c5b5","6be8752a-d9c3-4c46-a5e0-3d86600eacaf","Закон радиоактивного распада","0.95","лёгкая","missing_after_apply"
"94026","35d91709-0ae3-49e7-9292-71afe7f62160","8e093a3f-e645-453a-b616-ce80c86b785b","Ядерные реакции","0.95","средняя","missing_after_apply"
"186283","6cd41129-d711-402a-a411-73dffd0a8b80","463ba2b2-713f-4a9c-87a1-68e46a8f0dbd","Строение атома","0.95","лёгкая","missing_after_apply"
"91994","06844078-107a-4a30-84e7-f6b2e254938a","8e093a3f-e645-453a-b616-ce80c86b785b","Ядерные реакции","0.95","средняя","missing_after_apply"
"112695","30e95820-6132-452a-8ad9-12ba547943b9","6be8752a-d9c3-4c46-a5e0-3d86600eacaf","Закон радиоактивного распада","0.95","средняя","missing_after_apply"
"186444","cb963cd4-60b5-4e92-a72a-4cc1c37cefa6","eaafc38d-1303-4dde-b415-305b21bbc419","Радиоактивность, виды распада","0.95","лёгкая","missing_after_apply"
"160041","b76755c6-d0ba-490e-9faa-a970636687c0","6be8752a-d9c3-4c46-a5e0-3d86600eacaf","Закон радиоактивного распада","0.95","средняя","missing_after_apply"
"91784","466371f0-1099-4c4a-8451-2a5824aad056","6be8752a-d9c3-4c46-a5e0-3d86600eacaf","Закон радиоактивного распада","0.95","средняя","missing_after_apply"
"91697","cb34aeef-7c37-4ee1-a17c-54f19a26cf63","6be8752a-d9c3-4c46-a5e0-3d86600eacaf","Закон радиоактивного распада","0.95","лёгкая","missing_after_apply"
"97907","3401e9d7-adfa-4814-8e6e-45842418abb2","8e093a3f-e645-453a-b616-ce80c86b785b","Ядерные реакции","0.95","средняя","missing_after_apply"
"176014","1da77944-f350-4453-900e-a03286460bf5","6be8752a-d9c3-4c46-a5e0-3d86600eacaf","Закон радиоактивного распада","0.95","средняя","missing_after_apply"
"115790","8648df6f-e249-42df-94fd-2470222eec18","6be8752a-d9c3-4c46-a5e0-3d86600eacaf","Закон радиоактивного распада","0.95","средняя","missing_after_apply"
"151475","7e23b8d5-c6fc-49f3-bbcb-edc71e80c0b6","463ba2b2-713f-4a9c-87a1-68e46a8f0dbd","Строение атома","0.95","лёгкая","missing_after_apply"
"186446","0eb7d572-9b49-41fd-9c04-480f5cbdaf12","463ba2b2-713f-4a9c-87a1-68e46a8f0dbd","Строение атома","0.95","лёгкая","missing_after_apply"
"183290","0980701e-e690-4df6-b203-25fe86f69438","6be8752a-d9c3-4c46-a5e0-3d86600eacaf","Закон радиоактивного распада","0.95","средняя","missing_after_apply"
"175292","968394ac-e15b-465a-8579-aab90a6eff5d","eaafc38d-1303-4dde-b415-305b21bbc419","Радиоактивность, виды распада","0.95","лёгкая","missing_after_apply"
"186449","7095d56f-9bd6-4999-b4c4-ba85c63bd843","463ba2b2-713f-4a9c-87a1-68e46a8f0dbd","Строение атома","0.95","лёгкая","missing_after_apply"
"186286","5e2c5e6a-f85a-4583-9110-d52fd7f00206","463ba2b2-713f-4a9c-87a1-68e46a8f0dbd","Строение атома","0.95","лёгкая","missing_after_apply"
"13645","3c6533d4-0c9e-4ada-9f3c-ee1e0386c997","8e093a3f-e645-453a-b616-ce80c86b785b","Ядерные реакции","0.95","средняя","missing_after_apply"
"175298","9e92a0fb-b9c1-475d-80ce-e82c98a58855","463ba2b2-713f-4a9c-87a1-68e46a8f0dbd","Строение атома","0.95","лёгкая","missing_after_apply"
"94225","4ff03c5f-fdcf-4388-a21f-2dc1ef449327","eaafc38d-1303-4dde-b415-305b21bbc419","Радиоактивность, виды распада","0.95","лёгкая","missing_after_apply"
"24188","b3550f16-a678-4949-a932-60fc0b94519d","6be8752a-d9c3-4c46-a5e0-3d86600eacaf","Закон радиоактивного распада","0.95","лёгкая","missing_after_apply"
"186289","72a9448a-d0d8-41fb-9957-883b9cc47eb0","463ba2b2-713f-4a9c-87a1-68e46a8f0dbd","Строение атома","0.95","лёгкая","missing_after_apply"
"92495","0954fc2f-a28c-4c7f-9acf-f99f51833999","463ba2b2-713f-4a9c-87a1-68e46a8f0dbd","Строение атома","0.95","лёгкая","missing_after_apply"
"13636","cbc580fd-6656-419f-897e-afc6cd93937c","463ba2b2-713f-4a9c-87a1-68e46a8f0dbd","Строение атома","0.95","лёгкая","missing_after_apply"
"92306","a9c9780e-04d7-40bf-9a00-952f75fa37f8","6be8752a-d9c3-4c46-a5e0-3d86600eacaf","Закон радиоактивного распада","0.95","средняя","missing_after_apply"
"186448","eb589d9b-cd95-47f4-8b9e-23137a7b7a09","eaafc38d-1303-4dde-b415-305b21bbc419","Радиоактивность, виды распада","0.95","лёгкая","missing_after_apply"
"136751","9d802d27-3354-4d15-bf1a-cb6bd0583038","8e093a3f-e645-453a-b616-ce80c86b785b","Ядерные реакции","0.95","лёгкая","missing_after_apply"
"169037","32cd076c-64f7-4296-9521-8e77ba422fde","463ba2b2-713f-4a9c-87a1-68e46a8f0dbd","Строение атома","0.95","лёгкая","missing_after_apply"
"94747","ef980c8e-6729-49e6-a2ad-8eb01c838980","463ba2b2-713f-4a9c-87a1-68e46a8f0dbd","Строение атома","0.95","лёгкая","missing_after_apply"
"96351","a68906d3-e6f3-4f66-a935-6c91bbbbc4be","463ba2b2-713f-4a9c-87a1-68e46a8f0dbd","Строение атома","0.95","лёгкая","missing_after_apply"
"169679","5fa39c4d-17c4-460a-b6ba-f0f2125200e7","463ba2b2-713f-4a9c-87a1-68e46a8f0dbd","Строение атома","0.95","лёгкая","missing_after_apply"
"159038","bd4bd55a-343c-4032-84d0-4af1739e34d8","8e093a3f-e645-453a-b616-ce80c86b785b","Ядерные реакции","0.95","средняя","missing_after_apply"
"91995","fbd643c1-4bae-4e62-8c89-8b862e614ce0","6be8752a-d9c3-4c46-a5e0-3d86600eacaf","Закон радиоактивного распада","0.95","средняя","missing_after_apply"
"96100","c906db2f-a282-4732-98d2-e12f63d69e0f","463ba2b2-713f-4a9c-87a1-68e46a8f0dbd","Строение атома","0.95","лёгкая","missing_after_apply"
"125768","d25ade4e-0bcf-4ba0-a7c0-b65109556a9b","6be8752a-d9c3-4c46-a5e0-3d86600eacaf","Закон радиоактивного распада","0.95","лёгкая","missing_after_apply"
"13672","10d1233d-a2c3-48c5-a800-db6732c2f359","23737c94-15b4-4f02-beed-53450abd7608","Фотоны, энергия и импульс фотона","0.95","лёгкая","missing_after_apply"
"96556","5c2f5557-9509-4a9a-8e25-7556a66abce3","463ba2b2-713f-4a9c-87a1-68e46a8f0dbd","Строение атома","0.95","лёгкая","missing_after_apply"
"13671","748dcc75-032e-48e3-b4b4-b8c4c01c1ec2","23737c94-15b4-4f02-beed-53450abd7608","Фотоны, энергия и импульс фотона","0.95","лёгкая","missing_after_apply"
"13678","1a546068-9dac-4c9f-8a15-b7ba9a1d8c29","23737c94-15b4-4f02-beed-53450abd7608","Фотоны, энергия и импульс фотона","0.95","лёгкая","missing_after_apply"
"158964","3a80974d-4364-4f6f-bb0e-82198053b0de","8e093a3f-e645-453a-b616-ce80c86b785b","Ядерные реакции","0.95","средняя","missing_after_apply"
"177412","075cff40-86cd-45b1-a3fa-ac948cb2a6b9","8e093a3f-e645-453a-b616-ce80c86b785b","Ядерные реакции","0.95","средняя","missing_after_apply"
"12989","77f145a0-acad-49b6-b732-cfcfc8fc7630","e8c6865b-99f5-4065-b0a4-d5732deda411","Момент силы, рычаг","0.95","лёгкая","missing_after_apply"
"95874","9ef8d940-9078-4487-8a61-b7cbc7801406","eaafc38d-1303-4dde-b415-305b21bbc419","Радиоактивность, виды распада","0.95","лёгкая","missing_after_apply"
"96681","5e077183-a1d3-4729-acb7-82c8c6fe1252","463ba2b2-713f-4a9c-87a1-68e46a8f0dbd","Строение атома","0.95","лёгкая","missing_after_apply"
"96925","5a1e8bab-1e5b-4777-8e0a-217dc9f84b0d","6be8752a-d9c3-4c46-a5e0-3d86600eacaf","Закон радиоактивного распада","0.95","средняя","missing_after_apply"
"158790","8fe88fb1-dd19-4da4-aacf-6d69779ca82d","8e093a3f-e645-453a-b616-ce80c86b785b","Ядерные реакции","0.95","средняя","missing_after_apply"
"166264","e840730a-1f1b-4853-a655-c06df1c817be","8e093a3f-e645-453a-b616-ce80c86b785b","Ядерные реакции","0.95","средняя","missing_after_apply"
"13676","d8392908-7e37-41cf-b5cd-8b0a9b8c8cfa","23737c94-15b4-4f02-beed-53450abd7608","Фотоны, энергия и импульс фотона","0.95","лёгкая","missing_after_apply"
"166269","b920a5b3-5ea2-41e4-9173-d84566b0e934","6be8752a-d9c3-4c46-a5e0-3d86600eacaf","Закон радиоактивного распада","0.95","средняя","missing_after_apply"
"17850","b3380217-f5b6-49c5-a431-975f8bea996e","23737c94-15b4-4f02-beed-53450abd7608","Фотоны, энергия и импульс фотона","0.95","лёгкая","missing_after_apply"
"135544","7fe2c5cf-2b4e-46c6-afdb-8b3ce8c119a1","23737c94-15b4-4f02-beed-53450abd7608","Фотоны, энергия и импульс фотона","0.95","средняя","missing_after_apply"
"94473","5492653b-6b18-4cc9-9692-e23f041edba6","23737c94-15b4-4f02-beed-53450abd7608","Фотоны, энергия и импульс фотона","0.95","лёгкая","missing_after_apply"
"104272","852461b5-3d9f-4266-9a25-911c580ac56e","8e093a3f-e645-453a-b616-ce80c86b785b","Ядерные реакции","0.95","лёгкая","missing_after_apply"
"132909","10fc4ca8-38db-42f9-ac18-48bb588f67c6","23737c94-15b4-4f02-beed-53450abd7608","Фотоны, энергия и импульс фотона","0.95","лёгкая","missing_after_apply"
"95168","b5c94c00-dd9c-465e-801e-ff560a6ca58a","23737c94-15b4-4f02-beed-53450abd7608","Фотоны, энергия и импульс фотона","0.95","лёгкая","missing_after_apply"
"121354","d5f6aad6-5133-4296-bee2-f01118ef08e2","8e093a3f-e645-453a-b616-ce80c86b785b","Ядерные реакции","0.95","лёгкая","missing_after_apply"
"96021","ede3b2fe-a172-4e61-9bd7-a0a76cf9102d","23737c94-15b4-4f02-beed-53450abd7608","Фотоны, энергия и импульс фотона","0.95","средняя","missing_after_apply"
"55076","e4191f88-7611-42db-8d74-a539da6c4651","23737c94-15b4-4f02-beed-53450abd7608","Фотоны, энергия и импульс фотона","0.95","средняя","missing_after_apply"
"130455","b8d90f16-f1d7-4407-9e7e-c0c26c3eefc9","23737c94-15b4-4f02-beed-53450abd7608","Фотоны, энергия и импульс фотона","0.95","средняя","missing_after_apply"
"135427","825957bb-e019-4cea-8389-aa6456dc4711","23737c94-15b4-4f02-beed-53450abd7608","Фотоны, энергия и импульс фотона","0.95","лёгкая","missing_after_apply"
"94361","e4fb68c5-ec15-4f2f-ab6f-c7471301a6a4","23737c94-15b4-4f02-beed-53450abd7608","Фотоны, энергия и импульс фотона","0.95","лёгкая","missing_after_apply"
"94748","4d0b31fe-d951-4407-971c-5e16eb6822c8","23737c94-15b4-4f02-beed-53450abd7608","Фотоны, энергия и импульс фотона","0.95","лёгкая","missing_after_apply"
"22865","a90e268e-bdda-4093-b077-810b912e8689","974157bd-672d-4fdb-88ea-512fd28a599e","Постулаты СТО","0.95","средняя","missing_after_apply"
"120762","40c81c06-99e5-44c4-bd88-953c3f0cc206","8e093a3f-e645-453a-b616-ce80c86b785b","Ядерные реакции","0.95","лёгкая","missing_after_apply"
"22870","a65fa36e-3445-4a3c-a479-d2228d524d03","8e093a3f-e645-453a-b616-ce80c86b785b","Ядерные реакции","0.95","сложная","missing_after_apply"
"138176","431dde7a-4ace-4fdd-b30c-e03b04bf833c","8e093a3f-e645-453a-b616-ce80c86b785b","Ядерные реакции","0.95","средняя","missing_after_apply"
"138852","b3fbd862-658a-474a-bbbe-7cc2d3481a34","1f9ea623-cdb5-44ae-b489-fc488f68326d","Движение заряда в магнитном поле","0.95","средняя","missing_after_apply"
"139171","f861deaf-2a17-4604-9ac5-085e3516d4d9","463ba2b2-713f-4a9c-87a1-68e46a8f0dbd","Строение атома","0.95","лёгкая","missing_after_apply"
"136200","27477f44-fdcd-47cd-bb30-3a7375178499","6be8752a-d9c3-4c46-a5e0-3d86600eacaf","Закон радиоактивного распада","0.95","средняя","missing_after_apply"
"139701","69e2fb3e-83b8-42fe-829a-20b4830ff664","8e093a3f-e645-453a-b616-ce80c86b785b","Ядерные реакции","0.95","средняя","missing_after_apply"
"139149","c7a16301-8b6d-42aa-be28-a5745c6c1b1b","eaafc38d-1303-4dde-b415-305b21bbc419","Радиоактивность, виды распада","0.95","лёгкая","missing_after_apply"
"141710","37afee3c-9090-4e94-8266-074663de5103","6be8752a-d9c3-4c46-a5e0-3d86600eacaf","Закон радиоактивного распада","0.95","средняя","missing_after_apply"
"140639","9d63be2b-170b-4308-ac6b-7df6914db09f","463ba2b2-713f-4a9c-87a1-68e46a8f0dbd","Строение атома","0.95","лёгкая","missing_after_apply"
"143470","b6b84f05-f5ef-4cd9-919b-434aa83913ef","463ba2b2-713f-4a9c-87a1-68e46a8f0dbd","Строение атома","0.95","средняя","missing_after_apply"
"139151","5d8dd88a-fafb-4018-bc5e-80e9bc07c6eb","fc706ef0-0e55-4db1-a5f1-dcb02d8c65f8","Волновые свойства частиц (де Бройль)","0.95","средняя","missing_after_apply"
"140668","b8f81724-6201-4396-aa1e-e384625e6719","23737c94-15b4-4f02-beed-53450abd7608","Фотоны, энергия и импульс фотона","0.95","средняя","missing_after_apply"
"140727","882872ea-7060-43a1-aca2-5f270ef515f5","eaafc38d-1303-4dde-b415-305b21bbc419","Радиоактивность, виды распада","0.95","средняя","missing_after_apply"
"139160","9a77ec66-b3b4-4ee7-a9e0-b2777dfe3be6","23737c94-15b4-4f02-beed-53450abd7608","Фотоны, энергия и импульс фотона","0.95","лёгкая","missing_after_apply"
"155625","2b0a40b1-8605-4227-84ec-64b3938e9f2f","463ba2b2-713f-4a9c-87a1-68e46a8f0dbd","Строение атома","0.95","лёгкая","missing_after_apply"
"141194","bb1e1c48-ef70-418e-ba88-da9d697a59ba","463ba2b2-713f-4a9c-87a1-68e46a8f0dbd","Строение атома","0.95","средняя","missing_after_apply"
"155765","a090bcdb-6807-4f1e-9883-efb9c2505700","463ba2b2-713f-4a9c-87a1-68e46a8f0dbd","Строение атома","0.95","лёгкая","missing_after_apply"
"138173","b7ab8ae0-9b85-4f6d-9cc2-f4457091010e","8e093a3f-e645-453a-b616-ce80c86b785b","Ядерные реакции","0.95","средняя","missing_after_apply"
"139148","cfe1d4df-0182-4e6f-ae23-382dfb194cbb","eaafc38d-1303-4dde-b415-305b21bbc419","Радиоактивность, виды распада","0.95","лёгкая","missing_after_apply"
"185876","a19c6a35-573f-4f72-b029-0afd455777eb","463ba2b2-713f-4a9c-87a1-68e46a8f0dbd","Строение атома","0.95","лёгкая","missing_after_apply"
"13661","53dd0871-7412-4e3a-bdcb-22c1b7355e0c","6be8752a-d9c3-4c46-a5e0-3d86600eacaf","Закон радиоактивного распада","0.95","лёгкая","missing_after_apply"
"186285","1e933ef6-6d34-4fdf-b2ee-a43baa4c73ce","463ba2b2-713f-4a9c-87a1-68e46a8f0dbd","Строение атома","0.95","лёгкая","missing_after_apply"
"55068","c55745f6-f552-45e6-83ec-641e01f2c335","6be8752a-d9c3-4c46-a5e0-3d86600eacaf","Закон радиоактивного распада","0.95","средняя","missing_after_apply"
"97557","c280654b-9a21-409b-acb4-3d7b89519a15","eaafc38d-1303-4dde-b415-305b21bbc419","Радиоактивность, виды распада","0.95","лёгкая","missing_after_apply"
"96924","160fc9d0-34a1-435d-bd3f-591f4800f82c","8e093a3f-e645-453a-b616-ce80c86b785b","Ядерные реакции","0.95","средняя","missing_after_apply"
"102726","94aa6d5f-6ed3-47d2-b406-42c123c81f36","463ba2b2-713f-4a9c-87a1-68e46a8f0dbd","Строение атома","0.95","лёгкая","missing_after_apply"
"102241","9c045f56-c9bf-448e-ba40-2f7359930fdc","8e093a3f-e645-453a-b616-ce80c86b785b","Ядерные реакции","0.95","средняя","missing_after_apply"
"177342","a1bb9279-72a6-4032-a55a-8395b2334556","eaafc38d-1303-4dde-b415-305b21bbc419","Радиоактивность, виды распада","0.95","лёгкая","missing_after_apply"
"186290","8056d051-4305-4c54-8234-897eddf1dfd0","463ba2b2-713f-4a9c-87a1-68e46a8f0dbd","Строение атома","0.95","лёгкая","missing_after_apply"
"91631","4b92e7d4-505d-4878-902e-fae7e652c33d","8e093a3f-e645-453a-b616-ce80c86b785b","Ядерные реакции","0.95","средняя","missing_after_apply"
"95505","3b13e42a-4d35-4429-a40f-030633e1c692","6238ff98-a78d-4b89-9d17-825a74ba3854","Вес тела, невесомость, перегрузки","0.95","средняя","missing_after_apply"
"102173","d42b1e06-26ad-4fe7-a432-a4326b6296d1","6be8752a-d9c3-4c46-a5e0-3d86600eacaf","Закон радиоактивного распада","0.95","лёгкая","missing_after_apply"
"102727","b1c6dcc2-0476-44a3-b58b-ac9a6c4dfcdd","6be8752a-d9c3-4c46-a5e0-3d86600eacaf","Закон радиоактивного распада","0.95","средняя","missing_after_apply"
"102207","bf0a0f19-6002-4e19-ae43-740c73265774","8e093a3f-e645-453a-b616-ce80c86b785b","Ядерные реакции","0.95","средняя","missing_after_apply"
"91696","efc0b553-4c3e-4bda-ba57-54adfcda247c","8e093a3f-e645-453a-b616-ce80c86b785b","Ядерные реакции","0.95","лёгкая","missing_after_apply"
"186284","d505d0b6-4e07-4a72-91a6-57f8f8a0b339","eaafc38d-1303-4dde-b415-305b21bbc419","Радиоактивность, виды распада","0.95","лёгкая","missing_after_apply"
"136899","1c6da8d0-db8f-4807-a1b4-56ca9c12a87d","463ba2b2-713f-4a9c-87a1-68e46a8f0dbd","Строение атома","0.95","лёгкая","missing_after_apply"
"18051","85e24042-0836-4ee1-bd83-830f5f237c62","974157bd-672d-4fdb-88ea-512fd28a599e","Постулаты СТО","0.95","сложная","missing_after_apply"
"131024","b342d518-2c3b-4465-b185-d3e6f02d9bdf","6be8752a-d9c3-4c46-a5e0-3d86600eacaf","Закон радиоактивного распада","0.95","лёгкая","missing_after_apply"
"166262","397a6633-7ccf-4b48-985b-ef938de5082f","6be8752a-d9c3-4c46-a5e0-3d86600eacaf","Закон радиоактивного распада","0.95","средняя","missing_after_apply"
"13679","5c3c8817-c7f9-44ec-aacc-c55e0e0b604e","23737c94-15b4-4f02-beed-53450abd7608","Фотоны, энергия и импульс фотона","0.95","лёгкая","missing_after_apply"
"22863","b807203b-2438-4149-add6-35285c0f7593","974157bd-672d-4fdb-88ea-512fd28a599e","Постулаты СТО","0.95","средняя","missing_after_apply"
"186450","c54728a5-fe35-448b-afde-765dc4b7bebd","463ba2b2-713f-4a9c-87a1-68e46a8f0dbd","Строение атома","0.95","лёгкая","missing_after_apply"
"94226","012593c9-7cda-4c93-8bf3-07ac4a0c552d","6be8752a-d9c3-4c46-a5e0-3d86600eacaf","Закон радиоактивного распада","0.95","средняя","missing_after_apply"
"95166","d12f09fb-433c-4870-96a1-772b46eb003a","463ba2b2-713f-4a9c-87a1-68e46a8f0dbd","Строение атома","0.95","лёгкая","missing_after_apply"
"94091","eca79fda-dcc7-4c88-8f6b-f588e67a0f03","6be8752a-d9c3-4c46-a5e0-3d86600eacaf","Закон радиоактивного распада","0.95","средняя","missing_after_apply"
"13944","2953af83-1165-46a4-8da0-2d638e4850f4","23737c94-15b4-4f02-beed-53450abd7608","Фотоны, энергия и импульс фотона","0.95","лёгкая","missing_after_apply"
"13943","bc4a8444-5e70-4375-8c01-7b79d51bc9e0","23737c94-15b4-4f02-beed-53450abd7608","Фотоны, энергия и импульс фотона","0.95","лёгкая","missing_after_apply"
"18048","ee731ba0-50e7-48bf-8ac5-6fa69a38d037","081301da-90bb-4204-b415-bbf16197ae48","Релятивистские эффекты (замедление времени, сокращение длины)","0.95","средняя","missing_after_apply"
"137155","f9fd2183-e5a3-4389-bf11-10d9b0d6a26b","6be8752a-d9c3-4c46-a5e0-3d86600eacaf","Закон радиоактивного распада","0.95","средняя","missing_after_apply"
"93790","239d3d36-1882-4475-ab68-39e195a05474","6be8752a-d9c3-4c46-a5e0-3d86600eacaf","Закон радиоактивного распада","0.95","средняя","missing_after_apply"
"13677","8c803346-7931-4f25-84c4-6067f5da5dff","23737c94-15b4-4f02-beed-53450abd7608","Фотоны, энергия и импульс фотона","0.95","лёгкая","missing_after_apply"
"22866","28ccae87-bc5a-4b97-950d-49e71f9fa87a","974157bd-672d-4fdb-88ea-512fd28a599e","Постулаты СТО","0.95","сложная","missing_after_apply"
"126487","27695143-2ce0-4713-900e-c4eaa52f3907","6be8752a-d9c3-4c46-a5e0-3d86600eacaf","Закон радиоактивного распада","0.95","средняя","missing_after_apply"
"138821","3f76dcc4-36e0-4c75-ad53-058ccc07a4e1","6be8752a-d9c3-4c46-a5e0-3d86600eacaf","Закон радиоактивного распада","0.95","средняя","missing_after_apply"
"141195","109bbd2c-b05d-4eb0-84a3-22abf4d58869","23737c94-15b4-4f02-beed-53450abd7608","Фотоны, энергия и импульс фотона","0.95","лёгкая","missing_after_apply"
"143472","bf22400b-0aac-417d-a3a2-a3737162baaf","6be8752a-d9c3-4c46-a5e0-3d86600eacaf","Закон радиоактивного распада","0.95","средняя","missing_after_apply"
"139700","0f78fd4d-5a37-4075-81f3-f2ad8adf3da1","8e093a3f-e645-453a-b616-ce80c86b785b","Ядерные реакции","0.95","средняя","missing_after_apply"
"186445","de59c334-7ef4-454f-8f8d-fb5a23893e21","eaafc38d-1303-4dde-b415-305b21bbc419","Радиоактивность, виды распада","0.95","лёгкая","missing_after_apply"
"102572","a111104a-b653-45ab-9b41-77ce67c8c52f","463ba2b2-713f-4a9c-87a1-68e46a8f0dbd","Строение атома","0.95","лёгкая","missing_after_apply"
"175260","d27ea1a7-c968-4d2a-9f66-7a0152b69436","463ba2b2-713f-4a9c-87a1-68e46a8f0dbd","Строение атома","0.95","лёгкая","missing_after_apply"
"114731","3887b31d-badf-431d-aa30-33fa9e0ce8b1","6be8752a-d9c3-4c46-a5e0-3d86600eacaf","Закон радиоактивного распада","0.95","средняя","missing_after_apply"
"186447","1a350ae1-e57c-43f2-b98f-cd955b9f7b64","463ba2b2-713f-4a9c-87a1-68e46a8f0dbd","Строение атома","0.95","лёгкая","missing_after_apply"
"126656","5f7b6486-743b-4d44-9650-3a155882503a","6be8752a-d9c3-4c46-a5e0-3d86600eacaf","Закон радиоактивного распада","1","лёгкая","missing_after_apply"
"186288","76144a86-ce2a-43c1-9425-c7f09d950476","463ba2b2-713f-4a9c-87a1-68e46a8f0dbd","Строение атома","0.95","лёгкая","missing_after_apply"
"186451","5bdf8829-e37e-4032-a599-514889328e16","eaafc38d-1303-4dde-b415-305b21bbc419","Радиоактивность, виды распада","0.95","лёгкая","missing_after_apply"
"95875","042c52c8-9630-4e1c-8dc0-ac6e80599c2b","cac27515-dcf2-47ac-8e5a-6708e0ac6947","Законы преломления, полное внутреннее отражение","0.95","средняя","missing_after_apply"
"136981","3af2a56a-198a-498c-9145-166281030578","eaafc38d-1303-4dde-b415-305b21bbc419","Радиоактивность, виды распада","0.95","лёгкая","missing_after_apply"
"13660","64a3f059-9c15-4ed7-8b7c-27870096fe62","6be8752a-d9c3-4c46-a5e0-3d86600eacaf","Закон радиоактивного распада","0.95","лёгкая","missing_after_apply"
"97558","c5b050a4-4712-4739-aaab-8d2810c7ce75","6be8752a-d9c3-4c46-a5e0-3d86600eacaf","Закон радиоактивного распада","0.95","лёгкая","missing_after_apply"
"136578","060c5520-c8ca-4bb2-b0ba-d436287bcde6","d927dfc1-ef7c-41b9-9f78-44f3c1254486","Фотоэффект, уравнение Эйнштейна","0.95","средняя","missing_after_apply"
"13658","52499f60-d9b7-4134-bf15-9ea565db73ab","6be8752a-d9c3-4c46-a5e0-3d86600eacaf","Закон радиоактивного распада","0.95","средняя","missing_after_apply"
"96874","1bf0525a-d651-4099-953f-0c4b9e912696","8e093a3f-e645-453a-b616-ce80c86b785b","Ядерные реакции","0.95","средняя","missing_after_apply"
"186287","31b8d859-ec8e-41d8-b31f-1dc67daaf4c1","eaafc38d-1303-4dde-b415-305b21bbc419","Радиоактивность, виды распада","0.95","лёгкая","missing_after_apply"
"13675","8e59140e-891c-42a8-9c09-e0bdd0db9ef4","d927dfc1-ef7c-41b9-9f78-44f3c1254486","Фотоэффект, уравнение Эйнштейна","0.95","лёгкая","missing_after_apply"
"102434","773e7600-2b3b-4ce9-a0d3-9802850a3d16","6be8752a-d9c3-4c46-a5e0-3d86600eacaf","Закон радиоактивного распада","0.95","средняя","missing_after_apply"
"168655","55515500-88f8-41f0-a5af-cb1dac04dd5e","eaafc38d-1303-4dde-b415-305b21bbc419","Радиоактивность, виды распада","0.95","лёгкая","missing_after_apply"
"94090","7f523f4d-31f2-4f45-a257-7b2224189d7d","eaafc38d-1303-4dde-b415-305b21bbc419","Радиоактивность, виды распада","0.95","лёгкая","missing_after_apply"
"94027","86ae922b-f903-419e-bcd7-a9f1a75792f5","6be8752a-d9c3-4c46-a5e0-3d86600eacaf","Закон радиоактивного распада","0.95","средняя","missing_after_apply"
"125780","74be3bf1-4fca-4e9f-880a-b195a7320281","6be8752a-d9c3-4c46-a5e0-3d86600eacaf","Закон радиоактивного распада","0.95","лёгкая","missing_after_apply"
"13674","bf782dd5-970c-410e-8231-21437f76a516","d927dfc1-ef7c-41b9-9f78-44f3c1254486","Фотоэффект, уравнение Эйнштейна","0.95","средняя","missing_after_apply"
"134289","b6af3bc8-82b1-44af-a246-ea7e3b4ae889","6be8752a-d9c3-4c46-a5e0-3d86600eacaf","Закон радиоактивного распада","0.95","средняя","missing_after_apply"
"92496","7572bd8f-2c2e-4c91-aa13-7cca37d82341","6be8752a-d9c3-4c46-a5e0-3d86600eacaf","Закон радиоактивного распада","0.95","средняя","missing_after_apply"
"138672","28837550-a0f3-47a7-aff9-a5315d321f27","463ba2b2-713f-4a9c-87a1-68e46a8f0dbd","Строение атома","0.95","лёгкая","missing_after_apply"
"139164","dbd89b2e-16d1-4f95-b02f-3b1c30ee0a1d","23737c94-15b4-4f02-beed-53450abd7608","Фотоны, энергия и импульс фотона","0.95","средняя","missing_after_apply"
"130535","254beb04-b271-4567-b44d-a5ee2a60bae9","23737c94-15b4-4f02-beed-53450abd7608","Фотоны, энергия и импульс фотона","0.95","средняя","missing_after_apply"
"138851","c9817ad9-674a-4913-8c8b-ebf455225423","1f9ea623-cdb5-44ae-b489-fc488f68326d","Движение заряда в магнитном поле","0.95","средняя","missing_after_apply"
"139150","b32e2f97-2cdd-4b7b-96f4-28987dee4613","fc706ef0-0e55-4db1-a5f1-dcb02d8c65f8","Волновые свойства частиц (де Бройль)","0.95","средняя","missing_after_apply"
"137153","07277ee5-441a-4181-9bd4-b47b0b60c267","6be8752a-d9c3-4c46-a5e0-3d86600eacaf","Закон радиоактивного распада","0.95","средняя","missing_after_apply"
"163389","419b386a-8f89-42fc-8232-e55863d89994","eaafc38d-1303-4dde-b415-305b21bbc419","Радиоактивность, виды распада","0.95","средняя","missing_after_apply"
"138563","2af6a2b3-090c-4276-8c6d-c1bf6ee3431f","d927dfc1-ef7c-41b9-9f78-44f3c1254486","Фотоэффект, уравнение Эйнштейна","0.95","средняя","missing_after_apply"
"138827","5b03db3d-732b-43ba-9efe-8508adf56996","6be8752a-d9c3-4c46-a5e0-3d86600eacaf","Закон радиоактивного распада","0.95","средняя","missing_after_apply"
"141709","071963ce-96e2-41da-99ee-9bf649c405c3","463ba2b2-713f-4a9c-87a1-68e46a8f0dbd","Строение атома","0.95","лёгкая","missing_after_apply"
"163467","11c7aacb-0ac9-46c9-9944-1b6232f3925d","eaafc38d-1303-4dde-b415-305b21bbc419","Радиоактивность, виды распада","0.95","средняя","missing_after_apply"
"138619","7b9ada82-1672-409c-8c5d-670aede9dde4","463ba2b2-713f-4a9c-87a1-68e46a8f0dbd","Строение атома","0.95","лёгкая","missing_after_apply"
"22862","5944627e-82cd-4044-800e-b9392650eda6","974157bd-672d-4fdb-88ea-512fd28a599e","Постулаты СТО","0.95","лёгкая","missing_after_apply"
"132101","acefd9e7-c21d-4b7c-837e-c3ed0afe3969","a6a98484-26be-483d-a4a9-374b0fc40134","Работа и мощность тока, закон Джоуля-Ленца","0.95","сложная","missing_after_apply"
"141200","7a1b9de9-1265-44ef-b0f4-43a0405a92bf","a6a98484-26be-483d-a4a9-374b0fc40134","Работа и мощность тока, закон Джоуля-Ленца","0.95","средняя","missing_after_apply"
"175340","6c754ace-d88c-42c4-be09-ba507dcee635","282a35f4-efda-46c0-b9f4-73120001845d","Напряжённость электрического поля","0.95","средняя","missing_after_apply"
"132163","5c23e192-d243-453a-b8d5-b78ff00cc88d","282a35f4-efda-46c0-b9f4-73120001845d","Напряжённость электрического поля","0.95","средняя","missing_after_apply"
"175357","5c639de5-50ef-48be-b606-f2dcc626f4e5","282a35f4-efda-46c0-b9f4-73120001845d","Напряжённость электрического поля","0.95","средняя","missing_after_apply"
"121484","25b8e267-005f-4bc9-b708-43d077a805c1","3bfe5c89-607b-4c04-9494-2a091d377e80","Расчёт электрических цепей","0.95","средняя","missing_after_apply"
"175225","12763ed6-9f92-4735-9219-30d0dbf2fc98","282a35f4-efda-46c0-b9f4-73120001845d","Напряжённость электрического поля","0.95","средняя","missing_after_apply"
"115437","61c84bd3-ee18-489e-a187-99363763273f","8bbb5507-6364-4078-89d1-a423f766858f","Конденсаторы, электроёмкость","0.95","средняя","missing_after_apply"
"115440","b89c4ab6-3ba4-475a-b6f1-51ec10fde596","973e904d-33c9-494b-b3da-4c34a48b4b20","Внутренняя энергия газа","0.95","средняя","missing_after_apply"
"104392","cff7ca39-faba-4d5a-ad7e-902037fa8424","bf4f6e6b-cb9d-474f-ae44-31bb9a73c141","Сила Ампера","0.95","сложная","missing_after_apply"
"124690","bf4126a1-41b4-467d-9216-2d4fb2b32c30","b2bac358-3fed-498b-89cf-29a3df32cd0a","Линзы, формула тонкой линзы","0.95","средняя","missing_after_apply"
"122433","9102d9ca-de84-4d4b-946d-53ff89a4bed4","3bfe5c89-607b-4c04-9494-2a091d377e80","Расчёт электрических цепей","0.95","средняя","missing_after_apply"
"132511","4501c635-d0f8-426d-b44d-73e5c91a474e","f56de6c4-8ede-4e26-a7ce-ac3c09e4a8b5","Первый закон термодинамики","0.95","средняя","missing_after_apply"
"120390","80da4040-8ebc-43ed-9aec-6d5c01770530","019020c4-13bf-418c-b366-63bf09d42066","Электромагнитные колебания, колебательный контур","0.95","сложная","missing_after_apply"
"132170","54a2aca9-10b1-45dd-8eb0-59a97f3a8a69","f9fb2020-338a-4986-bcc7-3fdcd4eec696","Магнитный поток","0.95","сложная","missing_after_apply"
"127245","b21dca03-478b-4caa-bf99-601c9efd370d","019020c4-13bf-418c-b366-63bf09d42066","Электромагнитные колебания, колебательный контур","0.95","средняя","missing_after_apply"
"120391","e4172fae-46c7-49a0-978d-f1923474f35d","019020c4-13bf-418c-b366-63bf09d42066","Электромагнитные колебания, колебательный контур","0.95","сложная","missing_after_apply"
"132334","fde0989b-ea0f-4f29-a8dc-db6e52539a63","61ebc2e0-9d14-4f93-ae46-8943bb279889","Влажность воздуха","0.95","средняя","missing_after_apply"
"132335","88c81746-c4af-4f98-b044-91eac188c24c","61ebc2e0-9d14-4f93-ae46-8943bb279889","Влажность воздуха","0.95","сложная","missing_after_apply"
"121483","71a43461-8943-4d08-ad6f-cc97f9d01c31","3bfe5c89-607b-4c04-9494-2a091d377e80","Расчёт электрических цепей","0.95","средняя","missing_after_apply"
"134864","7dd27f73-15db-41d3-887a-f501228576e0","a6a98484-26be-483d-a4a9-374b0fc40134","Работа и мощность тока, закон Джоуля-Ленца","0.92","сложная","missing_after_apply"
"147535","3f700b6c-30ef-42a1-95a1-33b550fe063a","77f30a76-213f-4e80-b0dd-b296539dcaa3","Уравнение состояния идеального газа (Менделеева-Клапейрона)","0.95","сложная","missing_after_apply"
"132380","e4668ce6-6ebc-4e4b-9f7d-6d4a3e7e38b8","019020c4-13bf-418c-b366-63bf09d42066","Электромагнитные колебания, колебательный контур","0.95","средняя","missing_after_apply"
"140729","1f88ad44-207e-4e4b-bd97-707624b4e1b6","a6a98484-26be-483d-a4a9-374b0fc40134","Работа и мощность тока, закон Джоуля-Ленца","0.95","средняя","missing_after_apply"
"134865","2972bebc-5aa2-44ec-b626-bf225d44434d","bf4f6e6b-cb9d-474f-ae44-31bb9a73c141","Сила Ампера","0.95","сложная","missing_after_apply"
"173480","f6a13d1e-f869-4aca-b06a-27a2ec639b2e","f9fb2020-338a-4986-bcc7-3fdcd4eec696","Магнитный поток","0.95","сложная","missing_after_apply"
"141715","c45bec1f-e5a9-4010-abad-5482671cf1f4","77f30a76-213f-4e80-b0dd-b296539dcaa3","Уравнение состояния идеального газа (Менделеева-Клапейрона)","0.95","сложная","missing_after_apply"
"141743","fb03a920-a036-479a-93f6-5b63fecbb2a3","3bfe5c89-607b-4c04-9494-2a091d377e80","Расчёт электрических цепей","0.95","средняя","missing_after_apply"
"143476","5d3474e0-50f7-4fa0-89d8-8f747904c3e9","77f30a76-213f-4e80-b0dd-b296539dcaa3","Уравнение состояния идеального газа (Менделеева-Клапейрона)","0.95","сложная","missing_after_apply"
"173427","8317495e-3f03-4778-9910-b49c7ffe1311","30853096-b848-43ec-aa56-8a644cbdb2bf","Электромагнитная индукция (закон Фарадея)","0.95","средняя","missing_after_apply"
"104386","adaf62ca-d535-450e-8f9b-fbb604533c22","bf4f6e6b-cb9d-474f-ae44-31bb9a73c141","Сила Ампера","0.95","сложная","missing_after_apply"
"132379","a27535cd-4042-42b5-876d-16c3c0786354","019020c4-13bf-418c-b366-63bf09d42066","Электромагнитные колебания, колебательный контур","0.95","средняя","missing_after_apply"
"132162","d6454be5-990d-4073-8b5f-f1a3cf4830bf","282a35f4-efda-46c0-b9f4-73120001845d","Напряжённость электрического поля","0.95","средняя","missing_after_apply"
"102395","13e536f0-195e-4c2c-b4c1-04c53917931f","1f9ea623-cdb5-44ae-b489-fc488f68326d","Движение заряда в магнитном поле","0.95","средняя","missing_after_apply"
"171418","dce9e58c-9ca8-4d52-970f-4337be7c8262","09e6c95c-cb15-4184-985c-193b3f790571","Закон Ома для полной цепи (ЭДС)","0.95","средняя","missing_after_apply"
"132100","24e374ed-1d63-4860-b0c2-c35ff560454b","a6a98484-26be-483d-a4a9-374b0fc40134","Работа и мощность тока, закон Джоуля-Ленца","0.95","сложная","missing_after_apply"
"143480","9d474350-c2d9-4f17-84e1-5d1d06f08f8b","3bfe5c89-607b-4c04-9494-2a091d377e80","Расчёт электрических цепей","0.95","средняя","missing_after_apply"
"115439","7dbb7492-8918-46ae-898f-f3db577d590b","8bbb5507-6364-4078-89d1-a423f766858f","Конденсаторы, электроёмкость","0.95","средняя","missing_after_apply"
"155757","e1893ea0-951f-444f-95cc-7c261b97e9f0","282a35f4-efda-46c0-b9f4-73120001845d","Напряжённость электрического поля","0.95","средняя","missing_after_apply"
"127246","d4352826-174d-4758-ac3e-4ee4839287bc","019020c4-13bf-418c-b366-63bf09d42066","Электромагнитные колебания, колебательный контур","0.95","средняя","missing_after_apply"
"132524","f4f08334-c956-4cdf-83f6-89c62851344f","5ee4e31f-8b00-45ef-a1aa-607856809c83","Графики изопроцессов","0.95","сложная","missing_after_apply"
"163588","c3287dc4-51ec-4b6d-83a5-55d10536d11c","09e6c95c-cb15-4184-985c-193b3f790571","Закон Ома для полной цепи (ЭДС)","0.95","средняя","missing_after_apply"
"178863","b5b305b2-3190-4bfc-b631-91aa982ab0b4","282a35f4-efda-46c0-b9f4-73120001845d","Напряжённость электрического поля","0.95","средняя","missing_after_apply"
"185888","f4ac5833-c0c4-43dc-9fa0-349daea39fe0","282a35f4-efda-46c0-b9f4-73120001845d","Напряжённость электрического поля","0.95","средняя","missing_after_apply"
"122435","b90a9e85-e110-44c9-b0e5-cc06a1a55fbb","1fdbe34f-b66c-4a48-840a-092c1a630f19","Последовательное и параллельное соединение","0.95","средняя","missing_after_apply"
"147186","91cce198-c280-459a-b846-1719e463a17c","92c499aa-3df6-4335-a036-24219b611408","Основное уравнение МКТ","0.95","средняя","missing_after_apply"
"177489","35ea6620-6fba-4043-abde-cc92dfdcd51b","282a35f4-efda-46c0-b9f4-73120001845d","Напряжённость электрического поля","0.95","средняя","missing_after_apply"
"155603","ef7d964b-b734-47f9-aceb-cf15921a8e47","8bbb5507-6364-4078-89d1-a423f766858f","Конденсаторы, электроёмкость","0.95","средняя","missing_after_apply"
"132512","1e46dfa4-f3e7-4d0c-8b0d-2035413ab6a4","f56de6c4-8ede-4e26-a7ce-ac3c09e4a8b5","Первый закон термодинамики","0.95","средняя","missing_after_apply"
"126638","d3dd2dca-a5bf-4f9e-b41e-7230b0793942","77f30a76-213f-4e80-b0dd-b296539dcaa3","Уравнение состояния идеального газа (Менделеева-Клапейрона)","0.95","средняя","missing_after_apply"
"84065","b79b53a1-1718-4625-8aa5-72dca3a6cfe8","5ee4e31f-8b00-45ef-a1aa-607856809c83","Графики изопроцессов","0.95","сложная","missing_after_apply"
"92331","44db29af-2b8e-4ffc-bfda-4f3f4e376455","463ba2b2-713f-4a9c-87a1-68e46a8f0dbd","Строение атома","0.95","лёгкая","missing_after_apply"
"22861","526a4a47-8593-432b-b775-b4879130c654","974157bd-672d-4fdb-88ea-512fd28a599e","Постулаты СТО","0.95","средняя","missing_after_apply"
"91698","c8982f3f-3554-4514-bfe5-725c09cc8883","23737c94-15b4-4f02-beed-53450abd7608","Фотоны, энергия и импульс фотона","0.95","лёгкая","missing_after_apply"
"117367","bab4d7e8-c739-4636-82d5-5e0536dc9235","d927dfc1-ef7c-41b9-9f78-44f3c1254486","Фотоэффект, уравнение Эйнштейна","0.95","средняя","missing_after_apply"
"113823","099a2039-6503-4ecc-a913-95ea0b8954bb","61ebc2e0-9d14-4f93-ae46-8943bb279889","Влажность воздуха","0.95","сложная","missing_after_apply"
"115617","75ff9cf3-ecdb-4622-99fa-5ae7ab4b74f5","63286143-8bd2-4207-abf6-a0633f570716","Агрегатные переходы (плавление, парообразование)","0.95","сложная","missing_after_apply"
"132114","8894a4b8-d9c2-4a08-a85a-c4196020f38b","92c499aa-3df6-4335-a036-24219b611408","Основное уравнение МКТ","0.95","сложная","missing_after_apply"
"134866","df780ac7-c547-405b-9173-5245763cb373","f56de6c4-8ede-4e26-a7ce-ac3c09e4a8b5","Первый закон термодинамики","0.95","сложная","missing_after_apply"
"155602","a5133738-a0cc-49f9-8d24-b2679cbd6347","71bce80a-2ea1-4de1-99f9-cb789b285b26","Теплопередача, количество теплоты","0.95","сложная","missing_after_apply"
"134867","d092581f-dbb5-461c-9ad7-9089b6600186","71bce80a-2ea1-4de1-99f9-cb789b285b26","Теплопередача, количество теплоты","0.95","сложная","missing_after_apply"
"185897","1ac28462-e30d-411d-a230-b156f3ff1661","61ebc2e0-9d14-4f93-ae46-8943bb279889","Влажность воздуха","0.95","сложная","missing_after_apply"
"185902","c536c389-209f-490a-b165-492724c78316","77f30a76-213f-4e80-b0dd-b296539dcaa3","Уравнение состояния идеального газа (Менделеева-Клапейрона)","0.95","сложная","missing_after_apply"
"168012","88830798-daeb-468b-84ab-fc3d1f54e22f","61ebc2e0-9d14-4f93-ae46-8943bb279889","Влажность воздуха","0.95","сложная","missing_after_apply"
"168002","4a8de4a3-a208-43ae-ab0c-aa16964d0fa9","ab5b8a4a-72f7-46e0-8324-e3b84c92ea67","Тепловые машины, КПД","0.95","сложная","missing_after_apply"
"159046","20c97998-e997-400f-b4e2-62dd481db48a","f56de6c4-8ede-4e26-a7ce-ac3c09e4a8b5","Первый закон термодинамики","0.95","сложная","missing_after_apply"
"175349","3f16892b-a678-4bd5-a985-8e35d63daa58","77f30a76-213f-4e80-b0dd-b296539dcaa3","Уравнение состояния идеального газа (Менделеева-Клапейрона)","0.95","сложная","missing_after_apply"
"146730","bbe5237f-e9b0-42ba-9574-2b6d121c635f","6918f1ff-251c-4dbe-ba73-51eb58a2072f","Насыщенный пар","0.95","сложная","missing_after_apply"
"169041","28900678-28d2-4df3-8f3d-7ceffddc9023","61ebc2e0-9d14-4f93-ae46-8943bb279889","Влажность воздуха","0.95","сложная","missing_after_apply"
"160959","6d1506ff-a6e4-4b78-8bed-6b287ebbbccc","5ee4e31f-8b00-45ef-a1aa-607856809c83","Графики изопроцессов","0.95","сложная","missing_after_apply"
"170760","4e60082e-fb31-4aae-8cb7-96aaff98d3f3","77f30a76-213f-4e80-b0dd-b296539dcaa3","Уравнение состояния идеального газа (Менделеева-Клапейрона)","0.95","сложная","missing_after_apply"
"163411","f4f808a1-1c2e-44be-95e0-6f55706f290e","3a3372ab-387c-4614-a852-42dade28c3b7","Изопроцессы","0.95","сложная","missing_after_apply"
"177472","e6dce9ae-a1ee-4293-8ea9-da9f61de9d13","61ebc2e0-9d14-4f93-ae46-8943bb279889","Влажность воздуха","0.95","сложная","missing_after_apply"
"112703","ddf1cfe5-2d83-4195-9ea5-ba4a07d3791d","f56de6c4-8ede-4e26-a7ce-ac3c09e4a8b5","Первый закон термодинамики","0.95","сложная","missing_after_apply"
"22854","f94a83b9-1a05-42c2-bff4-bfc2648d3a3f","ab5b8a4a-72f7-46e0-8324-e3b84c92ea67","Тепловые машины, КПД","0.95","сложная","missing_after_apply"
"20136","8a982f66-54e5-4a64-87e1-235d5511de84","77f30a76-213f-4e80-b0dd-b296539dcaa3","Уравнение состояния идеального газа (Менделеева-Клапейрона)","0.95","сложная","missing_after_apply"
"14574","fd236609-9c90-44a7-899d-45b4dc50dc3f","81ff7bcf-312a-4e72-ac82-de97b383b6bf","Закон Архимеда, плавание тел","0.95","сложная","missing_after_apply"
"96763","907c7fbd-aa63-448a-b9bf-50f8b761cee7","f56de6c4-8ede-4e26-a7ce-ac3c09e4a8b5","Первый закон термодинамики","0.95","сложная","missing_after_apply"
"174703","fc3d9eb1-6188-4a82-a90b-47495f2d28fb","ab5b8a4a-72f7-46e0-8324-e3b84c92ea67","Тепловые машины, КПД","0.95","сложная","missing_after_apply"
"14592","a46deec3-3098-4508-80cf-fec6f27cd1ef","63286143-8bd2-4207-abf6-a0633f570716","Агрегатные переходы (плавление, парообразование)","0.95","сложная","missing_after_apply"
"91831","5aee2a53-b844-4bfe-be06-90d2d07e9d31","63286143-8bd2-4207-abf6-a0633f570716","Агрегатные переходы (плавление, парообразование)","0.95","сложная","missing_after_apply"
"121485","130cabb3-7355-47ec-a68f-2f70a76bbbe9","57740562-f95c-4563-b3b2-bc1424428ee8","Работа газа в термодинамике","0.95","сложная","missing_after_apply"
"132365","78eb7aee-f6b2-46c9-8fa4-0637227a3fef","92c499aa-3df6-4335-a036-24219b611408","Основное уравнение МКТ","0.95","сложная","missing_after_apply"
"168001","0d8bf52c-78c3-4e42-9bd5-0263daa0fa4d","81ff7bcf-312a-4e72-ac82-de97b383b6bf","Закон Архимеда, плавание тел","0.95","средняя","missing_after_apply"
"27729","07a3c5a5-da36-45ed-8258-4fb23c73cb3d","77f30a76-213f-4e80-b0dd-b296539dcaa3","Уравнение состояния идеального газа (Менделеева-Клапейрона)","0.95","сложная","missing_after_apply"
"99959","875963af-e996-4283-b4c2-8e93c595893c","61ebc2e0-9d14-4f93-ae46-8943bb279889","Влажность воздуха","0.95","сложная","missing_after_apply"
"132366","fbba415b-fdbf-4182-85ba-ebc820627551","92c499aa-3df6-4335-a036-24219b611408","Основное уравнение МКТ","0.92","сложная","missing_after_apply"
"91704","1a3e9471-fed9-4731-8456-7df331e2809d","71bce80a-2ea1-4de1-99f9-cb789b285b26","Теплопередача, количество теплоты","0.95","сложная","missing_after_apply"
"132438","169ff910-72ce-4f39-b304-14c5a8425cc7","71bce80a-2ea1-4de1-99f9-cb789b285b26","Теплопередача, количество теплоты","0.95","сложная","missing_after_apply"
"132470","734499a5-1560-4283-b0e5-016763e1b7de","77f30a76-213f-4e80-b0dd-b296539dcaa3","Уравнение состояния идеального газа (Менделеева-Клапейрона)","0.95","сложная","missing_after_apply"
"123010","0ecc8333-f6f6-4d4d-a86a-dbb72fe7a83a","ab5b8a4a-72f7-46e0-8324-e3b84c92ea67","Тепловые машины, КПД","0.95","сложная","missing_after_apply"
"136806","1d718dea-861b-4f53-a8a5-c12cb44a187f","77f30a76-213f-4e80-b0dd-b296539dcaa3","Уравнение состояния идеального газа (Менделеева-Клапейрона)","0.92","сложная","missing_after_apply"
"122791","de422811-01ea-4f07-85ab-4aefc7e6587e","77f30a76-213f-4e80-b0dd-b296539dcaa3","Уравнение состояния идеального газа (Менделеева-Клапейрона)","0.95","сложная","missing_after_apply"
"41920","dcd85325-1efb-442d-a856-40cf54c456f6","77f30a76-213f-4e80-b0dd-b296539dcaa3","Уравнение состояния идеального газа (Менделеева-Клапейрона)","0.95","сложная","missing_after_apply"
"65079","b5a0de6e-4e78-4019-a9f7-e2285b6ecdd3","71bce80a-2ea1-4de1-99f9-cb789b285b26","Теплопередача, количество теплоты","0.95","сложная","missing_after_apply"
"96198","5ad5e364-e450-4f44-93f7-5502d4b7c2a7","61ebc2e0-9d14-4f93-ae46-8943bb279889","Влажность воздуха","0.95","сложная","missing_after_apply"
"170069","985ee281-dc72-4231-83cf-032794370a19","77f30a76-213f-4e80-b0dd-b296539dcaa3","Уравнение состояния идеального газа (Менделеева-Клапейрона)","0.95","сложная","missing_after_apply"
"14559","4dffab1f-5843-4707-8ad7-0663ca436b48","61ebc2e0-9d14-4f93-ae46-8943bb279889","Влажность воздуха","0.95","сложная","missing_after_apply"
"94479","fb2ce8b6-bc5c-4979-a2f8-38f8a4fe1c2f","61ebc2e0-9d14-4f93-ae46-8943bb279889","Влажность воздуха","0.95","сложная","missing_after_apply"
"173429","1ec74089-2b27-4b68-9cf8-add045e19c2e","77f30a76-213f-4e80-b0dd-b296539dcaa3","Уравнение состояния идеального газа (Менделеева-Клапейрона)","0.95","сложная","missing_after_apply"
"14572","267d51dd-1726-4f28-b717-123fd4bcf8dd","71bce80a-2ea1-4de1-99f9-cb789b285b26","Теплопередача, количество теплоты","0.95","сложная","missing_after_apply"
"113827","7823b930-d150-4846-a7a6-d01296d46d4d","77f30a76-213f-4e80-b0dd-b296539dcaa3","Уравнение состояния идеального газа (Менделеева-Клапейрона)","0.95","сложная","missing_after_apply"
"126703","74efcf2b-21c8-4ae7-87a0-512faa7e4983","61ebc2e0-9d14-4f93-ae46-8943bb279889","Влажность воздуха","0.95","сложная","missing_after_apply"
"103115","f3a9d629-079d-4b26-acd9-6d7266d06edf","71bce80a-2ea1-4de1-99f9-cb789b285b26","Теплопередача, количество теплоты","0.95","средняя","missing_after_apply"
"104401","a6078306-9c02-47cb-99c3-357a07501301","77f30a76-213f-4e80-b0dd-b296539dcaa3","Уравнение состояния идеального газа (Менделеева-Клапейрона)","0.95","средняя","missing_after_apply"
"122795","d082473f-c2b6-45e7-968e-53247377ab10","77f30a76-213f-4e80-b0dd-b296539dcaa3","Уравнение состояния идеального газа (Менделеева-Клапейрона)","0.95","сложная","missing_after_apply"
"175207","1b885163-ef4c-4e94-8dbc-710d879521d5","77f30a76-213f-4e80-b0dd-b296539dcaa3","Уравнение состояния идеального газа (Менделеева-Клапейрона)","0.95","сложная","missing_after_apply"
"14540","7ca86553-5a7d-4a3d-8ea2-894e8adf468c","3a3372ab-387c-4614-a852-42dade28c3b7","Изопроцессы","0.95","сложная","missing_after_apply"
"39128","00fcf5e1-728c-4931-b607-d9b214876c48","61ebc2e0-9d14-4f93-ae46-8943bb279889","Влажность воздуха","0.95","сложная","missing_after_apply"
"126704","094ab9f2-2ece-4c40-88da-f9873ff28727","61ebc2e0-9d14-4f93-ae46-8943bb279889","Влажность воздуха","0.95","сложная","missing_after_apply"
"96106","41a7d9fe-e94a-40f4-8f7b-85a95be58797","61ebc2e0-9d14-4f93-ae46-8943bb279889","Влажность воздуха","0.95","сложная","missing_after_apply"
"179677","201be463-38d7-4262-8fe7-d599610713a3","63286143-8bd2-4207-abf6-a0633f570716","Агрегатные переходы (плавление, парообразование)","0.95","сложная","missing_after_apply"
"178357","7b389dae-ec7f-4d79-9d69-f906d2fe1c91","57740562-f95c-4563-b3b2-bc1424428ee8","Работа газа в термодинамике","0.95","сложная","missing_after_apply"
"178300","64088fc6-0428-41b2-ac1e-c6d3f441ce30","77f30a76-213f-4e80-b0dd-b296539dcaa3","Уравнение состояния идеального газа (Менделеева-Клапейрона)","0.95","сложная","missing_after_apply"
"125787","bc2780df-5f68-404c-8eeb-b7778ebad1fa","63286143-8bd2-4207-abf6-a0633f570716","Агрегатные переходы (плавление, парообразование)","0.95","сложная","missing_after_apply"
"103118","4cb0e2df-5265-4f6c-9efc-30f4a4c5faff","57740562-f95c-4563-b3b2-bc1424428ee8","Работа газа в термодинамике","0.95","сложная","missing_after_apply"
"115628","71810d3d-1f86-42bc-9de8-2b7373a78e6a","57740562-f95c-4563-b3b2-bc1424428ee8","Работа газа в термодинамике","0.95","сложная","missing_after_apply"
"168011","efcdf10a-7454-452d-b4d6-54c0187dfdb8","f56de6c4-8ede-4e26-a7ce-ac3c09e4a8b5","Первый закон термодинамики","0.95","сложная","missing_after_apply"
"174676","001ed2da-2f8f-4e94-84f1-199d6f6174d8","ab5b8a4a-72f7-46e0-8324-e3b84c92ea67","Тепловые машины, КПД","0.95","сложная","missing_after_apply"
"121413","53f3dbc9-35ab-4661-bf96-f0b03f28894d","f56de6c4-8ede-4e26-a7ce-ac3c09e4a8b5","Первый закон термодинамики","0.95","сложная","missing_after_apply"
"14591","12dac4e0-d403-4dbe-9430-fb64c60e4f46","63286143-8bd2-4207-abf6-a0633f570716","Агрегатные переходы (плавление, парообразование)","0.95","сложная","missing_after_apply"
"20132","2a874bd7-5ca6-42cd-9a38-8e61c90bb95d","92c499aa-3df6-4335-a036-24219b611408","Основное уравнение МКТ","0.95","сложная","missing_after_apply"
"177984","3d4b65b2-ec31-4c2d-a84d-a2a15bded628","61ebc2e0-9d14-4f93-ae46-8943bb279889","Влажность воздуха","0.95","сложная","missing_after_apply"
"14579","afd63b3a-8329-4416-abcf-8cb2c462dd23","81ff7bcf-312a-4e72-ac82-de97b383b6bf","Закон Архимеда, плавание тел","0.95","сложная","missing_after_apply"
"14587","dedbc5b6-c1b1-4fb9-85de-ed64a32ece45","77f30a76-213f-4e80-b0dd-b296539dcaa3","Уравнение состояния идеального газа (Менделеева-Клапейрона)","0.95","средняя","missing_after_apply"
"170950","5c28aa78-c709-4c47-8bef-c19d0ba6ff8b","77f30a76-213f-4e80-b0dd-b296539dcaa3","Уравнение состояния идеального газа (Менделеева-Клапейрона)","0.95","сложная","missing_after_apply"
"172313","edd6eb74-9023-47c4-989d-7ec2a52e547a","77f30a76-213f-4e80-b0dd-b296539dcaa3","Уравнение состояния идеального газа (Менделеева-Клапейрона)","0.95","сложная","missing_after_apply"
"170949","1d68812f-5435-4823-94f6-78edc83c5438","77f30a76-213f-4e80-b0dd-b296539dcaa3","Уравнение состояния идеального газа (Менделеева-Клапейрона)","0.95","сложная","missing_after_apply"
"170088","a243a5a4-93c6-4794-9450-8a31c515c680","81ff7bcf-312a-4e72-ac82-de97b383b6bf","Закон Архимеда, плавание тел","0.95","средняя","missing_after_apply"
"170091","96ed7e98-be90-457f-af96-9a068e743794","77f30a76-213f-4e80-b0dd-b296539dcaa3","Уравнение состояния идеального газа (Менделеева-Клапейрона)","0.95","сложная","missing_after_apply"
"97769","430fe408-c25d-49c7-a1e5-299beb0ef2a3","3a3372ab-387c-4614-a852-42dade28c3b7","Изопроцессы","0.95","сложная","missing_after_apply"
"102247","9cbc42a9-79fc-4a5f-acfd-b2c380a596d5","77f30a76-213f-4e80-b0dd-b296539dcaa3","Уравнение состояния идеального газа (Менделеева-Клапейрона)","0.95","средняя","missing_after_apply"
"20130","3e7c5a75-5b4e-485a-9d16-e1c56030884b","81ff7bcf-312a-4e72-ac82-de97b383b6bf","Закон Архимеда, плавание тел","0.95","сложная","missing_after_apply"
"20133","201743f4-1f05-4e3d-8b3a-d2ed64df996d","3a3372ab-387c-4614-a852-42dade28c3b7","Изопроцессы","0.95","сложная","missing_after_apply"
"126014","15e23595-b4d4-49ef-a5b7-f7c0de46c239","92c499aa-3df6-4335-a036-24219b611408","Основное уравнение МКТ","0.9","сложная","missing_after_apply"
"175954","47b7fd35-ffef-4332-9609-8fc1ccef2f88","77f30a76-213f-4e80-b0dd-b296539dcaa3","Уравнение состояния идеального газа (Менделеева-Клапейрона)","0.95","сложная","missing_after_apply"
"126054","f19c0f34-f62a-43a0-bd3b-0f6bdad2b7ee","92c499aa-3df6-4335-a036-24219b611408","Основное уравнение МКТ","0.95","сложная","missing_after_apply"
"168195","b7a7dfbd-dc28-48ee-86a9-aea41b2c1c01","77f30a76-213f-4e80-b0dd-b296539dcaa3","Уравнение состояния идеального газа (Менделеева-Клапейрона)","0.95","сложная","missing_after_apply"
"132110","d35f43da-b4b7-482a-bb2b-ae11e705cadd","77f30a76-213f-4e80-b0dd-b296539dcaa3","Уравнение состояния идеального газа (Менделеева-Клапейрона)","0.95","сложная","missing_after_apply"
"22847","99e2231e-fd6b-41b2-9399-3605e9f87d23","3a3372ab-387c-4614-a852-42dade28c3b7","Изопроцессы","0.95","сложная","missing_after_apply"
"170248","3d3840db-437f-4651-ab83-9cbc03713634","77f30a76-213f-4e80-b0dd-b296539dcaa3","Уравнение состояния идеального газа (Менделеева-Клапейрона)","0.95","сложная","missing_after_apply"
"25029","e6934457-5953-4cda-9c7a-d9c49a4b2b42","77f30a76-213f-4e80-b0dd-b296539dcaa3","Уравнение состояния идеального газа (Менделеева-Клапейрона)","0.95","сложная","missing_after_apply"
"170053","45696396-d2c8-468b-bb1c-328d31657672","77f30a76-213f-4e80-b0dd-b296539dcaa3","Уравнение состояния идеального газа (Менделеева-Клапейрона)","0.95","сложная","missing_after_apply"
"14532","655e11ae-72e6-4516-96f3-ae73129a1266","77f30a76-213f-4e80-b0dd-b296539dcaa3","Уравнение состояния идеального газа (Менделеева-Клапейрона)","0.95","сложная","missing_after_apply"
"48648","e717b9ae-f088-48fe-971e-7e03d6b43b66","77f30a76-213f-4e80-b0dd-b296539dcaa3","Уравнение состояния идеального газа (Менделеева-Клапейрона)","0.95","сложная","missing_after_apply"
"170954","7eba29d1-1f24-4783-80b6-8c003979cbb1","77f30a76-213f-4e80-b0dd-b296539dcaa3","Уравнение состояния идеального газа (Менделеева-Клапейрона)","0.95","сложная","missing_after_apply"
"14593","fae17d28-f376-4d73-8695-ca9ceea724a6","63286143-8bd2-4207-abf6-a0633f570716","Агрегатные переходы (плавление, парообразование)","0.95","сложная","missing_after_apply"
"170052","6cc690f6-7d2a-49de-a7cf-7a648ccbd5d6","77f30a76-213f-4e80-b0dd-b296539dcaa3","Уравнение состояния идеального газа (Менделеева-Клапейрона)","0.95","сложная","missing_after_apply"
"14542","14884585-dfff-443e-b1b3-2fa849993f39","f56de6c4-8ede-4e26-a7ce-ac3c09e4a8b5","Первый закон термодинамики","0.95","сложная","missing_after_apply"
"173475","056c2cd7-6587-4267-bb27-52d3a60896a6","f56de6c4-8ede-4e26-a7ce-ac3c09e4a8b5","Первый закон термодинамики","0.95","сложная","missing_after_apply"
"84997","15df491c-fbdb-4f4c-9021-d88c87fd8141","77f30a76-213f-4e80-b0dd-b296539dcaa3","Уравнение состояния идеального газа (Менделеева-Клапейрона)","0.95","сложная","missing_after_apply"
"172321","07e6696c-aafe-4225-be7c-e9bb16a769d3","77f30a76-213f-4e80-b0dd-b296539dcaa3","Уравнение состояния идеального газа (Менделеева-Клапейрона)","0.95","сложная","missing_after_apply"
"170055","c70f7a4a-8655-49b4-a1cb-61b030fda7f0","77f30a76-213f-4e80-b0dd-b296539dcaa3","Уравнение состояния идеального газа (Менделеева-Клапейрона)","0.95","сложная","missing_after_apply"
"117088","d302b08f-b522-4ac2-a3a8-3be4a317aa7e","77f30a76-213f-4e80-b0dd-b296539dcaa3","Уравнение состояния идеального газа (Менделеева-Клапейрона)","0.95","сложная","missing_after_apply"
"186493","af632eb1-7e2b-4693-b6ed-cbfe7509eca6","77f30a76-213f-4e80-b0dd-b296539dcaa3","Уравнение состояния идеального газа (Менделеева-Клапейрона)","0.95","сложная","missing_after_apply"
"14530","35a3581f-b6ad-4afd-a682-57538d38f968","77f30a76-213f-4e80-b0dd-b296539dcaa3","Уравнение состояния идеального газа (Менделеева-Клапейрона)","0.95","сложная","missing_after_apply"
"172315","30518021-66c4-4d61-95e6-9bc19484d5f3","57740562-f95c-4563-b3b2-bc1424428ee8","Работа газа в термодинамике","0.95","сложная","missing_after_apply"
"172327","4318b2e0-287c-4c88-b70e-d284bd8c2574","77f30a76-213f-4e80-b0dd-b296539dcaa3","Уравнение состояния идеального газа (Менделеева-Клапейрона)","0.95","сложная","missing_after_apply"
"125646","a999e030-894d-4a95-968f-53f1ebe50592","61ebc2e0-9d14-4f93-ae46-8943bb279889","Влажность воздуха","0.95","сложная","missing_after_apply"
"132109","e8aa757c-4d33-434a-b784-af1ebeeffd89","5ee4e31f-8b00-45ef-a1aa-607856809c83","Графики изопроцессов","0.95","сложная","missing_after_apply"
"132167","44983693-42b7-4235-98b9-34f8d16eba7a","61ebc2e0-9d14-4f93-ae46-8943bb279889","Влажность воздуха","0.95","сложная","missing_after_apply"
"94402","8cb30494-c28d-438c-a612-0e2f5d891707","61ebc2e0-9d14-4f93-ae46-8943bb279889","Влажность воздуха","0.95","сложная","missing_after_apply"
"132338","5407e962-141c-43f2-a7c3-a6ba833025b2","71bce80a-2ea1-4de1-99f9-cb789b285b26","Теплопередача, количество теплоты","0.95","сложная","missing_after_apply"
"132103","e6399db7-0e74-4297-bb31-0716619242ef","ab5b8a4a-72f7-46e0-8324-e3b84c92ea67","Тепловые машины, КПД","0.95","сложная","missing_after_apply"
"158972","416c994c-5bc2-4eab-93a3-80b5468434a0","f56de6c4-8ede-4e26-a7ce-ac3c09e4a8b5","Первый закон термодинамики","0.95","сложная","missing_after_apply"
"132166","765f914d-6303-4df9-8b57-eb380f38fd55","61ebc2e0-9d14-4f93-ae46-8943bb279889","Влажность воздуха","0.95","сложная","missing_after_apply"
"132339","30c6237b-8930-4a24-82d7-3b0f17307b1e","71bce80a-2ea1-4de1-99f9-cb789b285b26","Теплопередача, количество теплоты","0.95","сложная","missing_after_apply"
"155755","8f3bb3e6-3b95-4011-a0d6-0141bb06535d","63286143-8bd2-4207-abf6-a0633f570716","Агрегатные переходы (плавление, парообразование)","0.95","сложная","missing_after_apply"
"128152","2c2300c9-cde8-4bbe-aed0-201e8d5e84a9","63286143-8bd2-4207-abf6-a0633f570716","Агрегатные переходы (плавление, парообразование)","0.95","сложная","missing_after_apply"
"132115","b3a47021-433d-4305-85b2-7ab06727c9a9","92c499aa-3df6-4335-a036-24219b611408","Основное уравнение МКТ","0.95","сложная","missing_after_apply"
"147187","8713335b-2115-4a61-ab33-0200c97e0986","ab5b8a4a-72f7-46e0-8324-e3b84c92ea67","Тепловые машины, КПД","0.95","сложная","missing_after_apply"
"171380","33e3a5de-af31-4a64-92bd-fc49e00209fc","77f30a76-213f-4e80-b0dd-b296539dcaa3","Уравнение состояния идеального газа (Менделеева-Клапейрона)","0.95","сложная","missing_after_apply"
"163647","c55251e5-ac95-4c80-a7ca-2a8647b29a48","3a3372ab-387c-4614-a852-42dade28c3b7","Изопроцессы","0.95","сложная","missing_after_apply"
"171383","723afb00-c733-4a3a-9140-2e297f2d4716","77f30a76-213f-4e80-b0dd-b296539dcaa3","Уравнение состояния идеального газа (Менделеева-Клапейрона)","0.95","средняя","missing_after_apply"
"182269","de80978f-124c-489e-ae59-2498b1d6b46b","61ebc2e0-9d14-4f93-ae46-8943bb279889","Влажность воздуха","0.95","сложная","missing_after_apply"
"86312","ca94ea9d-ca78-4f71-af92-fa7dacb5744e","5ee4e31f-8b00-45ef-a1aa-607856809c83","Графики изопроцессов","0.95","сложная","missing_after_apply"
"22849","9dd3246f-5ef9-4638-af94-f41f5aeedd8d","ab5b8a4a-72f7-46e0-8324-e3b84c92ea67","Тепловые машины, КПД","0.95","сложная","missing_after_apply"
"14549","e3be56f2-cb23-442d-8427-788f2a758936","f56de6c4-8ede-4e26-a7ce-ac3c09e4a8b5","Первый закон термодинамики","0.95","сложная","missing_after_apply"
"14541","b72dd52b-b1e0-45aa-ad1c-089b49ac9395","77f30a76-213f-4e80-b0dd-b296539dcaa3","Уравнение состояния идеального газа (Менделеева-Клапейрона)","0.95","сложная","missing_after_apply"
"174701","b0d8b87c-ea3c-489c-a02b-3c7ca9ddb89f","ab5b8a4a-72f7-46e0-8324-e3b84c92ea67","Тепловые машины, КПД","0.95","сложная","missing_after_apply"
"126759","c1391fe0-b43d-4d58-8344-bfa083f1effb","77f30a76-213f-4e80-b0dd-b296539dcaa3","Уравнение состояния идеального газа (Менделеева-Клапейрона)","0.95","сложная","missing_after_apply"
"41919","9fa2070b-317d-4679-952e-0c3c3d1bf011","77f30a76-213f-4e80-b0dd-b296539dcaa3","Уравнение состояния идеального газа (Менделеева-Клапейрона)","0.9","сложная","missing_after_apply"
"14552","34d2a826-ecea-46bc-bf3a-a18c15854fd0","ab5b8a4a-72f7-46e0-8324-e3b84c92ea67","Тепловые машины, КПД","0.95","сложная","missing_after_apply"
"170938","dce9c3b2-4c35-48c7-a7e1-0af05cceaf5d","77f30a76-213f-4e80-b0dd-b296539dcaa3","Уравнение состояния идеального газа (Менделеева-Клапейрона)","0.9","сложная","missing_after_apply"
"170247","9e66dcc9-9eb4-4206-bea8-81e6b5e49396","77f30a76-213f-4e80-b0dd-b296539dcaa3","Уравнение состояния идеального газа (Менделеева-Клапейрона)","0.95","сложная","missing_after_apply"
"14588","885325ff-183f-4f3b-a121-abf2995e0178","77f30a76-213f-4e80-b0dd-b296539dcaa3","Уравнение состояния идеального газа (Менделеева-Клапейрона)","0.95","сложная","missing_after_apply"
"169374","86d68220-570f-42e6-924c-982e4f07ed35","77f30a76-213f-4e80-b0dd-b296539dcaa3","Уравнение состояния идеального газа (Менделеева-Клапейрона)","0.95","сложная","missing_after_apply"
"147038","35d6ffa1-d597-4f1d-afd4-881f7fba0f28","ab5b8a4a-72f7-46e0-8324-e3b84c92ea67","Тепловые машины, КПД","0.95","сложная","missing_after_apply"
"175353","750c94b1-390f-4330-b1a7-b142b6e519a5","77f30a76-213f-4e80-b0dd-b296539dcaa3","Уравнение состояния идеального газа (Менделеева-Клапейрона)","0.95","сложная","missing_after_apply"
"132439","c0758ba6-23d4-4bf9-b7f8-514e2b201a3d","71bce80a-2ea1-4de1-99f9-cb789b285b26","Теплопередача, количество теплоты","0.95","сложная","missing_after_apply"
"132471","cc6e97f3-9d17-4e52-bb7d-9025678143ec","77f30a76-213f-4e80-b0dd-b296539dcaa3","Уравнение состояния идеального газа (Менделеева-Клапейрона)","0.95","сложная","missing_after_apply"
"170241","2c6993ae-b344-467b-9326-9788db5c3b18","92c499aa-3df6-4335-a036-24219b611408","Основное уравнение МКТ","0.95","сложная","missing_after_apply"
"134895","6bf0a414-dec8-47f6-aeef-f18bea639d89","ab5b8a4a-72f7-46e0-8324-e3b84c92ea67","Тепловые машины, КПД","0.95","сложная","missing_after_apply"
"126024","0436339f-f373-4631-bed0-830b7f72bc63","ab5b8a4a-72f7-46e0-8324-e3b84c92ea67","Тепловые машины, КПД","0.95","сложная","missing_after_apply"
"174625","70a5fd4b-1410-40cd-8816-ed5460619b3c","71bce80a-2ea1-4de1-99f9-cb789b285b26","Теплопередача, количество теплоты","0.95","сложная","missing_after_apply"
"169722","88c58f1d-36f4-408c-a404-646090f6310a","77f30a76-213f-4e80-b0dd-b296539dcaa3","Уравнение состояния идеального газа (Менделеева-Клапейрона)","0.95","сложная","missing_after_apply"
"170089","dd854f87-b438-4f3a-89c0-af2c24dcb50a","81ff7bcf-312a-4e72-ac82-de97b383b6bf","Закон Архимеда, плавание тел","0.95","сложная","missing_after_apply"
"126053","88a71cf8-4738-4149-9549-f9f803743b85","81ff7bcf-312a-4e72-ac82-de97b383b6bf","Закон Архимеда, плавание тел","0.95","сложная","missing_after_apply"
"63720","45eb0ce5-f8b6-411f-8208-0f810c15a464","77f30a76-213f-4e80-b0dd-b296539dcaa3","Уравнение состояния идеального газа (Менделеева-Клапейрона)","0.95","сложная","missing_after_apply"
"128742","484129d6-73aa-413b-a0d2-e1551998b9fc","ab5b8a4a-72f7-46e0-8324-e3b84c92ea67","Тепловые машины, КПД","0.95","сложная","missing_after_apply"
"14558","4dfe34fa-3449-4d1e-8b6f-e942dcc3d7d2","61ebc2e0-9d14-4f93-ae46-8943bb279889","Влажность воздуха","0.95","сложная","missing_after_apply"
"134896","f49cb663-740a-4cfa-bf5e-c5646fa5b168","ab5b8a4a-72f7-46e0-8324-e3b84c92ea67","Тепловые машины, КПД","0.95","сложная","missing_after_apply"
"174679","5bb8ad9b-fa14-408a-9033-7669d4b5ea91","ab5b8a4a-72f7-46e0-8324-e3b84c92ea67","Тепловые машины, КПД","0.95","сложная","missing_after_apply"
"170951","1191dbd3-ef98-4a19-9067-2980b8392fed","77f30a76-213f-4e80-b0dd-b296539dcaa3","Уравнение состояния идеального газа (Менделеева-Клапейрона)","0.95","сложная","missing_after_apply"
"170959","851afa72-027a-447d-8adc-ff9e68a49de0","77f30a76-213f-4e80-b0dd-b296539dcaa3","Уравнение состояния идеального газа (Менделеева-Клапейрона)","0.95","сложная","missing_after_apply"
"84723","b1843cf6-7072-498c-8bb8-931c84e3760a","bdc8e9ec-edf9-4a89-9008-ec27171a8506","Энергия магнитного поля","0.95","лёгкая","missing_after_apply"
"138640","4b01700b-8b15-4a01-8166-fc4649f3e372","bdc8e9ec-edf9-4a89-9008-ec27171a8506","Энергия магнитного поля","0.95","лёгкая","missing_after_apply"
"12758","5045a83f-e4a9-416e-9c18-b8ada8e98637","1f9ea623-cdb5-44ae-b489-fc488f68326d","Движение заряда в магнитном поле","0.95","средняя","missing_after_apply"
"136730","f7a0b52d-f6ef-40ba-88cd-0d4e531f76ad","f9fb2020-338a-4986-bcc7-3fdcd4eec696","Магнитный поток","0.95","средняя","missing_after_apply"
"64412","40469799-7a7d-46c8-967b-91abbb9716a3","6358b835-156c-48a0-b1da-6c1a5c34432d","Сила Лоренца","0.95","средняя","missing_after_apply"
"103385","ebb3274f-cfa2-4182-8720-c827571c2d31","687aa786-8049-43cb-981b-db2914f8bd17","Самоиндукция, индуктивность","0.95","лёгкая","missing_after_apply"
"84977","1eb17dde-1446-42fa-a8e6-eca399955d41","6358b835-156c-48a0-b1da-6c1a5c34432d","Сила Лоренца","0.95","лёгкая","missing_after_apply"
"97751","07349169-7948-489a-b845-b4309e68f638","687aa786-8049-43cb-981b-db2914f8bd17","Самоиндукция, индуктивность","0.95","лёгкая","missing_after_apply"
"97921","0c7c18b9-b230-4774-9970-930f715966b1","6358b835-156c-48a0-b1da-6c1a5c34432d","Сила Лоренца","0.95","лёгкая","missing_after_apply"
"131009","37292d05-092f-426c-9ec2-4dd3b07414df","30853096-b848-43ec-aa56-8a644cbdb2bf","Электромагнитная индукция (закон Фарадея)","0.95","средняя","missing_after_apply"
"158786","366b26f9-de68-456c-9b2a-beb0f79e0ad4","687aa786-8049-43cb-981b-db2914f8bd17","Самоиндукция, индуктивность","0.95","средняя","missing_after_apply"
"178363","696398b2-783d-4468-bfb5-9a5ea80c4f87","687aa786-8049-43cb-981b-db2914f8bd17","Самоиндукция, индуктивность","0.95","средняя","missing_after_apply"
"176018","ff5902e5-a366-4b04-903f-d8f1cf5f218c","687aa786-8049-43cb-981b-db2914f8bd17","Самоиндукция, индуктивность","0.95","средняя","missing_after_apply"
"64967","bbcfbbb7-0848-4fa6-80d4-290bf62290d2","bdc8e9ec-edf9-4a89-9008-ec27171a8506","Энергия магнитного поля","0.95","лёгкая","missing_after_apply"
"92488","5c580e20-18c5-4ff0-be23-18ba24d4ab5a","898671a3-5724-42b5-b555-8430582a2ead","Механические волны, звук","0.95","лёгкая","missing_after_apply"
"177386","23dfbf9a-4b96-4f83-97ee-43c6414456b3","687aa786-8049-43cb-981b-db2914f8bd17","Самоиндукция, индуктивность","0.95","средняя","missing_after_apply"
"183527","23e286ec-555a-4719-bd42-1351bb86d80f","687aa786-8049-43cb-981b-db2914f8bd17","Самоиндукция, индуктивность","0.95","средняя","missing_after_apply"
"12771","3953affc-8d59-40a2-8942-88933590f030","bdc8e9ec-edf9-4a89-9008-ec27171a8506","Энергия магнитного поля","0.95","лёгкая","missing_after_apply"
"130422","f32e2f8e-5423-4654-b5c5-59eeed2262ac","687aa786-8049-43cb-981b-db2914f8bd17","Самоиндукция, индуктивность","0.95","лёгкая","missing_after_apply"
"145533","bb607ec7-c2a2-422f-a753-b9f2fab38ef7","f9fb2020-338a-4986-bcc7-3fdcd4eec696","Магнитный поток","0.95","средняя","missing_after_apply"
"139646","9f8529c4-4e41-4812-b72e-35c3c284b0dd","687aa786-8049-43cb-981b-db2914f8bd17","Самоиндукция, индуктивность","0.95","средняя","missing_after_apply"
"155756","0a95ef86-653a-44a6-9a49-9bdc065ceb29","30853096-b848-43ec-aa56-8a644cbdb2bf","Электромагнитная индукция (закон Фарадея)","0.95","средняя","missing_after_apply"
"12760","9c695c8a-95bb-4617-92ac-4b0fa174b51e","bf4f6e6b-cb9d-474f-ae44-31bb9a73c141","Сила Ампера","0.95","средняя","missing_after_apply"
"136972","62392096-bf77-4ea4-9447-e7ee2730342b","bf4f6e6b-cb9d-474f-ae44-31bb9a73c141","Сила Ампера","0.95","лёгкая","missing_after_apply"
"12767","a7e3ada0-1459-4823-8e07-611b378f91b6","687aa786-8049-43cb-981b-db2914f8bd17","Самоиндукция, индуктивность","0.95","средняя","missing_after_apply"
"114714","88625dd9-906e-489a-8ad5-42814b54ea26","bdc8e9ec-edf9-4a89-9008-ec27171a8506","Энергия магнитного поля","0.95","лёгкая","missing_after_apply"
"136876","4e9fe65e-0972-4ecf-a737-a62905b29548","bf4f6e6b-cb9d-474f-ae44-31bb9a73c141","Сила Ампера","0.95","лёгкая","missing_after_apply"
"138762","b4c76916-2d15-4dfe-b09f-bc25cf516f0d","6358b835-156c-48a0-b1da-6c1a5c34432d","Сила Лоренца","0.95","лёгкая","missing_after_apply"
"12755","02e4ec17-677b-452e-93de-da7ee011d437","bf4f6e6b-cb9d-474f-ae44-31bb9a73c141","Сила Ампера","0.95","лёгкая","missing_after_apply"
"64435","8dbc36f2-bb02-407f-858a-91ea27951bf0","bdc8e9ec-edf9-4a89-9008-ec27171a8506","Энергия магнитного поля","0.95","лёгкая","missing_after_apply"
"12756","71de8b1f-85be-40d6-b18e-4275c85fc10c","bf4f6e6b-cb9d-474f-ae44-31bb9a73c141","Сила Ампера","0.95","лёгкая","missing_after_apply"
"12784","d5f74280-42e5-4e8c-9206-bd9a9ca9874c","687aa786-8049-43cb-981b-db2914f8bd17","Самоиндукция, индуктивность","0.95","лёгкая","missing_after_apply"
"103386","e0ad4574-011e-4e17-9163-807dfea79c61","687aa786-8049-43cb-981b-db2914f8bd17","Самоиндукция, индуктивность","0.95","лёгкая","missing_after_apply"
"12768","df68b035-5133-41ad-a180-cfeddbcf600b","f9fb2020-338a-4986-bcc7-3fdcd4eec696","Магнитный поток","0.95","средняя","missing_after_apply"
"113060","230c5ef9-88c0-489c-acd4-50eeb6fc7556","bdc8e9ec-edf9-4a89-9008-ec27171a8506","Энергия магнитного поля","0.95","лёгкая","missing_after_apply"
"102056","7e41f09e-4e46-4c91-80b6-bba57b3a82ef","687aa786-8049-43cb-981b-db2914f8bd17","Самоиндукция, индуктивность","0.95","лёгкая","missing_after_apply"
"85351","49564c1b-f0ad-49ca-abdd-fa44dadd3a2d","30853096-b848-43ec-aa56-8a644cbdb2bf","Электромагнитная индукция (закон Фарадея)","0.95","средняя","missing_after_apply"
"168649","d093109a-47d4-4112-ae94-fa9d27606894","bf4f6e6b-cb9d-474f-ae44-31bb9a73c141","Сила Ампера","0.95","лёгкая","missing_after_apply"
"134087","102b4d09-03aa-4dca-bed5-e25aae292f8f","f9fb2020-338a-4986-bcc7-3fdcd4eec696","Магнитный поток","0.95","лёгкая","missing_after_apply"
"26220","78667a37-dc60-4eda-a479-da1795c845cd","f9fb2020-338a-4986-bcc7-3fdcd4eec696","Магнитный поток","0.95","лёгкая","missing_after_apply"
"135535","8e003510-04ed-4139-b949-6dd8264cdf88","bf4f6e6b-cb9d-474f-ae44-31bb9a73c141","Сила Ампера","0.95","лёгкая","missing_after_apply"
"104259","596fa071-f51c-44ee-a7a3-059ab49c69a6","bf4f6e6b-cb9d-474f-ae44-31bb9a73c141","Сила Ампера","0.95","лёгкая","missing_after_apply"
"130529","e6896301-b6b9-404e-a6c8-962d1dafef18","687aa786-8049-43cb-981b-db2914f8bd17","Самоиндукция, индуктивность","0.95","лёгкая","missing_after_apply"
"132443","1b18222e-d88e-4681-92dc-c4c7cca38ec8","019020c4-13bf-418c-b366-63bf09d42066","Электромагнитные колебания, колебательный контур","0.95","средняя","missing_after_apply"
"126475","e814c6e1-d584-4e0d-a907-9a386c2a11e4","bdc8e9ec-edf9-4a89-9008-ec27171a8506","Энергия магнитного поля","0.95","лёгкая","missing_after_apply"
"132877","05f6f0dc-b59d-4cfb-9bc6-e80ec53136ea","6358b835-156c-48a0-b1da-6c1a5c34432d","Сила Лоренца","0.95","средняя","missing_after_apply"
"136571","3635e7ed-1945-4582-ba7d-4f41e87e6329","30853096-b848-43ec-aa56-8a644cbdb2bf","Электромагнитная индукция (закон Фарадея)","0.95","средняя","missing_after_apply"
"141702","468e3152-902d-446c-9c68-387e77b3e278","687aa786-8049-43cb-981b-db2914f8bd17","Самоиндукция, индуктивность","0.95","средняя","missing_after_apply"
"143462","748b38e2-2987-492a-ab2d-618f0859d7b5","687aa786-8049-43cb-981b-db2914f8bd17","Самоиндукция, индуктивность","0.95","средняя","missing_after_apply"
"163438","0b2ba192-3034-41ef-b6bf-cbc86e922306","30853096-b848-43ec-aa56-8a644cbdb2bf","Электромагнитная индукция (закон Фарадея)","0.95","средняя","missing_after_apply"
"143861","5d60695d-9dc6-4df8-8f6f-8d706230c538","019020c4-13bf-418c-b366-63bf09d42066","Электромагнитные колебания, колебательный контур","0.95","средняя","missing_after_apply"
"139648","750877b6-419a-4482-9230-d4b77f77154f","687aa786-8049-43cb-981b-db2914f8bd17","Самоиндукция, индуктивность","0.95","средняя","missing_after_apply"
"84917","3320e5e5-7247-4eb3-8877-a04e4f14ae49","bf4f6e6b-cb9d-474f-ae44-31bb9a73c141","Сила Ампера","0.95","лёгкая","missing_after_apply"
"175288","cf265cce-4c46-4412-ab3d-9c574f63a388","bf4f6e6b-cb9d-474f-ae44-31bb9a73c141","Сила Ампера","0.95","лёгкая","missing_after_apply"
"91582","8c90b117-3bb6-4d7b-99e3-30069012ea50","bdc8e9ec-edf9-4a89-9008-ec27171a8506","Энергия магнитного поля","0.95","лёгкая","missing_after_apply"
"12778","510c69fb-6888-4e7f-99f0-716a7feb03e1","687aa786-8049-43cb-981b-db2914f8bd17","Самоиндукция, индуктивность","0.95","средняя","missing_after_apply"
"178847","fa21e030-05a5-4574-98ab-b0e2d549a226","30853096-b848-43ec-aa56-8a644cbdb2bf","Электромагнитная индукция (закон Фарадея)","0.95","лёгкая","missing_after_apply"
"165579","f0453acd-8286-4b13-8f86-e51584ab62d7","687aa786-8049-43cb-981b-db2914f8bd17","Самоиндукция, индуктивность","0.95","средняя","missing_after_apply"
"103135","a1035b3b-cf4a-4c4a-a16c-ef37f558ef38","bf4f6e6b-cb9d-474f-ae44-31bb9a73c141","Сила Ампера","0.95","лёгкая","missing_after_apply"
"97553","f210f5fa-a65f-4193-8d06-1a9802db8ee3","30853096-b848-43ec-aa56-8a644cbdb2bf","Электромагнитная индукция (закон Фарадея)","0.95","средняя","missing_after_apply"
"39110","bf16842d-b301-465d-b9dc-6e8c8b70d07a","6358b835-156c-48a0-b1da-6c1a5c34432d","Сила Лоренца","0.95","лёгкая","missing_after_apply"
"155614","c6fffe99-33de-4de3-9310-42d17eb3c33b","30853096-b848-43ec-aa56-8a644cbdb2bf","Электромагнитная индукция (закон Фарадея)","0.95","средняя","missing_after_apply"
"18705","2deffb62-a91b-4e1a-91c9-c4cb63ae9ea2","30853096-b848-43ec-aa56-8a644cbdb2bf","Электромагнитная индукция (закон Фарадея)","0.95","средняя","missing_after_apply"
"113054","058a90a3-6ede-4ea3-9d3a-b5e63ecf31f2","30853096-b848-43ec-aa56-8a644cbdb2bf","Электромагнитная индукция (закон Фарадея)","0.95","средняя","missing_after_apply"
"104263","451bbd4d-6071-4687-ba0b-6fa1a936cfc4","687aa786-8049-43cb-981b-db2914f8bd17","Самоиндукция, индуктивность","0.95","средняя","missing_after_apply"
"163379","bb9a4e6a-864e-4080-95ac-3331e40e59a7","30853096-b848-43ec-aa56-8a644cbdb2bf","Электромагнитная индукция (закон Фарадея)","0.95","средняя","missing_after_apply"
"104264","0f3d1edb-0bd9-446b-87b9-efc9819fb3bc","687aa786-8049-43cb-981b-db2914f8bd17","Самоиндукция, индуктивность","0.95","средняя","missing_after_apply"
"146774","c1a2338e-ee1f-4596-aada-04d259caad8f","30853096-b848-43ec-aa56-8a644cbdb2bf","Электромагнитная индукция (закон Фарадея)","0.95","средняя","missing_after_apply"
"12772","2c254075-1bfe-4067-8c26-ab49f78643ca","687aa786-8049-43cb-981b-db2914f8bd17","Самоиндукция, индуктивность","0.95","средняя","missing_after_apply"
"103440","4301211f-488f-4158-95ea-ce75d5bb0cf0","687aa786-8049-43cb-981b-db2914f8bd17","Самоиндукция, индуктивность","0.95","средняя","missing_after_apply"
"103370","5d83aeb2-6b1f-4b56-8135-d0125af2d1c1","bf4f6e6b-cb9d-474f-ae44-31bb9a73c141","Сила Ампера","0.95","лёгкая","missing_after_apply"
"26222","0ad341a1-9634-47a8-8b24-19e42419e36d","30853096-b848-43ec-aa56-8a644cbdb2bf","Электромагнитная индукция (закон Фарадея)","0.95","средняя","missing_after_apply"
"84373","d618251a-acb8-4b1f-a646-60d0f1864f8f","687aa786-8049-43cb-981b-db2914f8bd17","Самоиндукция, индуктивность","0.95","средняя","missing_after_apply"
"175294","ccadd833-2241-4dde-819b-84ce5145412e","bf4f6e6b-cb9d-474f-ae44-31bb9a73c141","Сила Ампера","0.95","лёгкая","missing_after_apply"
"84069","d77d1584-93be-431f-b19c-b05042a213d8","1f9ea623-cdb5-44ae-b489-fc488f68326d","Движение заряда в магнитном поле","0.95","средняя","missing_after_apply"
"133179","967a80e4-640f-4d20-a1d0-b2b40d763ebe","1f9ea623-cdb5-44ae-b489-fc488f68326d","Движение заряда в магнитном поле","0.95","средняя","missing_after_apply"
"158960","bfdeb8ed-2798-4554-ace7-5be4fff6a289","687aa786-8049-43cb-981b-db2914f8bd17","Самоиндукция, индуктивность","0.95","средняя","missing_after_apply"
"175245","56b97ed8-5ee8-4ef6-bdef-7a41216323f2","bf4f6e6b-cb9d-474f-ae44-31bb9a73c141","Сила Ампера","0.95","лёгкая","missing_after_apply"
"159034","be4ff7da-4279-416f-b34d-ceabcb3c46b2","687aa786-8049-43cb-981b-db2914f8bd17","Самоиндукция, индуктивность","0.95","средняя","missing_after_apply"
"95161","052d75fa-5952-4da4-8030-975cd03479d7","687aa786-8049-43cb-981b-db2914f8bd17","Самоиндукция, индуктивность","0.95","средняя","missing_after_apply"
"97750","a1035924-bb05-49c3-8657-f99b1c774d1e","30853096-b848-43ec-aa56-8a644cbdb2bf","Электромагнитная индукция (закон Фарадея)","0.95","средняя","missing_after_apply"
"85352","faaff6c3-81d2-4c21-86a7-4578e1202fbf","30853096-b848-43ec-aa56-8a644cbdb2bf","Электромагнитная индукция (закон Фарадея)","0.95","средняя","missing_after_apply"
"103136","5fe7a9ac-c97d-4e8b-b0de-c0aec5afffb0","6358b835-156c-48a0-b1da-6c1a5c34432d","Сила Лоренца","0.95","лёгкая","missing_after_apply"
"139129","88966e49-df01-4473-944f-e5c733bdffa0","019020c4-13bf-418c-b366-63bf09d42066","Электромагнитные колебания, колебательный контур","0.95","сложная","missing_after_apply"
"103137","ff190044-82c3-458a-bec6-5769187250aa","6358b835-156c-48a0-b1da-6c1a5c34432d","Сила Лоренца","0.95","лёгкая","missing_after_apply"
"113056","3463fb83-826f-4856-b113-8f70c185abca","30853096-b848-43ec-aa56-8a644cbdb2bf","Электромагнитная индукция (закон Фарадея)","0.95","средняя","missing_after_apply"
"132441","479da582-95cb-4a63-972c-6fdc7ba42c89","1fdbe34f-b66c-4a48-840a-092c1a630f19","Последовательное и параллельное соединение","0.95","средняя","missing_after_apply"
"26221","06416e74-1084-4eed-ba76-9cc0f3f64c73","f9fb2020-338a-4986-bcc7-3fdcd4eec696","Магнитный поток","0.95","лёгкая","missing_after_apply"
"132442","ab0d25e8-5f9f-47ed-990b-480981e47df5","30853096-b848-43ec-aa56-8a644cbdb2bf","Электромагнитная индукция (закон Фарадея)","0.95","средняя","missing_after_apply"
"64695","8eb5f562-b8ef-4fb2-9cd4-605698d7185e","687aa786-8049-43cb-981b-db2914f8bd17","Самоиндукция, индуктивность","0.95","средняя","missing_after_apply"
"138163","6365cfe0-2ddd-4284-933b-f911af04d09c","30853096-b848-43ec-aa56-8a644cbdb2bf","Электромагнитная индукция (закон Фарадея)","0.95","средняя","missing_after_apply"
"139078","dd4b2357-a76e-4d53-849b-fc180248e092","482d03da-e4e9-4e16-9e43-ad373f294ede","Магнитное поле тока","0.95","средняя","missing_after_apply"
"143995","b2957e24-ebd2-488f-af53-2259de09fdf9","6358b835-156c-48a0-b1da-6c1a5c34432d","Сила Лоренца","0.95","средняя","missing_after_apply"
"139083","ffa48c9a-f7e0-46e2-a7f8-31e1ea01198b","8fc1f7ed-eaa6-4ba0-8559-4a84b3582250","Правило Ленца","0.95","средняя","missing_after_apply"
"138763","c10d1b38-0a27-4e31-ad89-a4d1e4bbe869","6358b835-156c-48a0-b1da-6c1a5c34432d","Сила Лоренца","0.95","лёгкая","missing_after_apply"
"141134","61769620-3c26-4cf7-be39-7a65966416dd","8fc1f7ed-eaa6-4ba0-8559-4a84b3582250","Правило Ленца","0.95","средняя","missing_after_apply"
"139079","9ad9eee6-a8e2-4f7f-95a2-72c9facbdc9c","482d03da-e4e9-4e16-9e43-ad373f294ede","Магнитное поле тока","0.95","средняя","missing_after_apply"
"110472","9f5cd9c2-727f-4a09-be2a-ff6db78c1060","b2bac358-3fed-498b-89cf-29a3df32cd0a","Линзы, формула тонкой линзы","0.95","сложная","missing_after_apply"
"177170","0c5731fd-8d62-41fe-a8b4-feafb7c0199e","b2bac358-3fed-498b-89cf-29a3df32cd0a","Линзы, формула тонкой линзы","0.95","сложная","missing_after_apply"
"63711","000084a8-c073-4a06-90e1-acdd50dcb93c","b2bac358-3fed-498b-89cf-29a3df32cd0a","Линзы, формула тонкой линзы","0.95","средняя","missing_after_apply"
"175308","20bb1409-c822-4360-b3ea-9f44019b8dab","b2bac358-3fed-498b-89cf-29a3df32cd0a","Линзы, формула тонкой линзы","0.95","сложная","missing_after_apply"
"167925","e10ff9ce-4f5f-401c-aaba-0b4c2cef4b98","b2bac358-3fed-498b-89cf-29a3df32cd0a","Линзы, формула тонкой линзы","0.95","сложная","missing_after_apply"
"91837","eb208080-68f2-40e3-9163-9203d8137697","b2bac358-3fed-498b-89cf-29a3df32cd0a","Линзы, формула тонкой линзы","0.95","сложная","missing_after_apply"
"27748","2d979d92-e683-4daa-8d7f-418c36adf21d","b2bac358-3fed-498b-89cf-29a3df32cd0a","Линзы, формула тонкой линзы","0.95","сложная","missing_after_apply"
"175377","c547e3ca-28f3-4b29-9b3e-f6850af6c327","59bae03f-4227-4c2c-a752-b225f3980004","Оптические приборы","0.95","сложная","missing_after_apply"
"136060","cabc70a7-5053-47f3-8ba7-e0cae336e521","b2bac358-3fed-498b-89cf-29a3df32cd0a","Линзы, формула тонкой линзы","0.95","сложная","missing_after_apply"
"14715","8c4ffa98-d451-426c-a720-2284d99f4175","cac27515-dcf2-47ac-8e5a-6708e0ac6947","Законы преломления, полное внутреннее отражение","0.95","сложная","missing_after_apply"
"177348","bfcf7726-4a66-4465-aade-c13ea1925bb9","b2bac358-3fed-498b-89cf-29a3df32cd0a","Линзы, формула тонкой линзы","0.95","сложная","missing_after_apply"
"34608","f64e8e05-ad89-465c-8252-ad1c527e5e6c","b2bac358-3fed-498b-89cf-29a3df32cd0a","Линзы, формула тонкой линзы","0.95","сложная","missing_after_apply"
"122872","49f20c47-15c1-4640-a470-6a27d9b2d1d3","b2bac358-3fed-498b-89cf-29a3df32cd0a","Линзы, формула тонкой линзы","0.95","сложная","missing_after_apply"
"132476","bee6002c-e764-4b7f-b213-e6af050423ae","cac27515-dcf2-47ac-8e5a-6708e0ac6947","Законы преломления, полное внутреннее отражение","0.95","сложная","missing_after_apply"
"159047","b9327e0e-1c28-4b5f-9eee-7f56438682db","b2bac358-3fed-498b-89cf-29a3df32cd0a","Линзы, формула тонкой линзы","0.95","сложная","missing_after_apply"
"39127","9a051c6e-f383-401c-89f2-496d23954b8d","b2bac358-3fed-498b-89cf-29a3df32cd0a","Линзы, формула тонкой линзы","0.95","средняя","missing_after_apply"
"175378","0f831bd5-e2a0-4da1-8759-e308cee460b3","59bae03f-4227-4c2c-a752-b225f3980004","Оптические приборы","0.95","сложная","missing_after_apply"
"50933","a2c9598c-9c57-4356-8f88-edc73a289245","b2bac358-3fed-498b-89cf-29a3df32cd0a","Линзы, формула тонкой линзы","0.95","сложная","missing_after_apply"
"175382","2a70c162-8701-44e9-a96c-29b05a2bced2","cac27515-dcf2-47ac-8e5a-6708e0ac6947","Законы преломления, полное внутреннее отражение","0.95","сложная","missing_after_apply"
"167150","84eccb50-3649-43e5-b9c8-7a7be311eb1a","b2bac358-3fed-498b-89cf-29a3df32cd0a","Линзы, формула тонкой линзы","0.95","средняя","missing_after_apply"
"167149","f2024af4-22bf-49b7-a1e4-cebb8e8a0754","b2bac358-3fed-498b-89cf-29a3df32cd0a","Линзы, формула тонкой линзы","0.95","средняя","missing_after_apply"
"167148","17a14db0-0dd3-4ee8-be4c-77b274284226","b2bac358-3fed-498b-89cf-29a3df32cd0a","Линзы, формула тонкой линзы","0.95","сложная","missing_after_apply"
"18760","02af7529-20b8-4008-8bac-f0e3abadef1f","b2bac358-3fed-498b-89cf-29a3df32cd0a","Линзы, формула тонкой линзы","0.95","сложная","missing_after_apply"
"22857","b4874c7e-a7a1-4a7b-9662-5127d8932691","b2bac358-3fed-498b-89cf-29a3df32cd0a","Линзы, формула тонкой линзы","0.95","сложная","missing_after_apply"
"110477","bb9e322d-4033-4190-8ee3-57c9266c1e22","b2bac358-3fed-498b-89cf-29a3df32cd0a","Линзы, формула тонкой линзы","0.95","сложная","missing_after_apply"
"124571","c64d1c04-e90d-4c56-a10b-6563f530e64c","c1ed3d8f-0772-4133-85a5-f393878f3892","Законы отражения, плоское зеркало","0.95","средняя","missing_after_apply"
"14723","aedf2e0b-aac3-4668-81d1-47944c98469d","b2bac358-3fed-498b-89cf-29a3df32cd0a","Линзы, формула тонкой линзы","0.95","сложная","missing_after_apply"
"175206","68b87364-1e6e-48f7-b553-c890c25568b6","cac27515-dcf2-47ac-8e5a-6708e0ac6947","Законы преломления, полное внутреннее отражение","0.95","сложная","missing_after_apply"
"110473","841bdcaf-cf0d-4ff7-a44e-a22343424d6f","c1ed3d8f-0772-4133-85a5-f393878f3892","Законы отражения, плоское зеркало","0.95","средняя","missing_after_apply"
"14718","4e26a692-8d7c-4249-ae3e-ac0cef6af7fb","cac27515-dcf2-47ac-8e5a-6708e0ac6947","Законы преломления, полное внутреннее отражение","0.95","сложная","missing_after_apply"
"14719","10a562c8-bf62-4d96-8a14-1249d6113eca","b2bac358-3fed-498b-89cf-29a3df32cd0a","Линзы, формула тонкой линзы","0.95","сложная","missing_after_apply"
"18396","42e6ccda-c2d8-49b2-b2a6-a0c3d6deb245","b2bac358-3fed-498b-89cf-29a3df32cd0a","Линзы, формула тонкой линзы","0.95","сложная","missing_after_apply"
"143159","cddf55bb-bb03-4748-88a4-9b76b3048ee2","b2bac358-3fed-498b-89cf-29a3df32cd0a","Линзы, формула тонкой линзы","0.95","сложная","missing_after_apply"
"103447","d2f4d55a-22fa-4376-a589-35999a30044d","b2bac358-3fed-498b-89cf-29a3df32cd0a","Линзы, формула тонкой линзы","0.95","средняя","missing_after_apply"
"176919","b2541bfb-73fb-4c13-805e-8ccf4dc9aa90","b2bac358-3fed-498b-89cf-29a3df32cd0a","Линзы, формула тонкой линзы","0.95","сложная","missing_after_apply"
"111907","6a4a0078-aff4-4794-a079-f67d3a87449f","b2bac358-3fed-498b-89cf-29a3df32cd0a","Линзы, формула тонкой линзы","0.95","средняя","missing_after_apply"
"64449","05d98161-b57f-4b5e-bab3-5abd3832c05d","b2bac358-3fed-498b-89cf-29a3df32cd0a","Линзы, формула тонкой линзы","0.95","средняя","missing_after_apply"
"14721","7d6c6b39-5846-47d6-b977-33313c17bede","b2bac358-3fed-498b-89cf-29a3df32cd0a","Линзы, формула тонкой линзы","0.95","сложная","missing_after_apply"
"178305","38a40238-35ac-4cc2-9cea-67c2cbae5ece","b2bac358-3fed-498b-89cf-29a3df32cd0a","Линзы, формула тонкой линзы","0.95","сложная","missing_after_apply"
"14515","42cd224b-e560-4b71-86db-501e295303c8","b2bac358-3fed-498b-89cf-29a3df32cd0a","Линзы, формула тонкой линзы","0.95","средняя","missing_after_apply"
"175384","6bf3ad35-a977-4ed4-b25f-7847aefbd5b7","b2bac358-3fed-498b-89cf-29a3df32cd0a","Линзы, формула тонкой линзы","0.95","сложная","missing_after_apply"
"94401","f8942508-3a7d-451f-a485-91763a90160f","b2bac358-3fed-498b-89cf-29a3df32cd0a","Линзы, формула тонкой линзы","0.95","средняя","missing_after_apply"
"110476","b30a4935-92ca-4cdf-b6b8-1f14ad7ca3f4","c919b5bc-ba38-4b5a-a766-cb5a7101838c","Дифракция, дифракционная решётка","0.92","сложная","missing_after_apply"
"18447","c5560fd1-9428-45ff-b47d-d9aa126e8391","b2bac358-3fed-498b-89cf-29a3df32cd0a","Линзы, формула тонкой линзы","0.95","сложная","missing_after_apply"
"175380","f0f8a062-9e1c-403c-bcf2-eb57905beabc","cac27515-dcf2-47ac-8e5a-6708e0ac6947","Законы преломления, полное внутреннее отражение","0.95","сложная","missing_after_apply"
"175302","683cbd2c-092f-4479-9eb0-f5bba0f5aba7","b2bac358-3fed-498b-89cf-29a3df32cd0a","Линзы, формула тонкой линзы","0.95","сложная","missing_after_apply"
"14703","17d5ad7a-e6f1-45e4-951b-f6664f45301f","cac27515-dcf2-47ac-8e5a-6708e0ac6947","Законы преломления, полное внутреннее отражение","0.95","сложная","missing_after_apply"
"110471","6dc626bf-db63-428f-8713-e2cdf4574e5e","cac27515-dcf2-47ac-8e5a-6708e0ac6947","Законы преломления, полное внутреннее отражение","0.95","сложная","missing_after_apply"
"175383","637e9bd6-1414-4785-ade2-25c78fe00a8b","a130facc-9bf4-400e-bd7f-d287fe4353bf","Дисперсия света","0.95","сложная","missing_after_apply"
"110475","62d32e04-769f-44be-b00f-8541502801e3","c1ed3d8f-0772-4133-85a5-f393878f3892","Законы отражения, плоское зеркало","0.95","сложная","missing_after_apply"
"21393","8980af66-f85b-47aa-9885-a2d8219d5814","cac27515-dcf2-47ac-8e5a-6708e0ac6947","Законы преломления, полное внутреннее отражение","0.95","сложная","missing_after_apply"
"14724","f6e478eb-b13e-496c-8454-bead3ce636e5","b2bac358-3fed-498b-89cf-29a3df32cd0a","Линзы, формула тонкой линзы","0.95","сложная","missing_after_apply"
"132171","34e84b6a-6963-4158-9861-28ccae2bc040","b2bac358-3fed-498b-89cf-29a3df32cd0a","Линзы, формула тонкой линзы","0.95","сложная","missing_after_apply"
"132477","0d3945b1-8114-41f1-9542-ab543c286203","cac27515-dcf2-47ac-8e5a-6708e0ac6947","Законы преломления, полное внутреннее отражение","0.95","сложная","missing_after_apply"
"91465","d352b5cd-599c-4697-8c8e-93326b0e8bec","cac27515-dcf2-47ac-8e5a-6708e0ac6947","Законы преломления, полное внутреннее отражение","0.95","сложная","missing_after_apply"
"65205","f202614f-eff0-486a-ae7c-3ff442a62ed9","b2bac358-3fed-498b-89cf-29a3df32cd0a","Линзы, формула тонкой линзы","0.95","сложная","missing_after_apply"
"166497","d58cb307-3545-4097-bd9e-bac2a8f89b4a","b2bac358-3fed-498b-89cf-29a3df32cd0a","Линзы, формула тонкой линзы","0.95","сложная","missing_after_apply"
"174261","f09a09f9-dc8b-4cc8-84e5-5666d4ecc381","cac27515-dcf2-47ac-8e5a-6708e0ac6947","Законы преломления, полное внутреннее отражение","0.95","сложная","missing_after_apply"
"24937","80b54a55-07fa-416a-98dd-78f8479e6ab4","b2bac358-3fed-498b-89cf-29a3df32cd0a","Линзы, формула тонкой линзы","0.95","сложная","missing_after_apply"
"132450","147ef0aa-4561-4ba4-abb6-f9af67606cbe","b2bac358-3fed-498b-89cf-29a3df32cd0a","Линзы, формула тонкой линзы","0.95","сложная","missing_after_apply"
"132527","9b094c4a-6fc3-4ed4-bc17-9b040b6cf2e8","a130facc-9bf4-400e-bd7f-d287fe4353bf","Дисперсия света","0.95","сложная","missing_after_apply"
"132172","24fcf77c-9772-42a4-800b-3c0b8f2b6b6d","b2bac358-3fed-498b-89cf-29a3df32cd0a","Линзы, формула тонкой линзы","0.95","сложная","missing_after_apply"
"96200","0814f463-c5d5-4b98-9405-93367046a2f5","b2bac358-3fed-498b-89cf-29a3df32cd0a","Линзы, формула тонкой линзы","0.95","сложная","missing_after_apply"
"122871","a839c329-0910-40a4-b9b2-46136fad417f","b2bac358-3fed-498b-89cf-29a3df32cd0a","Линзы, формула тонкой линзы","0.95","сложная","missing_after_apply"
"132451","4727d2a3-ed4d-46c4-b2bb-7fb10fb34a8e","b2bac358-3fed-498b-89cf-29a3df32cd0a","Линзы, формула тонкой линзы","0.95","сложная","missing_after_apply"
"174476","5d90c46e-beb0-4e39-b95b-db6b1e28970e","b2bac358-3fed-498b-89cf-29a3df32cd0a","Линзы, формула тонкой линзы","0.95","сложная","missing_after_apply"
"175301","886e37a3-e863-4ede-9d86-9b827dae12b0","b2bac358-3fed-498b-89cf-29a3df32cd0a","Линзы, формула тонкой линзы","0.95","сложная","missing_after_apply"
"177096","2fb789ef-ef8c-46c5-baec-1d770b55a36b","b2bac358-3fed-498b-89cf-29a3df32cd0a","Линзы, формула тонкой линзы","0.95","сложная","missing_after_apply"
"63712","9028c7f9-bf2a-4e3e-9e00-ee7fc90a6301","b2bac358-3fed-498b-89cf-29a3df32cd0a","Линзы, формула тонкой линзы","0.95","средняя","missing_after_apply"
"14513","0ecea1d3-cd1a-43b8-ab6c-d2c8890b24a8","b2bac358-3fed-498b-89cf-29a3df32cd0a","Линзы, формула тонкой линзы","0.95","средняя","missing_after_apply"
"14501","cc793594-dcc3-4d5c-95f7-107803e5d9b3","b2bac358-3fed-498b-89cf-29a3df32cd0a","Линзы, формула тонкой линзы","0.95","сложная","missing_after_apply"
"94476","9e4323b7-b76a-4f82-89b3-fd35e5053788","b2bac358-3fed-498b-89cf-29a3df32cd0a","Линзы, формула тонкой линзы","0.95","средняя","missing_after_apply"
"50931","c5a43f13-341b-4c28-87b0-03a517e31443","b2bac358-3fed-498b-89cf-29a3df32cd0a","Линзы, формула тонкой линзы","0.95","сложная","missing_after_apply"
"18449","7bc29dc3-4840-4107-a9b7-792dd7fd9213","b2bac358-3fed-498b-89cf-29a3df32cd0a","Линзы, формула тонкой линзы","0.95","сложная","missing_after_apply"
"14503","7a9c8d32-83d0-48fe-8035-bd6738a24fed","b2bac358-3fed-498b-89cf-29a3df32cd0a","Линзы, формула тонкой линзы","0.95","сложная","missing_after_apply"
"105851","2b0aaf20-9e01-4368-93ad-55c7a9d23b10","b2bac358-3fed-498b-89cf-29a3df32cd0a","Линзы, формула тонкой линзы","0.95","сложная","missing_after_apply"
"14516","2fadc5ab-4a44-427d-9dfd-eeca1da474ca","cac27515-dcf2-47ac-8e5a-6708e0ac6947","Законы преломления, полное внутреннее отражение","0.95","средняя","missing_after_apply"
"158832","7eade5d2-6681-466c-8f3c-c47c0a5f5129","b2bac358-3fed-498b-89cf-29a3df32cd0a","Линзы, формула тонкой линзы","0.95","сложная","missing_after_apply"
"175379","5078fa35-353f-4074-98ea-d53a92de673a","cac27515-dcf2-47ac-8e5a-6708e0ac6947","Законы преломления, полное внутреннее отражение","0.95","сложная","missing_after_apply"
"175307","2ba153fb-fa33-4a76-9c08-9ee72c03c3e7","b2bac358-3fed-498b-89cf-29a3df32cd0a","Линзы, формула тонкой линзы","0.95","сложная","missing_after_apply"
"175359","97d351c9-49a7-4a8e-921c-b9b7de3cae35","cac27515-dcf2-47ac-8e5a-6708e0ac6947","Законы преломления, полное внутреннее отражение","0.95","сложная","missing_after_apply"
"132528","8175832a-780b-45b5-abfd-8bba46d776be","a130facc-9bf4-400e-bd7f-d287fe4353bf","Дисперсия света","0.95","сложная","missing_after_apply"
"91647","c07cd87e-9efc-4af8-b5d8-c017732abf8c","cac27515-dcf2-47ac-8e5a-6708e0ac6947","Законы преломления, полное внутреннее отражение","0.95","сложная","missing_after_apply"
"14514","f4e246ce-3779-4c75-a580-f433fd42ffa2","b2bac358-3fed-498b-89cf-29a3df32cd0a","Линзы, формула тонкой линзы","0.95","средняя","missing_after_apply"
"63713","ad7be28a-277c-4a7d-b88e-118697e55a1c","b2bac358-3fed-498b-89cf-29a3df32cd0a","Линзы, формула тонкой линзы","0.95","средняя","missing_after_apply"
"14504","25faff07-e107-4dd6-9039-47d9988f3449","b2bac358-3fed-498b-89cf-29a3df32cd0a","Линзы, формула тонкой линзы","0.95","средняя","missing_after_apply"
"14505","d2dc8f6c-8aec-4545-b8fe-7b2cd1011e24","b2bac358-3fed-498b-89cf-29a3df32cd0a","Линзы, формула тонкой линзы","0.95","сложная","missing_after_apply"
"175381","19fae4f5-9c90-4d1b-a924-db3c7c55f849","b2bac358-3fed-498b-89cf-29a3df32cd0a","Линзы, формула тонкой линзы","0.95","сложная","missing_after_apply"
"173430","54a865e8-481f-4825-bc53-9c24f5c8c531","b2bac358-3fed-498b-89cf-29a3df32cd0a","Линзы, формула тонкой линзы","0.95","сложная","missing_after_apply"
"16729","5e034274-4a68-4342-a390-d4e90e66f223","81ff7bcf-312a-4e72-ac82-de97b383b6bf","Закон Архимеда, плавание тел","0.95","средняя","missing_after_apply"
"169040","51789f17-70a2-497d-a83f-790f8b2c7876","77f30a76-213f-4e80-b0dd-b296539dcaa3","Уравнение состояния идеального газа (Менделеева-Клапейрона)","0.95","средняя","missing_after_apply"
"39742","864d8103-b3d6-40f4-bebb-6c9df23a7909","cac27515-dcf2-47ac-8e5a-6708e0ac6947","Законы преломления, полное внутреннее отражение","0.95","средняя","missing_after_apply"
"143877","411a09f5-364e-4ef8-bf1d-084e69bace77","71bce80a-2ea1-4de1-99f9-cb789b285b26","Теплопередача, количество теплоты","0.95","средняя","missing_after_apply"
"16734","6f465d0a-6523-424e-97c4-be8b3719e312","019020c4-13bf-418c-b366-63bf09d42066","Электромагнитные колебания, колебательный контур","0.95","средняя","missing_after_apply"
"166524","745e90b9-8396-4711-98cb-72e5993d5b36","019020c4-13bf-418c-b366-63bf09d42066","Электромагнитные колебания, колебательный контур","0.95","средняя","missing_after_apply"
"141198","63afaf84-0d81-4452-bc54-cafc69f69d39","c919b5bc-ba38-4b5a-a766-cb5a7101838c","Дифракция, дифракционная решётка","0.95","средняя","missing_after_apply"
"131033","b0b87aa8-203b-4ced-aedd-702aec9c851b","864f3bc5-4561-4b0c-8f5f-37d5716e8da7","Сила трения","0.95","средняя","missing_after_apply"
"136902","c6b5d649-f0a9-4060-a412-7f4e736ad259","b62883d8-b923-4c11-809c-317c0eb233ad","Закон сохранения механической энергии","0.9","лёгкая","missing_after_apply"
"138684","dd69bfe6-902c-4669-ac03-43a8f67863da","a6a98484-26be-483d-a4a9-374b0fc40134","Работа и мощность тока, закон Джоуля-Ленца","0.95","лёгкая","missing_after_apply"
"16733","c0fd36d8-c69a-4b83-b514-c9e9b41dbe32","019020c4-13bf-418c-b366-63bf09d42066","Электромагнитные колебания, колебательный контур","0.95","средняя","missing_after_apply"
"172049","8f723d79-fe47-4c5b-95fa-d247734d756b","019020c4-13bf-418c-b366-63bf09d42066","Электромагнитные колебания, колебательный контур","0.95","средняя","missing_after_apply"
"91996","cee1d09e-6431-487b-b922-a1b02b265bf2","77f30a76-213f-4e80-b0dd-b296539dcaa3","Уравнение состояния идеального газа (Менделеева-Клапейрона)","0.95","средняя","missing_after_apply"
"92308","0e315ef8-2ed3-4f63-be34-42d2b6422cf3","77f30a76-213f-4e80-b0dd-b296539dcaa3","Уравнение состояния идеального газа (Менделеева-Клапейрона)","0.95","средняя","missing_after_apply"
"168663","92fc6767-1c80-4391-a079-bf9d99930919","77f30a76-213f-4e80-b0dd-b296539dcaa3","Уравнение состояния идеального газа (Менделеева-Клапейрона)","0.95","средняя","missing_after_apply"
"159042","5d358b19-d245-4a09-9b32-47f460a3578b","77f30a76-213f-4e80-b0dd-b296539dcaa3","Уравнение состояния идеального газа (Менделеева-Клапейрона)","0.95","средняя","missing_after_apply"
"160162","68f51362-bc51-4691-8053-ed4b3d052dde","77f30a76-213f-4e80-b0dd-b296539dcaa3","Уравнение состояния идеального газа (Менделеева-Клапейрона)","0.95","средняя","missing_after_apply"
"96928","68b3bd48-68a0-4c5f-bd46-0affbd131752","7f5b64d2-fed0-494b-b096-68508ddaec58","Сила тока, напряжение, сопротивление","0.95","средняя","missing_after_apply"
"166333","2fd712c1-99a2-45ad-85db-d52e4268b192","81ff7bcf-312a-4e72-ac82-de97b383b6bf","Закон Архимеда, плавание тел","0.95","средняя","missing_after_apply"
"158794","27147234-a4a9-41e9-bd4c-2eeb092c88ee","77f30a76-213f-4e80-b0dd-b296539dcaa3","Уравнение состояния идеального газа (Менделеева-Клапейрона)","0.95","средняя","missing_after_apply"
"64419","ac2c321c-496a-426c-a5a2-93065fcdaf3a","77f30a76-213f-4e80-b0dd-b296539dcaa3","Уравнение состояния идеального газа (Менделеева-Клапейрона)","0.95","средняя","missing_after_apply"
"176010","151102f9-6267-40f4-821e-95ada4089b99","92c499aa-3df6-4335-a036-24219b611408","Основное уравнение МКТ","0.95","средняя","missing_after_apply"
"177430","6e937a03-c43c-4a8f-9375-893a04f7fd6e","7f5b64d2-fed0-494b-b096-68508ddaec58","Сила тока, напряжение, сопротивление","0.95","лёгкая","missing_after_apply"
"64997","347a5c96-fac8-44bb-8fbb-9b7cbacf5fe5","019020c4-13bf-418c-b366-63bf09d42066","Электромагнитные колебания, колебательный контур","0.95","средняя","missing_after_apply"
"65373","4d6aaf3e-831e-4ffe-9269-b82266bb68b5","90ae48ff-fb53-42ab-bc93-a7d4b3dcffe0","Математический и пружинный маятник","0.95","средняя","missing_after_apply"
"23553","c5454042-85cf-4dcb-b64e-f44ea717bfb5","7f5b64d2-fed0-494b-b096-68508ddaec58","Сила тока, напряжение, сопротивление","0.95","лёгкая","missing_after_apply"
"16735","b817a974-e4f6-4860-a9cb-12c2fcc4d9ce","90ae48ff-fb53-42ab-bc93-a7d4b3dcffe0","Математический и пружинный маятник","0.95","лёгкая","missing_after_apply"
"117369","66073188-8444-47e3-b99f-5f398f89bda6","7f5b64d2-fed0-494b-b096-68508ddaec58","Сила тока, напряжение, сопротивление","0.95","средняя","missing_after_apply"
"22642","8f922a2c-8a6a-434b-aa52-6c919878e2b9","09e6c95c-cb15-4184-985c-193b3f790571","Закон Ома для полной цепи (ЭДС)","0.95","средняя","missing_after_apply"
"18394","19271745-80ce-418f-9ccc-224200a78dd6","09e6c95c-cb15-4184-985c-193b3f790571","Закон Ома для полной цепи (ЭДС)","0.95","средняя","missing_after_apply"
"84087","7d3cdd04-4471-43cb-9894-b01b409e92ac","8bbb5507-6364-4078-89d1-a423f766858f","Конденсаторы, электроёмкость","0.95","средняя","missing_after_apply"
"26342","b033d06e-fba5-4b69-a72f-3ec7e76829b3","8bbb5507-6364-4078-89d1-a423f766858f","Конденсаторы, электроёмкость","0.95","средняя","missing_after_apply"
"96876","fb747678-6787-4fc9-a7ea-732f8dc771ce","7f5b64d2-fed0-494b-b096-68508ddaec58","Сила тока, напряжение, сопротивление","0.95","средняя","missing_after_apply"
"16728","9611462e-44b2-4ca9-a0dd-fb085b685aa5","864f3bc5-4561-4b0c-8f5f-37d5716e8da7","Сила трения","0.95","лёгкая","missing_after_apply"
"59017","16f58953-571b-458d-83cf-2bfc8cf07cf5","90ae48ff-fb53-42ab-bc93-a7d4b3dcffe0","Математический и пружинный маятник","0.95","средняя","missing_after_apply"
"102177","52e61876-7b04-4c6f-bab8-a533b8b902fa","58d13f7e-0580-491e-9b7a-59facfa77b2a","Движение по наклонной плоскости","0.95","средняя","missing_after_apply"
"24191","57e2e8af-b9c3-48ea-9065-5af257cbdf1f","09e6c95c-cb15-4184-985c-193b3f790571","Закон Ома для полной цепи (ЭДС)","0.95","средняя","missing_after_apply"
"98133","847b7bcf-5427-4ab8-9c76-daa20ba224f1","864f3bc5-4561-4b0c-8f5f-37d5716e8da7","Сила трения","0.95","средняя","missing_after_apply"
"169698","346e601b-8c76-472c-8cda-c00cf5d0858d","a6a98484-26be-483d-a4a9-374b0fc40134","Работа и мощность тока, закон Джоуля-Ленца","0.95","средняя","missing_after_apply"
"166332","adb235d6-932c-43f8-85bb-232484a7307b","b2bac358-3fed-498b-89cf-29a3df32cd0a","Линзы, формула тонкой линзы","0.95","лёгкая","missing_after_apply"
"92498","80f5c4fc-8be0-4f0f-b7db-e2bdd0c7b768","90ae48ff-fb53-42ab-bc93-a7d4b3dcffe0","Математический и пружинный маятник","0.95","лёгкая","missing_after_apply"
"112699","b12dfa77-b8e0-40be-9b6a-4a72637ea5c1","864f3bc5-4561-4b0c-8f5f-37d5716e8da7","Сила трения","0.95","средняя","missing_after_apply"
"64495","7951c8ba-f74f-43c0-91d6-7fbdfe67c1f6","019020c4-13bf-418c-b366-63bf09d42066","Электромагнитные колебания, колебательный контур","0.95","средняя","missing_after_apply"
"97911","b2d66b46-a065-440e-bd76-fd39df097bf4","864f3bc5-4561-4b0c-8f5f-37d5716e8da7","Сила трения","0.95","средняя","missing_after_apply"
"120765","2f4826ca-1c6e-4c3f-95dc-fac4daf9e9e6","7f5b64d2-fed0-494b-b096-68508ddaec58","Сила тока, напряжение, сопротивление","0.95","лёгкая","missing_after_apply"
"126508","d6a67044-1b2d-4be4-a20d-de0f1fbdf1db","a6a98484-26be-483d-a4a9-374b0fc40134","Работа и мощность тока, закон Джоуля-Ленца","0.95","средняя","missing_after_apply"
"133219","ae0bb001-ab12-4dfe-b7fb-bc99f872d5bf","7f5b64d2-fed0-494b-b096-68508ddaec58","Сила тока, напряжение, сопротивление","0.95","лёгкая","missing_after_apply"
"59022","d1994459-5a97-4374-b59d-049e07b08cab","90ae48ff-fb53-42ab-bc93-a7d4b3dcffe0","Математический и пружинный маятник","0.95","средняя","missing_after_apply"
"135430","82512821-0822-4822-ae02-a5754a25de55","c919b5bc-ba38-4b5a-a766-cb5a7101838c","Дифракция, дифракционная решётка","0.95","средняя","missing_after_apply"
"104283","e3ba2096-0287-4112-bfb2-5adc9309a543","90ae48ff-fb53-42ab-bc93-a7d4b3dcffe0","Математический и пружинный маятник","0.95","средняя","missing_after_apply"
"125788","b03aaa43-33e3-4bdf-9267-92a595599f88","77f30a76-213f-4e80-b0dd-b296539dcaa3","Уравнение состояния идеального газа (Менделеева-Клапейрона)","0.95","средняя","missing_after_apply"
"130565","f86688a9-0875-41dd-b3fe-819b98aa4caa","81ff7bcf-312a-4e72-ac82-de97b383b6bf","Закон Архимеда, плавание тел","0.95","средняя","missing_after_apply"
"135548","16bd4ac0-0f1f-4a01-8268-37e12d761315","c919b5bc-ba38-4b5a-a766-cb5a7101838c","Дифракция, дифракционная решётка","0.95","средняя","missing_after_apply"
"136991","8578ce4c-6aea-4858-8e86-43d343144b4d","b62883d8-b923-4c11-809c-317c0eb233ad","Закон сохранения механической энергии","0.9","средняя","missing_after_apply"
"138843","13e8f694-fa3f-4650-a413-5088b8468265","3a3372ab-387c-4614-a852-42dade28c3b7","Изопроцессы","0.95","средняя","missing_after_apply"
"134305","4ac5d5df-78bc-44ce-8451-4f1f489403c5","a6a98484-26be-483d-a4a9-374b0fc40134","Работа и мощность тока, закон Джоуля-Ленца","0.95","средняя","missing_after_apply"
"139174","3998093e-ad5d-4ad1-9d4c-18d7e3996f10","282a35f4-efda-46c0-b9f4-73120001845d","Напряжённость электрического поля","0.95","средняя","missing_after_apply"
"138844","59981b28-3923-4e6d-b0fb-14742c154cd3","3a3372ab-387c-4614-a852-42dade28c3b7","Изопроцессы","0.95","лёгкая","missing_after_apply"
"163479","4f5d102f-f0be-406c-9236-e5cd15f8ec0f","90ae48ff-fb53-42ab-bc93-a7d4b3dcffe0","Математический и пружинный маятник","0.95","лёгкая","missing_after_apply"
"64972","03e86221-21d8-48bb-9fca-dd52ac3206fd","7f5b64d2-fed0-494b-b096-68508ddaec58","Сила тока, напряжение, сопротивление","0.95","лёгкая","missing_after_apply"
"39123","d6a53262-907a-4892-91ea-760db342895b","77f30a76-213f-4e80-b0dd-b296539dcaa3","Уравнение состояния идеального газа (Менделеева-Клапейрона)","0.95","средняя","missing_after_apply"
"97560","584d9ebe-9939-418a-a650-9b2fcf1e1501","90ae48ff-fb53-42ab-bc93-a7d4b3dcffe0","Математический и пружинный маятник","0.95","средняя","missing_after_apply"
"84983","baaa51ff-bf56-4b3a-a2fd-ed54f51228cb","7f5b64d2-fed0-494b-b096-68508ddaec58","Сила тока, напряжение, сопротивление","0.95","лёгкая","missing_after_apply"
"177345","7574af72-aaea-4558-9538-c1d4a8abbf19","09e6c95c-cb15-4184-985c-193b3f790571","Закон Ома для полной цепи (ЭДС)","0.95","средняя","missing_after_apply"
"18712","c6dc8878-6449-4e20-9aef-6b05959072fa","90ae48ff-fb53-42ab-bc93-a7d4b3dcffe0","Математический и пружинный маятник","0.95","средняя","missing_after_apply"
"95878","9c2ee7e7-9927-4333-9b31-be11bf8af2cc","81ff7bcf-312a-4e72-ac82-de97b383b6bf","Закон Архимеда, плавание тел","0.95","средняя","missing_after_apply"
"177487","1010d753-9d5e-4e94-826d-4a0d77c491b1","8bbb5507-6364-4078-89d1-a423f766858f","Конденсаторы, электроёмкость","0.95","средняя","missing_after_apply"
"84731","1b6d3d88-19b3-4c83-a313-cc0e8af521a4","3a3372ab-387c-4614-a852-42dade28c3b7","Изопроцессы","0.95","средняя","missing_after_apply"
"16730","c9ee09df-de1b-4027-8ebf-6dc602db2168","7f5b64d2-fed0-494b-b096-68508ddaec58","Сила тока, напряжение, сопротивление","0.95","лёгкая","missing_after_apply"
"115644","5b17107d-29fb-48f1-9263-a8ed28d83196","92c499aa-3df6-4335-a036-24219b611408","Основное уравнение МКТ","0.75","средняя","missing_after_apply"
"160049","0e25dde0-92a7-4ae7-8ff2-0defdd1e6e04","81ff7bcf-312a-4e72-ac82-de97b383b6bf","Закон Архимеда, плавание тел","0.95","лёгкая","missing_after_apply"
"27104","af42fa3e-b150-4ca8-8da8-e60c53864131","77f30a76-213f-4e80-b0dd-b296539dcaa3","Уравнение состояния идеального газа (Менделеева-Клапейрона)","0.95","средняя","missing_after_apply"
"96103","aeaf1b6e-8937-47a8-9cef-6368916b31c3","81ff7bcf-312a-4e72-ac82-de97b383b6bf","Закон Архимеда, плавание тел","0.95","лёгкая","missing_after_apply"
"166334","2e836e17-b0ed-4a41-b92f-a645b2145fb5","90ae48ff-fb53-42ab-bc93-a7d4b3dcffe0","Математический и пружинный маятник","0.95","средняя","missing_after_apply"
"16732","6721f8df-1080-4ec8-ad8d-e4722e331f22","58d13f7e-0580-491e-9b7a-59facfa77b2a","Движение по наклонной плоскости","0.95","средняя","missing_after_apply"
"139708","fb034dd8-742e-44a3-b656-c2e89e32525d","019020c4-13bf-418c-b366-63bf09d42066","Электромагнитные колебания, колебательный контур","0.95","средняя","missing_after_apply"
"59024","ed6dcac3-c567-4b79-bb5e-d33215b82aa3","71bce80a-2ea1-4de1-99f9-cb789b285b26","Теплопередача, количество теплоты","0.95","средняя","missing_after_apply"
"126665","185157bf-24e4-4c3f-bcd4-bd669e8a273b","a6a98484-26be-483d-a4a9-374b0fc40134","Работа и мощность тока, закон Джоуля-Ленца","0.95","средняя","missing_after_apply"
"59018","cf17970d-5e20-4281-be1b-74daed2ea450","81ff7bcf-312a-4e72-ac82-de97b383b6bf","Закон Архимеда, плавание тел","0.95","средняя","missing_after_apply"
"130463","ba06ac3f-3df4-42c3-b43f-513013ace1ca","81ff7bcf-312a-4e72-ac82-de97b383b6bf","Закон Архимеда, плавание тел","0.95","средняя","missing_after_apply"
"137290","d96d37c9-a65b-45b2-8544-bedea3002a91","90ae48ff-fb53-42ab-bc93-a7d4b3dcffe0","Математический и пружинный маятник","0.95","лёгкая","missing_after_apply"
"121357","8136d24f-072f-4a38-895a-1882e8fa5327","7f5b64d2-fed0-494b-b096-68508ddaec58","Сила тока, напряжение, сопротивление","0.95","средняя","missing_after_apply"
"141714","966934d0-6cf5-4721-9c14-97d42899d092","864f3bc5-4561-4b0c-8f5f-37d5716e8da7","Сила трения","0.95","средняя","missing_after_apply"
"132915","ed6bb94b-27c4-4bfd-b99b-14eccbc42495","7f5b64d2-fed0-494b-b096-68508ddaec58","Сила тока, напряжение, сопротивление","0.95","лёгкая","missing_after_apply"
"143474","5a1ee77d-0822-4fda-ac0d-f53e8626a059","864f3bc5-4561-4b0c-8f5f-37d5716e8da7","Сила трения","0.95","средняя","missing_after_apply"
"59020","d88714a3-9c64-4074-ad17-e514f477a54e","ffca6ba7-889d-4abe-8d92-e1e1d5ab1c49","Давление жидкости","0.95","средняя","missing_after_apply"
"139175","e2cc63e1-9c3a-4d58-b680-89e4c5cc63a2","282a35f4-efda-46c0-b9f4-73120001845d","Напряжённость электрического поля","0.95","средняя","missing_after_apply"
"155769","5028096a-0e65-49b6-8ac9-b5500c50698d","898671a3-5724-42b5-b555-8430582a2ead","Механические волны, звук","0.95","средняя","missing_after_apply"
"28076","ef69c276-f55e-4696-8d77-726cabcc4204","77f30a76-213f-4e80-b0dd-b296539dcaa3","Уравнение состояния идеального газа (Менделеева-Клапейрона)","0.95","средняя","missing_after_apply"
"178858","ef5d1fec-5283-4a5b-9375-482f2f9a5a97","7f5b64d2-fed0-494b-b096-68508ddaec58","Сила тока, напряжение, сопротивление","0.95","лёгкая","missing_after_apply"
"183299","5e144ad8-d235-42c8-9c2f-4aa874c9e85f","77f30a76-213f-4e80-b0dd-b296539dcaa3","Уравнение состояния идеального газа (Менделеева-Клапейрона)","0.95","средняя","missing_after_apply"
"97763","30f5c2d9-1690-4014-a84d-efe14c487c81","90ae48ff-fb53-42ab-bc93-a7d4b3dcffe0","Математический и пружинный маятник","0.95","средняя","missing_after_apply"
"96025","3518056c-fbd3-4205-85d2-6bb388b712f1","81ff7bcf-312a-4e72-ac82-de97b383b6bf","Закон Архимеда, плавание тел","0.95","средняя","missing_after_apply"
"138624","750577c0-a4e8-4fa6-9b61-606f75346155","a6a98484-26be-483d-a4a9-374b0fc40134","Работа и мощность тока, закон Джоуля-Ленца","0.95","лёгкая","missing_after_apply"
"96194","7c16a567-a7fb-4c6d-81ae-5fc7bb27dfd3","81ff7bcf-312a-4e72-ac82-de97b383b6bf","Закон Архимеда, плавание тел","0.95","лёгкая","missing_after_apply"
"59019","bcc4628b-0c40-4681-9baa-78d79c1626ec","71bce80a-2ea1-4de1-99f9-cb789b285b26","Теплопередача, количество теплоты","0.95","средняя","missing_after_apply"
"137289","34f8fa02-4f52-47fa-b27a-070b2c147103","90ae48ff-fb53-42ab-bc93-a7d4b3dcffe0","Математический и пружинный маятник","0.95","лёгкая","missing_after_apply"
"121897","37c76f07-08c3-4bab-9ffb-24717c0b474f","09e6c95c-cb15-4184-985c-193b3f790571","Закон Ома для полной цепи (ЭДС)","0.95","средняя","missing_after_apply"
"94472","6a86c980-04e2-48eb-9ca4-704196ce84fd","864f3bc5-4561-4b0c-8f5f-37d5716e8da7","Сила трения","0.95","лёгкая","missing_after_apply"
"94363","c354b0ff-d572-46b2-8b8c-b2a4c31ed8ce","864f3bc5-4561-4b0c-8f5f-37d5716e8da7","Сила трения","0.95","лёгкая","missing_after_apply"
"160941","3b369d1b-1e75-4cf5-8578-ae31de5c9ee1","77f30a76-213f-4e80-b0dd-b296539dcaa3","Уравнение состояния идеального газа (Менделеева-Клапейрона)","0.95","средняя","missing_after_apply"
"16727","c5ab28d3-46c1-4ed9-a388-6ba53d18d66c","81ff7bcf-312a-4e72-ac82-de97b383b6bf","Закон Архимеда, плавание тел","0.95","средняя","missing_after_apply"
"92334","bf563619-356a-4b51-9203-feddca2f80de","90ae48ff-fb53-42ab-bc93-a7d4b3dcffe0","Математический и пружинный маятник","0.95","средняя","missing_after_apply"
"102208","3d8ecaa6-d9d0-4425-9ff7-2b4735aaff49","019020c4-13bf-418c-b366-63bf09d42066","Электромагнитные колебания, колебательный контур","0.95","средняя","missing_after_apply"
"138190","9b373539-ca93-46d6-a662-4af08aedbe15","90ae48ff-fb53-42ab-bc93-a7d4b3dcffe0","Математический и пружинный маятник","0.75","средняя","missing_after_apply"
"143773","fafeca78-8783-46f7-bc33-4b4ffdb32190","a6a98484-26be-483d-a4a9-374b0fc40134","Работа и мощность тока, закон Джоуля-Ленца","0.95","средняя","missing_after_apply"
"132479","884cb6b6-7752-47af-8e10-68acd2734328","864f3bc5-4561-4b0c-8f5f-37d5716e8da7","Сила трения","0.95","средняя","missing_after_apply"
"114763","1cf975d1-e358-429c-8ac6-3d24891eeb9b","90ae48ff-fb53-42ab-bc93-a7d4b3dcffe0","Математический и пружинный маятник","0.95","лёгкая","missing_after_apply"
"163394","e5fdac13-cbb1-4f67-b759-85b2b95c2a6b","90ae48ff-fb53-42ab-bc93-a7d4b3dcffe0","Математический и пружинный маятник","0.95","лёгкая","missing_after_apply"
"102999","15f39c33-2211-44a9-8a96-a53dab897817","90ae48ff-fb53-42ab-bc93-a7d4b3dcffe0","Математический и пружинный маятник","0.95","средняя","missing_after_apply"
"126763","cb252d84-1108-4865-a686-a1dfd9eeda5f","57740562-f95c-4563-b3b2-bc1424428ee8","Работа газа в термодинамике","0.95","средняя","missing_after_apply"
"34588","015b1b18-de3b-424b-8a70-9b4eb0830227","63286143-8bd2-4207-abf6-a0633f570716","Агрегатные переходы (плавление, парообразование)","0.95","средняя","missing_after_apply"
"103092","cc09b0df-bc87-4861-8c82-f762841c04b5","63286143-8bd2-4207-abf6-a0633f570716","Агрегатные переходы (плавление, парообразование)","0.95","лёгкая","missing_after_apply"
"39103","b15825e7-7e10-4a9e-a082-351d42bb6a0f","f56de6c4-8ede-4e26-a7ce-ac3c09e4a8b5","Первый закон термодинамики","0.95","лёгкая","missing_after_apply"
"96713","3a377cc1-c960-4f92-9e4c-45ff1cd2de6a","f56de6c4-8ede-4e26-a7ce-ac3c09e4a8b5","Первый закон термодинамики","0.95","лёгкая","missing_after_apply"
"159030","6771e3ef-437c-4a3d-b85c-aaae3124fbea","57740562-f95c-4563-b3b2-bc1424428ee8","Работа газа в термодинамике","0.95","средняя","missing_after_apply"
"94734","51009d08-8f0b-4a89-ac99-772381115fc7","ab5b8a4a-72f7-46e0-8324-e3b84c92ea67","Тепловые машины, КПД","0.95","лёгкая","missing_after_apply"
"96918","0f4eaa53-891b-456a-b695-84f779496725","f56de6c4-8ede-4e26-a7ce-ac3c09e4a8b5","Первый закон термодинамики","0.95","лёгкая","missing_after_apply"
"126458","c6fda5b6-af94-458f-a4e2-cdeab4ad7cd2","63286143-8bd2-4207-abf6-a0633f570716","Агрегатные переходы (плавление, парообразование)","0.95","лёгкая","missing_after_apply"
"133164","2f859911-eb9e-423d-9309-5c484b83a0b6","ab5b8a4a-72f7-46e0-8324-e3b84c92ea67","Тепловые машины, КПД","0.95","средняя","missing_after_apply"
"102720","d94d5053-7c8f-4d7f-8121-64f22bc25c59","63286143-8bd2-4207-abf6-a0633f570716","Агрегатные переходы (плавление, парообразование)","0.95","средняя","missing_after_apply"
"177367","ca934041-3a6c-41a5-af14-433248c4cc76","ab5b8a4a-72f7-46e0-8324-e3b84c92ea67","Тепловые машины, КПД","0.95","лёгкая","missing_after_apply"
"103121","f934366c-171e-4ef2-b5b8-2f7e3cacc89b","63286143-8bd2-4207-abf6-a0633f570716","Агрегатные переходы (плавление, парообразование)","0.95","средняя","missing_after_apply"
"11259","0f3e13dd-a1b7-44ad-8ead-e5d783ea0a11","71bce80a-2ea1-4de1-99f9-cb789b285b26","Теплопередача, количество теплоты","0.95","лёгкая","missing_after_apply"
"103362","d82dd9ff-8eb3-42db-a3e4-d16d8e9ec9b3","ab5b8a4a-72f7-46e0-8324-e3b84c92ea67","Тепловые машины, КПД","0.95","лёгкая","missing_after_apply"
"96094","e552b97a-3ab9-418d-9772-3f2f15074e33","ab5b8a4a-72f7-46e0-8324-e3b84c92ea67","Тепловые машины, КПД","0.95","средняя","missing_after_apply"
"103091","3be63e8e-4288-4a70-af1c-11df2d3a1fca","ab5b8a4a-72f7-46e0-8324-e3b84c92ea67","Тепловые машины, КПД","0.95","лёгкая","missing_after_apply"
"160118","6683c655-962d-429f-b9a6-6cd3a41f3f03","ab5b8a4a-72f7-46e0-8324-e3b84c92ea67","Тепловые машины, КПД","0.95","средняя","missing_after_apply"
"64983","da5b3715-b907-4a12-8406-aaa66d303691","71bce80a-2ea1-4de1-99f9-cb789b285b26","Теплопередача, количество теплоты","0.95","лёгкая","missing_after_apply"
"103096","791aca38-9853-448e-8330-751807db005b","ab5b8a4a-72f7-46e0-8324-e3b84c92ea67","Тепловые машины, КПД","0.95","лёгкая","missing_after_apply"
"103095","697fa333-a487-4578-bd88-f9304c5fa3c8","71bce80a-2ea1-4de1-99f9-cb789b285b26","Теплопередача, количество теплоты","0.95","лёгкая","missing_after_apply"
"168645","da3457ff-1f6a-4467-ba00-dde64978b0cd","57740562-f95c-4563-b3b2-bc1424428ee8","Работа газа в термодинамике","0.95","средняя","missing_after_apply"
"11233","ae3596f9-a241-4224-be3c-f7439fd7127c","ab5b8a4a-72f7-46e0-8324-e3b84c92ea67","Тепловые машины, КПД","0.95","средняя","missing_after_apply"
"96819","48e1b686-e1bb-4752-9413-749da8e402c0","f56de6c4-8ede-4e26-a7ce-ac3c09e4a8b5","Первый закон термодинамики","0.95","средняя","missing_after_apply"
"136698","3764a966-79b7-436b-ac21-055eb372f9c0","57740562-f95c-4563-b3b2-bc1424428ee8","Работа газа в термодинамике","0.95","средняя","missing_after_apply"
"93786","fbaa705d-80d6-4c24-8e54-12bb7cd90131","71bce80a-2ea1-4de1-99f9-cb789b285b26","Теплопередача, количество теплоты","0.95","лёгкая","missing_after_apply"
"94353","a66986ae-0ddd-4aee-b5be-0682fe40f3a9","f56de6c4-8ede-4e26-a7ce-ac3c09e4a8b5","Первый закон термодинамики","0.95","средняя","missing_after_apply"
"102040","d9e31ad5-b299-4d9f-9f48-3b05d0de2ded","63286143-8bd2-4207-abf6-a0633f570716","Агрегатные переходы (плавление, парообразование)","0.95","лёгкая","missing_after_apply"
"11258","033a06fd-5b7d-442a-bed4-e781319aa580","63286143-8bd2-4207-abf6-a0633f570716","Агрегатные переходы (плавление, парообразование)","0.95","средняя","missing_after_apply"
"92326","abad72a4-cb5a-44f1-bf47-3da13dcd704f","ab5b8a4a-72f7-46e0-8324-e3b84c92ea67","Тепловые машины, КПД","0.95","лёгкая","missing_after_apply"
"169649","dbec1ab8-c549-4c18-a81d-60337cfbc80a","f56de6c4-8ede-4e26-a7ce-ac3c09e4a8b5","Первый закон термодинамики","0.95","средняя","missing_after_apply"
"106688","464d564e-e802-474b-b36f-4291a921414b","57740562-f95c-4563-b3b2-bc1424428ee8","Работа газа в термодинамике","0.95","средняя","missing_after_apply"
"177446","3ab75f79-abca-427e-9432-5de20af9c229","ab5b8a4a-72f7-46e0-8324-e3b84c92ea67","Тепловые машины, КПД","0.95","средняя","missing_after_apply"
"34587","fd14c0cf-b694-47d8-b73d-db6c58a0a196","f56de6c4-8ede-4e26-a7ce-ac3c09e4a8b5","Первый закон термодинамики","0.95","средняя","missing_after_apply"
"104247","a3496632-0e37-4434-8d4e-fc6fdf207977","57740562-f95c-4563-b3b2-bc1424428ee8","Работа газа в термодинамике","0.95","средняя","missing_after_apply"
"130523","3c653f38-0a2e-454a-8275-24245e353def","ab5b8a4a-72f7-46e0-8324-e3b84c92ea67","Тепловые машины, КПД","0.95","средняя","missing_after_apply"
"103094","5ba3ddff-903f-4cdc-b0e0-e36a27a3f282","63286143-8bd2-4207-abf6-a0633f570716","Агрегатные переходы (плавление, парообразование)","0.95","лёгкая","missing_after_apply"
"96550","acbb6f45-36ac-47f1-b6f4-5138866ebb2c","71bce80a-2ea1-4de1-99f9-cb789b285b26","Теплопередача, количество теплоты","0.95","средняя","missing_after_apply"
"93785","a5a30d78-4375-44f8-8197-f022f4f3b1ad","5ee4e31f-8b00-45ef-a1aa-607856809c83","Графики изопроцессов","0.95","средняя","missing_after_apply"
"126647","6b997111-608b-4b1a-a458-158d9aa805d1","63286143-8bd2-4207-abf6-a0633f570716","Агрегатные переходы (плавление, парообразование)","0.95","лёгкая","missing_after_apply"
"135332","77ba1cee-8310-4f76-8183-1428ab2eb6ba","71bce80a-2ea1-4de1-99f9-cb789b285b26","Теплопередача, количество теплоты","0.95","средняя","missing_after_apply"
"130412","39080358-e9d8-45b5-97c0-a80acfd5bbaf","ab5b8a4a-72f7-46e0-8324-e3b84c92ea67","Тепловые машины, КПД","0.95","средняя","missing_after_apply"
"132871","896846d8-28b5-41dd-a335-c1d41ba5a696","f56de6c4-8ede-4e26-a7ce-ac3c09e4a8b5","Первый закон термодинамики","0.95","средняя","missing_after_apply"
"138694","030da842-b444-40ee-ab60-3c8b53c85d8f","f56de6c4-8ede-4e26-a7ce-ac3c09e4a8b5","Первый закон термодинамики","0.95","средняя","missing_after_apply"
"135531","7cda7ef6-8dcc-426b-96c5-a23d9227a704","71bce80a-2ea1-4de1-99f9-cb789b285b26","Теплопередача, количество теплоты","0.95","средняя","missing_after_apply"
"134166","49432ef9-acca-4dba-bc6f-26d7df83328b","f56de6c4-8ede-4e26-a7ce-ac3c09e4a8b5","Первый закон термодинамики","0.95","лёгкая","missing_after_apply"
"138693","b472e4e6-6212-4e6a-bf47-59c00407094d","f56de6c4-8ede-4e26-a7ce-ac3c09e4a8b5","Первый закон термодинамики","0.95","средняя","missing_after_apply"
"121345","d527c046-9c8b-4562-90f5-1c4d781094e2","f56de6c4-8ede-4e26-a7ce-ac3c09e4a8b5","Первый закон термодинамики","0.95","лёгкая","missing_after_apply"
"136952","aeecc0eb-2ed9-423a-a5e7-03cfee16d7ed","f56de6c4-8ede-4e26-a7ce-ac3c09e4a8b5","Первый закон термодинамики","0.95","лёгкая","missing_after_apply"
"137541","cb5cbdcb-be17-495d-ab2d-ec6ab6ae6baa","57740562-f95c-4563-b3b2-bc1424428ee8","Работа газа в термодинамике","0.95","средняя","missing_after_apply"
"136484","a489be96-41f0-4926-9019-ed52bacc8fad","57740562-f95c-4563-b3b2-bc1424428ee8","Работа газа в термодинамике","0.9","средняя","missing_after_apply"
"137064","ef36dff2-41ba-4689-9973-cc5aee3d6bce","71bce80a-2ea1-4de1-99f9-cb789b285b26","Теплопередача, количество теплоты","0.95","средняя","missing_after_apply"
"138845","9da992f4-75be-4094-9414-2351724ba60e","f56de6c4-8ede-4e26-a7ce-ac3c09e4a8b5","Первый закон термодинамики","0.95","средняя","missing_after_apply"
"139109","a8e40bd0-6e96-4675-9094-f95927042839","5ee4e31f-8b00-45ef-a1aa-607856809c83","Графики изопроцессов","0.95","средняя","missing_after_apply"
"136194","fcc81a86-32dc-4ee0-a09d-56deb34bdc29","71bce80a-2ea1-4de1-99f9-cb789b285b26","Теплопередача, количество теплоты","0.95","лёгкая","missing_after_apply"
"139070","c990b70c-96c6-4027-8df3-b25dd736a148","ab5b8a4a-72f7-46e0-8324-e3b84c92ea67","Тепловые машины, КПД","0.95","средняя","missing_after_apply"
"139627","950dad18-9083-4a08-b920-3413160274cd","63286143-8bd2-4207-abf6-a0633f570716","Агрегатные переходы (плавление, парообразование)","0.95","средняя","missing_after_apply"
"137057","d2b6ab38-8eae-4876-9789-d17bf9d0dbc7","ab5b8a4a-72f7-46e0-8324-e3b84c92ea67","Тепловые машины, КПД","0.95","средняя","missing_after_apply"
"139167","99f4820d-9a45-4418-a3b6-81b6179b8a19","77f30a76-213f-4e80-b0dd-b296539dcaa3","Уравнение состояния идеального газа (Менделеева-Клапейрона)","0.95","средняя","missing_after_apply"
"141692","36e031f2-c98a-4aad-9b88-939920e92c98","f56de6c4-8ede-4e26-a7ce-ac3c09e4a8b5","Первый закон термодинамики","0.95","средняя","missing_after_apply"
"138891","44765d72-91e8-4acd-81e0-519209516795","ab5b8a4a-72f7-46e0-8324-e3b84c92ea67","Тепловые машины, КПД","0.95","средняя","missing_after_apply"
"139628","ceed3471-6e28-4da7-bd0f-0e06f014b7d0","ab5b8a4a-72f7-46e0-8324-e3b84c92ea67","Тепловые машины, КПД","0.95","средняя","missing_after_apply"
"139071","53c15f33-ea9e-4ef5-b57d-e41c6a4e1d03","71ace6ec-c281-4894-9ac9-69e0abe13228","Кинетическая и потенциальная энергия","0.95","средняя","missing_after_apply"
"143769","9ed37f27-58ce-4c91-88e4-066aa0b04095","f56de6c4-8ede-4e26-a7ce-ac3c09e4a8b5","Первый закон термодинамики","0.95","лёгкая","missing_after_apply"
"143858","7b376bb8-219f-4a9a-b08e-93b73f398570","5ee4e31f-8b00-45ef-a1aa-607856809c83","Графики изопроцессов","0.95","средняя","missing_after_apply"
"139072","a783ba55-cef1-4b8a-8bf4-b19e8400df8b","71ace6ec-c281-4894-9ac9-69e0abe13228","Кинетическая и потенциальная энергия","0.95","средняя","missing_after_apply"
"139629","8169ccc5-be79-4579-ad33-bbe0578e4588","ab5b8a4a-72f7-46e0-8324-e3b84c92ea67","Тепловые машины, КПД","0.95","лёгкая","missing_after_apply"
"155609","1ccd488b-b1de-48e3-bbd9-b37f531dceef","f56de6c4-8ede-4e26-a7ce-ac3c09e4a8b5","Первый закон термодинамики","0.95","лёгкая","missing_after_apply"
"139626","1ea87d2a-ec92-47af-bb3a-e70d0e2e0a93","63286143-8bd2-4207-abf6-a0633f570716","Агрегатные переходы (плавление, парообразование)","0.95","средняя","missing_after_apply"
"141691","0d922466-f167-4a0d-8c79-f17b6d3f93a6","ab5b8a4a-72f7-46e0-8324-e3b84c92ea67","Тепловые машины, КПД","0.95","лёгкая","missing_after_apply"
"146770","8ecbe118-dc40-4c29-9a34-4fad0c15f3c0","57740562-f95c-4563-b3b2-bc1424428ee8","Работа газа в термодинамике","0.95","средняя","missing_after_apply"
"143448","f0adf877-d08d-429a-a45f-3dcdd298a51b","57740562-f95c-4563-b3b2-bc1424428ee8","Работа газа в термодинамике","0.95","средняя","missing_after_apply"
"96187","c9b42ee2-5b87-4045-9ec8-d509106cd169","ab5b8a4a-72f7-46e0-8324-e3b84c92ea67","Тепловые машины, КПД","0.95","лёгкая","missing_after_apply"
"96014","03a7e89a-a5ff-46fd-a419-b30c21784291","71bce80a-2ea1-4de1-99f9-cb789b285b26","Теплопередача, количество теплоты","0.95","лёгкая","missing_after_apply"
"97900","d5450863-7176-4433-9800-b5550e8d1989","ab5b8a4a-72f7-46e0-8324-e3b84c92ea67","Тепловые машины, КПД","0.95","средняя","missing_after_apply"
"65360","cd17f33f-862b-463e-9374-3ffe4a310275","71bce80a-2ea1-4de1-99f9-cb789b285b26","Теплопередача, количество теплоты","0.95","лёгкая","missing_after_apply"
"161210","668a2ca8-0025-434b-8434-94bd2b8f010c","f56de6c4-8ede-4e26-a7ce-ac3c09e4a8b5","Первый закон термодинамики","0.95","средняя","missing_after_apply"
"115443","ce195582-abbe-454c-99a5-cbec7226430e","63286143-8bd2-4207-abf6-a0633f570716","Агрегатные переходы (плавление, парообразование)","0.95","лёгкая","missing_after_apply"
"11297","4151f2b5-44a5-40e2-9421-d7960aac3d98","63286143-8bd2-4207-abf6-a0633f570716","Агрегатные переходы (плавление, парообразование)","0.95","средняя","missing_after_apply"
"12430","56f64316-4227-48fd-b08f-d45c2ae2fa51","f56de6c4-8ede-4e26-a7ce-ac3c09e4a8b5","Первый закон термодинамики","0.95","средняя","missing_after_apply"
"136854","2e644f4a-b49e-40da-bf91-8f697eb682c0","f56de6c4-8ede-4e26-a7ce-ac3c09e4a8b5","Первый закон термодинамики","0.95","лёгкая","missing_after_apply"
"94933","01fe7701-7100-4278-ad1d-3b60fe4f6055","ab5b8a4a-72f7-46e0-8324-e3b84c92ea67","Тепловые машины, КПД","0.95","средняя","missing_after_apply"
"134180","48535443-20b9-4e3d-b523-07f6b884e777","71bce80a-2ea1-4de1-99f9-cb789b285b26","Теплопередача, количество теплоты","0.95","лёгкая","missing_after_apply"
"130849","88faea96-ba87-41da-9cc8-c3f54b5bbe0b","71bce80a-2ea1-4de1-99f9-cb789b285b26","Теплопередача, количество теплоты","0.95","средняя","missing_after_apply"
"139163","28e00279-d892-4e85-bcdf-6fca16ee614f","92c499aa-3df6-4335-a036-24219b611408","Основное уравнение МКТ","0.95","средняя","missing_after_apply"
"132872","603703d7-4c76-47af-a455-5e85ef484dc8","ab5b8a4a-72f7-46e0-8324-e3b84c92ea67","Тепловые машины, КПД","0.95","средняя","missing_after_apply"
"137061","d7040ac1-a826-43ac-a80f-3b275fea5d5f","71bce80a-2ea1-4de1-99f9-cb789b285b26","Теплопередача, количество теплоты","0.95","лёгкая","missing_after_apply"
"138698","89633559-cdb3-496c-96cd-f25184e4404f","71bce80a-2ea1-4de1-99f9-cb789b285b26","Теплопередача, количество теплоты","0.95","средняя","missing_after_apply"
"139068","aa585c77-2880-4733-8800-9bf8799fbf47","ab5b8a4a-72f7-46e0-8324-e3b84c92ea67","Тепловые машины, КПД","0.95","средняя","missing_after_apply"
"143447","4c7481c0-7f8f-42ec-953c-6b72c463397c","ab5b8a4a-72f7-46e0-8324-e3b84c92ea67","Тепловые машины, КПД","0.95","лёгкая","missing_after_apply"
"138696","832c14c5-04de-4909-b6e0-0c635a84992f","71bce80a-2ea1-4de1-99f9-cb789b285b26","Теплопередача, количество теплоты","0.95","средняя","missing_after_apply"
"94012","ffe47737-1254-44a6-8be5-8f5e4ee2a011","71bce80a-2ea1-4de1-99f9-cb789b285b26","Теплопередача, количество теплоты","0.95","лёгкая","missing_after_apply"
"11254","60e26330-c1c2-408e-9b9e-b729b53e791a","63286143-8bd2-4207-abf6-a0633f570716","Агрегатные переходы (плавление, парообразование)","0.95","средняя","missing_after_apply"
"91450","633f6d2c-8841-4df7-888a-83e3d2c447a8","ab5b8a4a-72f7-46e0-8324-e3b84c92ea67","Тепловые машины, КПД","0.95","лёгкая","missing_after_apply"
"84271","4e5e7b1d-deee-4291-8eaa-4259fc995db2","f56de6c4-8ede-4e26-a7ce-ac3c09e4a8b5","Первый закон термодинамики","0.95","средняя","missing_after_apply"
"39101","0aac8282-f7b7-4a35-b301-48c86a4f6e0a","71bce80a-2ea1-4de1-99f9-cb789b285b26","Теплопередача, количество теплоты","0.95","лёгкая","missing_after_apply"
"120739","9009c5d9-2e5c-4689-b283-bc64e5c22a99","f56de6c4-8ede-4e26-a7ce-ac3c09e4a8b5","Первый закон термодинамики","0.95","лёгкая","missing_after_apply"
"91578","280c1aa8-1d58-4708-9e92-94dabdab9888","ab5b8a4a-72f7-46e0-8324-e3b84c92ea67","Тепловые машины, КПД","0.95","лёгкая","missing_after_apply"
"104246","3452bba7-7de5-43d1-b5d3-29ff668b4394","57740562-f95c-4563-b3b2-bc1424428ee8","Работа газа в термодинамике","0.95","средняя","missing_after_apply"
"92491","f72d938e-2038-42bc-9342-b678c5bf85f6","ab5b8a4a-72f7-46e0-8324-e3b84c92ea67","Тепловые машины, КПД","0.95","средняя","missing_after_apply"
"141125","43dd77ff-ee5a-4f34-989f-b7011a251539","ab5b8a4a-72f7-46e0-8324-e3b84c92ea67","Тепловые машины, КПД","0.95","средняя","missing_after_apply"
"92296","14356281-9621-4dd1-a2d8-142bb72147c5","63286143-8bd2-4207-abf6-a0633f570716","Агрегатные переходы (плавление, парообразование)","0.95","средняя","missing_after_apply"
"103124","96dd553f-d089-4ebe-b4c3-141417a8af5f","71bce80a-2ea1-4de1-99f9-cb789b285b26","Теплопередача, количество теплоты","0.95","лёгкая","missing_after_apply"
"95509","066dffa9-ecd1-48c9-8724-36290a928417","71bce80a-2ea1-4de1-99f9-cb789b285b26","Теплопередача, количество теплоты","0.95","лёгкая","missing_after_apply"
"132430","0bdfe6f4-5727-4794-b4ef-025b65b63b6f","71bce80a-2ea1-4de1-99f9-cb789b285b26","Теплопередача, количество теплоты","0.95","средняя","missing_after_apply"
"91984","3e8f0a94-3501-4139-8106-407834e2fc37","63286143-8bd2-4207-abf6-a0633f570716","Агрегатные переходы (плавление, парообразование)","0.95","средняя","missing_after_apply"
"158782","8befe78b-01cb-48a9-b3ea-4d41db156209","57740562-f95c-4563-b3b2-bc1424428ee8","Работа газа в термодинамике","0.95","средняя","missing_after_apply"
"103093","472991be-2c66-49fa-9c07-aa46e5da476f","f56de6c4-8ede-4e26-a7ce-ac3c09e4a8b5","Первый закон термодинамики","0.95","средняя","missing_after_apply"
"178844","0db9599b-b8d8-4ffa-854a-66356c78d03f","ab5b8a4a-72f7-46e0-8324-e3b84c92ea67","Тепловые машины, КПД","0.95","лёгкая","missing_after_apply"
"185822","015d1847-04d1-4c8f-b0f1-91025b50af52","71bce80a-2ea1-4de1-99f9-cb789b285b26","Теплопередача, количество теплоты","0.95","лёгкая","missing_after_apply"
"158956","04c08257-c858-4e69-b89f-86294e2722e5","57740562-f95c-4563-b3b2-bc1424428ee8","Работа газа в термодинамике","0.95","средняя","missing_after_apply"
"29296","b0c96256-c56b-43b1-a0d9-e3fed8851a11","f56de6c4-8ede-4e26-a7ce-ac3c09e4a8b5","Первый закон термодинамики","0.95","средняя","missing_after_apply"
"177732","1382809b-125e-4187-84c4-76b69f33ba34","f56de6c4-8ede-4e26-a7ce-ac3c09e4a8b5","Первый закон термодинамики","0.95","средняя","missing_after_apply"
"131306","347e7738-4236-4ab8-8655-1eae78c7a7df","3a3372ab-387c-4614-a852-42dade28c3b7","Изопроцессы","0.95","средняя","missing_after_apply"
"130851","052cffcb-8488-4e7b-8d73-9ebc20f2c192","f56de6c4-8ede-4e26-a7ce-ac3c09e4a8b5","Первый закон термодинамики","0.95","средняя","missing_after_apply"
"155750","d0588fc2-24e6-4f19-b293-ed52acacf6d0","f56de6c4-8ede-4e26-a7ce-ac3c09e4a8b5","Первый закон термодинамики","0.95","лёгкая","missing_after_apply"
"132431","f5f81cb3-59f5-4272-b17c-9ab94afb8265","f56de6c4-8ede-4e26-a7ce-ac3c09e4a8b5","Первый закон термодинамики","0.95","средняя","missing_after_apply"
"137059","9bbaed5e-67ff-4702-8f54-2cd610e19e95","ab5b8a4a-72f7-46e0-8324-e3b84c92ea67","Тепловые машины, КПД","0.95","средняя","missing_after_apply"
"117350","7db6491f-ab7b-4f32-8cff-866fea64d316","71ace6ec-c281-4894-9ac9-69e0abe13228","Кинетическая и потенциальная энергия","0.95","лёгкая","missing_after_apply"
"135464","9c7f0890-63b3-4df2-b16c-f6bf457daee8","662add6c-6ad6-4a05-b2e6-de8b7b4452fc","Работа и мощность","0.95","средняя","missing_after_apply"
"12853","6174e552-8fa8-4d74-b080-d12575b7a991","b62883d8-b923-4c11-809c-317c0eb233ad","Закон сохранения механической энергии","0.95","лёгкая","missing_after_apply"
"94731","fe53d666-a6db-4fad-803f-1cfcebe83746","71ace6ec-c281-4894-9ac9-69e0abe13228","Кинетическая и потенциальная энергия","0.95","лёгкая","missing_after_apply"
"84713","a9790795-3e9e-499e-9e13-db926340575e","b62883d8-b923-4c11-809c-317c0eb233ad","Закон сохранения механической энергии","0.95","лёгкая","missing_after_apply"
"96545","1cb77f67-4deb-4401-81ab-11d2f2b13c63","e369dffe-6559-4954-8050-8d41d1e6b84e","Центр тяжести","0.95","лёгкая","missing_after_apply"
"102941","1786fad3-8121-40bd-b8a8-f0201ddf17a4","b62883d8-b923-4c11-809c-317c0eb233ad","Закон сохранения механической энергии","0.95","лёгкая","missing_after_apply"
"102713","ec1d21e2-1357-4a7c-883b-5a5455134ff1","71ace6ec-c281-4894-9ac9-69e0abe13228","Кинетическая и потенциальная энергия","0.95","лёгкая","missing_after_apply"
"96706","d1426ad9-621d-4d2f-93b6-574d7bb0ad20","77baf1e0-84d8-4933-b4d4-c520df7559a1","Импульс, закон сохранения импульса","0.95","лёгкая","missing_after_apply"
"92320","3d42035e-d938-4be2-92b6-b830aa24aa2c","b62883d8-b923-4c11-809c-317c0eb233ad","Закон сохранения механической энергии","0.95","средняя","missing_after_apply"
"158951","eb725cde-bcba-4b6a-80b8-d73f7ac696d4","77baf1e0-84d8-4933-b4d4-c520df7559a1","Импульс, закон сохранения импульса","0.95","средняя","missing_after_apply"
"102423","e7dab2ac-ade0-473c-bd51-3ce2e30b2289","77baf1e0-84d8-4933-b4d4-c520df7559a1","Импульс, закон сохранения импульса","0.95","средняя","missing_after_apply"
"12817","52f8ebdf-21c0-45b2-8533-ea2fe65fefdc","77baf1e0-84d8-4933-b4d4-c520df7559a1","Импульс, закон сохранения импульса","0.95","средняя","missing_after_apply"
"12812","7da0a11c-55df-4726-8686-08b876776943","77baf1e0-84d8-4933-b4d4-c520df7559a1","Импульс, закон сохранения импульса","0.95","средняя","missing_after_apply"
"91575","e80b39d5-38b3-4584-bb05-a251492eecfa","77baf1e0-84d8-4933-b4d4-c520df7559a1","Импульс, закон сохранения импульса","0.95","лёгкая","missing_after_apply"
"158777","cb6ce80e-bcbb-43ac-9d39-3981052e0650","77baf1e0-84d8-4933-b4d4-c520df7559a1","Импульс, закон сохранения импульса","0.95","средняя","missing_after_apply"
"102943","84e53c7d-bf74-4544-9bfb-2be718334e6c","77baf1e0-84d8-4933-b4d4-c520df7559a1","Импульс, закон сохранения импульса","0.95","средняя","missing_after_apply"
"12816","9e7ac818-a847-4157-829f-65adfcd10459","77baf1e0-84d8-4933-b4d4-c520df7559a1","Импульс, закон сохранения импульса","0.95","средняя","missing_after_apply"
"12810","1d9dce93-4011-4982-a461-e929a71e375f","77baf1e0-84d8-4933-b4d4-c520df7559a1","Импульс, закон сохранения импульса","0.95","средняя","missing_after_apply"
"12822","24078d1d-2762-4ded-aba2-47c87ff66760","77baf1e0-84d8-4933-b4d4-c520df7559a1","Импульс, закон сохранения импульса","0.95","лёгкая","missing_after_apply"
"183310","99063249-1736-4460-9161-28069b2314c7","77baf1e0-84d8-4933-b4d4-c520df7559a1","Импульс, закон сохранения импульса","0.95","лёгкая","missing_after_apply"
"94207","9a9d2702-aac0-4fe8-8956-2aa866f513de","b62883d8-b923-4c11-809c-317c0eb233ad","Закон сохранения механической энергии","0.95","лёгкая","missing_after_apply"
"175997","4d84caab-4da4-4afa-87d9-9c3d415ad814","77baf1e0-84d8-4933-b4d4-c520df7559a1","Импульс, закон сохранения импульса","0.95","лёгкая","missing_after_apply"
"65068","858254b4-6d06-4357-aaf9-4833e72a53de","77baf1e0-84d8-4933-b4d4-c520df7559a1","Импульс, закон сохранения импульса","0.95","лёгкая","missing_after_apply"
"120454","40406deb-3803-4038-9eeb-4d0e6cacb371","71ace6ec-c281-4894-9ac9-69e0abe13228","Кинетическая и потенциальная энергия","0.95","лёгкая","missing_after_apply"
"101948","2b62a2af-c73b-4de5-a924-cbbf0a109efe","77baf1e0-84d8-4933-b4d4-c520df7559a1","Импульс, закон сохранения импульса","0.95","лёгкая","missing_after_apply"
"97739","429db3a8-4cbb-4847-9b1e-abb45d284683","77baf1e0-84d8-4933-b4d4-c520df7559a1","Импульс, закон сохранения импульса","0.95","лёгкая","missing_after_apply"
"65083","9c13fc48-ac3d-4c8a-86b6-2d6b347f0d5e","77baf1e0-84d8-4933-b4d4-c520df7559a1","Импульс, закон сохранения импульса","0.95","средняя","missing_after_apply"
"96662","4ec938ed-da7e-4e09-b6e4-5b44b15120d0","77baf1e0-84d8-4933-b4d4-c520df7559a1","Импульс, закон сохранения импульса","0.95","средняя","missing_after_apply"
"93780","66a6ddd2-162e-4b4f-80b0-d85f3d83d52a","77baf1e0-84d8-4933-b4d4-c520df7559a1","Импульс, закон сохранения импульса","0.95","лёгкая","missing_after_apply"
"102633","7c401875-631d-41ea-99c2-e3059a401b90","77baf1e0-84d8-4933-b4d4-c520df7559a1","Импульс, закон сохранения импульса","0.95","лёгкая","missing_after_apply"
"178839","d371eb95-fefb-4bd5-9869-8b29dc857089","77baf1e0-84d8-4933-b4d4-c520df7559a1","Импульс, закон сохранения импульса","0.95","лёгкая","missing_after_apply"
"96181","123144b5-6f27-4604-9a58-e8245681bb61","b62883d8-b923-4c11-809c-317c0eb233ad","Закон сохранения механической энергии","0.95","средняя","missing_after_apply"
"94080","c5140db2-bd90-4129-bdcc-25ab9738138a","b62883d8-b923-4c11-809c-317c0eb233ad","Закон сохранения механической энергии","0.95","лёгкая","missing_after_apply"
"175118","87be03da-9ebd-488d-a49d-31b8b73508f0","77baf1e0-84d8-4933-b4d4-c520df7559a1","Импульс, закон сохранения импульса","0.95","лёгкая","missing_after_apply"
"96344","82c9bf59-7e4c-475b-86be-c5d35c558d63","71ace6ec-c281-4894-9ac9-69e0abe13228","Кинетическая и потенциальная энергия","0.95","лёгкая","missing_after_apply"
"12841","51299131-d385-46ad-ab1c-37db96f87201","71ace6ec-c281-4894-9ac9-69e0abe13228","Кинетическая и потенциальная энергия","0.95","лёгкая","missing_after_apply"
"103392","40e0683d-d5b5-43df-89c9-98a508b53442","71ace6ec-c281-4894-9ac9-69e0abe13228","Кинетическая и потенциальная энергия","0.95","лёгкая","missing_after_apply"
"97899","37aee3cb-9fc5-4898-b2c5-569410f3380d","71ace6ec-c281-4894-9ac9-69e0abe13228","Кинетическая и потенциальная энергия","0.95","лёгкая","missing_after_apply"
"12801","cdf88dbb-4e0a-49ca-bef0-1267824009cc","77baf1e0-84d8-4933-b4d4-c520df7559a1","Импульс, закон сохранения импульса","0.95","лёгкая","missing_after_apply"
"94349","56a4ac01-9e48-4962-ae74-9410d9be1d28","77baf1e0-84d8-4933-b4d4-c520df7559a1","Импульс, закон сохранения импульса","0.95","средняя","missing_after_apply"
"94460","853f48d2-3922-4dfa-9c0d-0eb98f85c283","77baf1e0-84d8-4933-b4d4-c520df7559a1","Импульс, закон сохранения импульса","0.95","лёгкая","missing_after_apply"
"102215","615d5ebf-7b7d-470a-b243-256477dacc37","b62883d8-b923-4c11-809c-317c0eb233ad","Закон сохранения механической энергии","0.95","лёгкая","missing_after_apply"
"12846","8c93c421-f97d-483f-a763-811867974e00","b62883d8-b923-4c11-809c-317c0eb233ad","Закон сохранения механической энергии","0.95","лёгкая","missing_after_apply"
"12847","35863cd5-1aef-4ef6-a1f8-f9d0aa115377","b62883d8-b923-4c11-809c-317c0eb233ad","Закон сохранения механической энергии","0.95","лёгкая","missing_after_apply"
"98113","da5a8e43-6bec-4811-b578-f917f270721f","77baf1e0-84d8-4933-b4d4-c520df7559a1","Импульс, закон сохранения импульса","0.95","средняя","missing_after_apply"
"112675","c1a393ca-31b8-4711-9e51-883df006940c","662add6c-6ad6-4a05-b2e6-de8b7b4452fc","Работа и мощность","0.95","лёгкая","missing_after_apply"
"12806","5f36991e-4733-4c69-85be-fe8b11693ab1","77baf1e0-84d8-4933-b4d4-c520df7559a1","Импульс, закон сохранения импульса","0.95","средняя","missing_after_apply"
"102196","c07ed0e7-2abb-4c07-acc0-8e225e4c125f","b62883d8-b923-4c11-809c-317c0eb233ad","Закон сохранения механической энергии","0.95","лёгкая","missing_after_apply"
"92290","00ffd5e8-20b7-45ca-a8fc-210ad0093417","71ace6ec-c281-4894-9ac9-69e0abe13228","Кинетическая и потенциальная энергия","0.95","лёгкая","missing_after_apply"
"12802","d19cf7b0-5a8a-4d20-a7b7-4dc9374fc576","77baf1e0-84d8-4933-b4d4-c520df7559a1","Импульс, закон сохранения импульса","0.95","лёгкая","missing_after_apply"
"26337","57022651-3e8e-46f1-b5b1-d79999517b51","77baf1e0-84d8-4933-b4d4-c520df7559a1","Импульс, закон сохранения импульса","0.95","средняя","missing_after_apply"
"125550","993f0393-f593-46d3-820c-516f248544b4","77baf1e0-84d8-4933-b4d4-c520df7559a1","Импульс, закон сохранения импульса","0.95","лёгкая","missing_after_apply"
"132621","55271d5a-ac3c-4439-ae74-7264d58d7db2","662add6c-6ad6-4a05-b2e6-de8b7b4452fc","Работа и мощность","0.95","лёгкая","missing_after_apply"
"27090","59c411b1-500b-4a7f-aacc-67f429070f1d","b62883d8-b923-4c11-809c-317c0eb233ad","Закон сохранения механической энергии","0.95","средняя","missing_after_apply"
"130498","d7584feb-90a4-49c9-bbb9-1a71ddf2d021","b62883d8-b923-4c11-809c-317c0eb233ad","Закон сохранения механической энергии","0.95","средняя","missing_after_apply"
"39094","e0416d55-9372-400e-bc24-73ef1bcf6068","71ace6ec-c281-4894-9ac9-69e0abe13228","Кинетическая и потенциальная энергия","0.95","средняя","missing_after_apply"
"168206","0f24957c-3e7b-42ec-aae2-e3e69383c12e","b62883d8-b923-4c11-809c-317c0eb233ad","Закон сохранения механической энергии","0.95","лёгкая","missing_after_apply"
"127691","8a43aa14-bea0-4074-b3e9-aaa14330af8e","77baf1e0-84d8-4933-b4d4-c520df7559a1","Импульс, закон сохранения импульса","0.95","средняя","missing_after_apply"
"137484","16e79c93-69e8-4a9d-ba54-9e885e3d7391","b62883d8-b923-4c11-809c-317c0eb233ad","Закон сохранения механической энергии","0.95","средняя","missing_after_apply"
"115432","aa84560d-30b1-4fab-aaa8-d02ed49f703b","662add6c-6ad6-4a05-b2e6-de8b7b4452fc","Работа и мощность","0.95","лёгкая","missing_after_apply"
"133140","a7d8257a-d80a-4bf7-9a6e-174f952caf3f","0dad3f47-1aa4-4765-9f41-34a9a6005ed4","Законы Ньютона","0.95","средняя","missing_after_apply"
"136946","ba6ee6cd-16e5-4432-ae57-d3732cb6c123","662add6c-6ad6-4a05-b2e6-de8b7b4452fc","Работа и мощность","0.95","лёгкая","missing_after_apply"
"126450","0d9d82de-f034-45ad-85fb-d9864ee11375","b62883d8-b923-4c11-809c-317c0eb233ad","Закон сохранения механической энергии","0.95","средняя","missing_after_apply"
"138865","5aba30f1-07a5-4083-9c29-d58e18a60e0b","77baf1e0-84d8-4933-b4d4-c520df7559a1","Импульс, закон сохранения импульса","0.95","средняя","missing_after_apply"
"135245","042455c8-8561-47cf-8697-2015074be28d","662add6c-6ad6-4a05-b2e6-de8b7b4452fc","Работа и мощность","0.95","средняя","missing_after_apply"
"142480","8410642f-5560-401a-bc2d-cdac774a70cd","662add6c-6ad6-4a05-b2e6-de8b7b4452fc","Работа и мощность","0.95","лёгкая","missing_after_apply"
"138630","d99457cc-4bfc-4ed8-a31b-419a462135f6","77baf1e0-84d8-4933-b4d4-c520df7559a1","Импульс, закон сохранения импульса","0.95","лёгкая","missing_after_apply"
"139057","37777b3f-45e1-4198-9924-3d1807284bf5","b62883d8-b923-4c11-809c-317c0eb233ad","Закон сохранения механической энергии","0.95","средняя","missing_after_apply"
"139090","6656087d-7601-43ee-b6cd-795cc4bb549b","77baf1e0-84d8-4933-b4d4-c520df7559a1","Импульс, закон сохранения импульса","0.95","средняя","missing_after_apply"
"12808","601455ff-c5e7-462a-8500-f10eb47ed862","77baf1e0-84d8-4933-b4d4-c520df7559a1","Импульс, закон сохранения импульса","0.95","средняя","missing_after_apply"
"141613","dca36cff-77c8-4eeb-a4c9-31f3bad797a7","662add6c-6ad6-4a05-b2e6-de8b7b4452fc","Работа и мощность","0.95","лёгкая","missing_after_apply"
"143766","91fe616e-73e4-4a27-b53d-f1faf1f06490","77baf1e0-84d8-4933-b4d4-c520df7559a1","Импульс, закон сохранения импульса","0.95","средняя","missing_after_apply"
"98114","6f135d96-5a58-4b41-875c-1cd21df2b013","71ace6ec-c281-4894-9ac9-69e0abe13228","Кинетическая и потенциальная энергия","0.95","лёгкая","missing_after_apply"
"155600","fe7ac5fa-cdc2-4848-a43b-6c89b39340d1","7abbe545-8b29-4161-a9c0-85b09555d81e","Упругий и неупругий удар","0.95","лёгкая","missing_after_apply"
"12818","61d957c0-6e8f-4a9a-ac49-2e2ca7e43261","77baf1e0-84d8-4933-b4d4-c520df7559a1","Импульс, закон сохранения импульса","0.95","лёгкая","missing_after_apply"
"159025","2c8d3924-14c9-4489-9576-bfb32a991070","77baf1e0-84d8-4933-b4d4-c520df7559a1","Импульс, закон сохранения импульса","0.95","средняя","missing_after_apply"
"92487","a7c378bf-6b72-45fd-b3ba-981980592694","b62883d8-b923-4c11-809c-317c0eb233ad","Закон сохранения механической энергии","0.95","лёгкая","missing_after_apply"
"175131","5577cb36-16f7-4394-b8b3-2f85cf88288a","77baf1e0-84d8-4933-b4d4-c520df7559a1","Импульс, закон сохранения импульса","0.95","лёгкая","missing_after_apply"
"102942","bcb082c2-dcd0-4c73-8cde-f1d4c4dbb2a2","83f8506c-da8d-4515-a47e-c20c1548d17f","Равноускоренное движение","0.95","лёгкая","missing_after_apply"
"102937","2c6eca57-c5fe-49fb-8835-2c2691703a00","b62883d8-b923-4c11-809c-317c0eb233ad","Закон сохранения механической энергии","0.95","средняя","missing_after_apply"
"120455","b170a75a-5bc5-462c-937f-7b8d5b7f78d3","b62883d8-b923-4c11-809c-317c0eb233ad","Закон сохранения механической энергии","0.95","средняя","missing_after_apply"
"97898","cdf7f0ad-2508-44c7-b9ac-777abf38b096","77baf1e0-84d8-4933-b4d4-c520df7559a1","Импульс, закон сохранения импульса","0.95","средняя","missing_after_apply"
"160942","5b77a3fc-4c5d-43a9-8230-88b23af36b00","77baf1e0-84d8-4933-b4d4-c520df7559a1","Импульс, закон сохранения импульса","0.95","лёгкая","missing_after_apply"
"102944","c853b0fc-c355-4ccf-a970-6d7a044de827","71ace6ec-c281-4894-9ac9-69e0abe13228","Кинетическая и потенциальная энергия","0.95","лёгкая","missing_after_apply"
"160006","da11187b-e9b2-4590-a1d8-3d0eb58a2a69","71ace6ec-c281-4894-9ac9-69e0abe13228","Кинетическая и потенциальная энергия","0.95","лёгкая","missing_after_apply"
"136668","f589ebc8-6bde-4ccf-92cb-d6f0456431fc","662add6c-6ad6-4a05-b2e6-de8b7b4452fc","Работа и мощность","0.95","лёгкая","missing_after_apply"
"12848","b4e6e6e4-ce74-46d2-bb30-5e5d9f25036d","b62883d8-b923-4c11-809c-317c0eb233ad","Закон сохранения механической энергии","0.95","средняя","missing_after_apply"
"102940","0c738339-9234-4460-9635-39c2e8e83488","71ace6ec-c281-4894-9ac9-69e0abe13228","Кинетическая и потенциальная энергия","0.95","лёгкая","missing_after_apply"
"94929","606c22a6-20e6-49a4-b9a8-780146f680e0","71ace6ec-c281-4894-9ac9-69e0abe13228","Кинетическая и потенциальная энергия","0.95","лёгкая","missing_after_apply"
"102938","f2f6cb82-5dd5-4afb-86cc-4b4d47a11aee","77baf1e0-84d8-4933-b4d4-c520df7559a1","Импульс, закон сохранения импульса","0.95","средняя","missing_after_apply"
"95503","0ed94319-19ff-4359-884d-a3e3b43cd66b","77baf1e0-84d8-4933-b4d4-c520df7559a1","Импульс, закон сохранения импульса","0.95","лёгкая","missing_after_apply"
"95945","dc35261b-1b59-48f1-bf44-047a93a5f925","77baf1e0-84d8-4933-b4d4-c520df7559a1","Импульс, закон сохранения импульса","0.95","лёгкая","missing_after_apply"
"177372","b2fc694a-8931-4f16-9787-821d72512d9c","b62883d8-b923-4c11-809c-317c0eb233ad","Закон сохранения механической энергии","0.95","лёгкая","missing_after_apply"
"120452","ccf2d9ae-57ad-4319-9594-5330b50cf5ef","71ace6ec-c281-4894-9ac9-69e0abe13228","Кинетическая и потенциальная энергия","0.95","лёгкая","missing_after_apply"
"138670","02ad783e-3ae8-44f5-830b-ae12091e02d0","77baf1e0-84d8-4933-b4d4-c520df7559a1","Импульс, закон сохранения импульса","0.95","средняя","missing_after_apply"
"121636","561d52c0-4a6d-4896-b753-67d09f5c60a8","71ace6ec-c281-4894-9ac9-69e0abe13228","Кинетическая и потенциальная энергия","0.95","средняя","missing_after_apply"
"126605","e1f5c0db-6373-49ef-be46-7779fe8c706f","b62883d8-b923-4c11-809c-317c0eb233ad","Закон сохранения механической энергии","0.95","средняя","missing_after_apply"
"136958","196c5653-ce4a-431b-8a51-851801f57fe7","662add6c-6ad6-4a05-b2e6-de8b7b4452fc","Работа и мощность","0.95","средняя","missing_after_apply"
"121338","4e7831b0-24ea-4119-89de-995753d672e6","019ee2aa-8647-4aa1-b4ba-c805df98fa80","Движение тела, брошенного под углом к горизонту","0.95","средняя","missing_after_apply"
"139374","143918b5-d552-4223-bcac-3c9011d7bdf0","662add6c-6ad6-4a05-b2e6-de8b7b4452fc","Работа и мощность","0.95","средняя","missing_after_apply"
"137485","0f74c81d-45a5-435e-ae48-075d970da049","b62883d8-b923-4c11-809c-317c0eb233ad","Закон сохранения механической энергии","0.95","средняя","missing_after_apply"
"139056","f5efe1fb-24f9-4a0b-a88b-a50ebb7b8c80","b62883d8-b923-4c11-809c-317c0eb233ad","Закон сохранения механической энергии","0.95","средняя","missing_after_apply"
"136602","0c7fb734-43ed-4800-87ff-c13ef30a99d5","77baf1e0-84d8-4933-b4d4-c520df7559a1","Импульс, закон сохранения импульса","0.95","сложная","missing_after_apply"
"138589","ac6bec2e-f31e-4de9-b443-03cb981a2e75","77baf1e0-84d8-4933-b4d4-c520df7559a1","Импульс, закон сохранения импульса","0.95","лёгкая","missing_after_apply"
"34581","6c6f315f-2794-42e5-b083-f4d00b375386","77baf1e0-84d8-4933-b4d4-c520df7559a1","Импульс, закон сохранения импульса","0.95","средняя","missing_after_apply"
"168642","46097882-a765-4ad9-8196-a2a8b424e3b6","77baf1e0-84d8-4933-b4d4-c520df7559a1","Импульс, закон сохранения импульса","0.95","средняя","missing_after_apply"
"96914","33a12f2c-69c5-4ecd-809a-bf79f70cc856","71ace6ec-c281-4894-9ac9-69e0abe13228","Кинетическая и потенциальная энергия","0.95","лёгкая","missing_after_apply"
"175145","4a39ba52-6a9b-4074-a940-c8c17f2d117e","77baf1e0-84d8-4933-b4d4-c520df7559a1","Импульс, закон сохранения импульса","0.95","лёгкая","missing_after_apply"
"185815","f2b3fdfa-7f3e-4a45-af78-2daa3ed754a6","b62883d8-b923-4c11-809c-317c0eb233ad","Закон сохранения механической энергии","0.95","лёгкая","missing_after_apply"
"91687","ae917808-40b9-4d0f-840a-904d6bc3af87","b62883d8-b923-4c11-809c-317c0eb233ad","Закон сохранения механической энергии","0.95","лёгкая","missing_after_apply"
"177147","0eb28942-dae7-4e6d-8e3c-0a5bf637e2f5","77baf1e0-84d8-4933-b4d4-c520df7559a1","Импульс, закон сохранения импульса","0.95","лёгкая","missing_after_apply"
"27722","93279c63-80b5-4dd5-a69c-09d07e412739","b62883d8-b923-4c11-809c-317c0eb233ad","Закон сохранения механической энергии","0.95","лёгкая","missing_after_apply"
"169644","4f26fa0c-ab6c-4210-92e1-41478ab94bd1","77baf1e0-84d8-4933-b4d4-c520df7559a1","Импульс, закон сохранения импульса","0.95","средняя","missing_after_apply"
"120449","85efaa8d-260f-4c18-bc2a-2b39ebe7cb65","662add6c-6ad6-4a05-b2e6-de8b7b4452fc","Работа и мощность","0.95","средняя","missing_after_apply"
"104120","3d7a38c2-3323-491f-a8b8-af947c68014c","77baf1e0-84d8-4933-b4d4-c520df7559a1","Импульс, закон сохранения импульса","0.95","средняя","missing_after_apply"
"102388","88806302-7e6e-4b27-bf20-1af24a4ac148","77baf1e0-84d8-4933-b4d4-c520df7559a1","Импульс, закон сохранения импульса","0.95","средняя","missing_after_apply"
"12819","fb80c05d-dfd4-4970-b001-68a38e1ec8a8","77baf1e0-84d8-4933-b4d4-c520df7559a1","Импульс, закон сохранения импульса","0.95","лёгкая","missing_after_apply"
"136605","563442c4-375c-4801-ac7e-6cb0c2812fbb","77baf1e0-84d8-4933-b4d4-c520df7559a1","Импульс, закон сохранения импульса","0.95","средняя","missing_after_apply"
"155744","05103eff-b4ed-4a4d-b3ae-fe71df2442fb","77baf1e0-84d8-4933-b4d4-c520df7559a1","Импульс, закон сохранения импульса","0.95","средняя","missing_after_apply"
"12821","a97ec2df-761c-4109-860d-715440aa4c5a","77baf1e0-84d8-4933-b4d4-c520df7559a1","Импульс, закон сохранения импульса","0.95","средняя","missing_after_apply"
"145495","9a26ba14-f321-4020-b1b3-4340aa589ec2","71ace6ec-c281-4894-9ac9-69e0abe13228","Кинетическая и потенциальная энергия","0.95","лёгкая","missing_after_apply"
"160113","80ef1c28-c27a-42b6-a1ab-aa650babcce9","77baf1e0-84d8-4933-b4d4-c520df7559a1","Импульс, закон сохранения импульса","0.95","лёгкая","missing_after_apply"
"96805","99a1b417-d26e-4f36-be24-7b93122e70b2","71ace6ec-c281-4894-9ac9-69e0abe13228","Кинетическая и потенциальная энергия","0.95","лёгкая","missing_after_apply"
"132932","bf75d475-1c1d-45df-8687-dd26e4be898a","b62883d8-b923-4c11-809c-317c0eb233ad","Закон сохранения механической энергии","0.95","лёгкая","missing_after_apply"
"102939","790d38ac-2f89-4a66-9b60-b3739c5bd23b","77baf1e0-84d8-4933-b4d4-c520df7559a1","Импульс, закон сохранения импульса","0.95","лёгкая","missing_after_apply"
"120672","e9a51b42-6dd7-436a-8a55-a00ad05a899c","019ee2aa-8647-4aa1-b4ba-c805df98fa80","Движение тела, брошенного под углом к горизонту","0.95","средняя","missing_after_apply"
"132620","065a5ac2-2d7d-4d7c-9283-ecfe47ca5211","0dad3f47-1aa4-4765-9f41-34a9a6005ed4","Законы Ньютона","0.95","средняя","missing_after_apply"
"143846","36efb3c0-4d66-44ac-8863-46b5c34d6558","77baf1e0-84d8-4933-b4d4-c520df7559a1","Импульс, закон сохранения импульса","0.95","средняя","missing_after_apply"
"12815","2c3316f0-9717-40fd-a61e-02c241c68ff8","77baf1e0-84d8-4933-b4d4-c520df7559a1","Импульс, закон сохранения импульса","0.95","средняя","missing_after_apply"
"114646","dcb26fdc-8678-4d97-891f-bfb9160429da","662add6c-6ad6-4a05-b2e6-de8b7b4452fc","Работа и мощность","0.95","лёгкая","missing_after_apply"
"104547","cd4bc75d-91d9-45a5-b022-97ba64ee496b","71ace6ec-c281-4894-9ac9-69e0abe13228","Кинетическая и потенциальная энергия","0.95","лёгкая","missing_after_apply"
"104119","46c64d10-aa72-4d43-9865-c00d93e65643","77baf1e0-84d8-4933-b4d4-c520df7559a1","Импульс, закон сохранения импульса","0.95","средняя","missing_after_apply"
"130340","b65261f1-3596-4761-a9ae-0e8c6fd40748","b62883d8-b923-4c11-809c-317c0eb233ad","Закон сохранения механической энергии","0.95","средняя","missing_after_apply"
"136474","9d5204d4-1741-4c5f-b326-f34e8b288f68","662add6c-6ad6-4a05-b2e6-de8b7b4452fc","Работа и мощность","0.95","средняя","missing_after_apply"
"141115","0cab5e89-3595-4b0b-a1c0-a8e5ea938d4a","77baf1e0-84d8-4933-b4d4-c520df7559a1","Импульс, закон сохранения импульса","0.95","средняя","missing_after_apply"
"139622","eca9b1e2-a4fd-4609-9025-76ef0a93e7d7","12c8c859-0607-44d1-92c2-a7e066beccb6","Движение спутников","0.95","средняя","missing_after_apply"
"133162","ca058d5a-8932-4d4a-b59e-bb10df6e8b9c","57740562-f95c-4563-b3b2-bc1424428ee8","Работа газа в термодинамике","0.95","средняя","missing_after_apply"
"104260","33d53b5d-0b2f-4b60-8c3c-327a9f8199fb","bf4f6e6b-cb9d-474f-ae44-31bb9a73c141","Сила Ампера","0.95","лёгкая","missing_after_apply"
"102644","6a539e88-de49-478e-bd36-737524cb55f2","90ae48ff-fb53-42ab-bc93-a7d4b3dcffe0","Математический и пружинный маятник","0.95","лёгкая","missing_after_apply"
"27746","074b3ea5-63cd-46c0-9c31-e855a7a6acfd","019020c4-13bf-418c-b366-63bf09d42066","Электромагнитные колебания, колебательный контур","0.95","средняя","missing_after_apply"
"91580","d13db726-3419-43e2-aeb7-926d6c069c0f","5ee4e31f-8b00-45ef-a1aa-607856809c83","Графики изопроцессов","0.95","средняя","missing_after_apply"
"34618","9b2c5a9f-31bd-4d05-8653-0f844dd002f8","7f5b64d2-fed0-494b-b096-68508ddaec58","Сила тока, напряжение, сопротивление","0.95","лёгкая","missing_after_apply"
"96349","843ac338-1139-4aea-8be1-afacf5c2e2c2","71bce80a-2ea1-4de1-99f9-cb789b285b26","Теплопередача, количество теплоты","0.95","лёгкая","missing_after_apply"
"173482","d638bda7-87d6-4378-a451-ee1ed1959d94","b2bac358-3fed-498b-89cf-29a3df32cd0a","Линзы, формула тонкой линзы","0.95","сложная","missing_after_apply"
"14506","6f4228a9-613e-4c1e-90ac-3cadd57dda65","b2bac358-3fed-498b-89cf-29a3df32cd0a","Линзы, формула тонкой линзы","0.95","сложная","missing_after_apply"
"14507","14864ac8-f3ea-4290-bf55-e0856b08313c","b2bac358-3fed-498b-89cf-29a3df32cd0a","Линзы, формула тонкой линзы","0.95","средняя","missing_after_apply"
"132352","2bed2c99-9d69-4656-86d0-5722d7c97802","b2bac358-3fed-498b-89cf-29a3df32cd0a","Линзы, формула тонкой линзы","0.95","сложная","missing_after_apply"
"168996","6d53c752-082e-4c44-b528-56c7ef97348e","0dad3f47-1aa4-4765-9f41-34a9a6005ed4","Законы Ньютона","0.95","лёгкая","missing_after_apply"
"92312","f5ad416a-13f9-4b84-9e15-25850e849046","b2bac358-3fed-498b-89cf-29a3df32cd0a","Линзы, формула тонкой линзы","0.95","сложная","missing_after_apply"
"175306","ebcb181f-25cc-43aa-9470-b7b965e71c68","b2bac358-3fed-498b-89cf-29a3df32cd0a","Линзы, формула тонкой линзы","0.95","сложная","missing_after_apply"
"18052","e41eef55-3430-40b7-8a1f-834e1bfb8a6b","547415ce-6563-4618-a7b0-cda276419c8f","Связь массы и энергии","0.95","средняя","missing_after_apply"
"38781","4aed3422-77f0-4adc-b291-5d160b615223","d8dbee33-8a12-4785-bb2e-adc086b7f548","Движение связанных тел (блоки, нити)","0.95","сложная","missing_after_apply"
"20266","cc85e43e-ba7a-4ee4-b0e5-81abd36cee96","7abbe545-8b29-4161-a9c0-85b09555d81e","Упругий и неупругий удар","0.95","сложная","missing_after_apply"
"94242","cb037907-9820-42d6-b654-381d55ae24b8","f930f7a2-dcae-4a22-b546-9131c952c71d","Движение по окружности","0.95","сложная","missing_after_apply"
"139169","7e35d778-a8bb-4f8c-8b7a-eae1bd7df7e7","c919b5bc-ba38-4b5a-a766-cb5a7101838c","Дифракция, дифракционная решётка","0.95","средняя","missing_after_apply"
"137804","56b647c9-f8f9-420b-8da9-1fc881dfa9bc","57740562-f95c-4563-b3b2-bc1424428ee8","Работа газа в термодинамике","0.95","средняя","missing_after_apply"
"96667","631bc95d-5883-4437-a07d-64a08b9d3bd7","f56de6c4-8ede-4e26-a7ce-ac3c09e4a8b5","Первый закон термодинамики","0.95","лёгкая","missing_after_apply"
"175309","3f2c1654-7510-48c7-8549-1e00c7229b38","b2bac358-3fed-498b-89cf-29a3df32cd0a","Линзы, формула тонкой линзы","0.95","сложная","missing_after_apply"
"177158","30f67a99-7011-4d64-adb1-21bb75045f60","b2bac358-3fed-498b-89cf-29a3df32cd0a","Линзы, формула тонкой линзы","0.95","сложная","missing_after_apply"
"95174","721bd120-6aea-4ca1-8829-f46de1caca4d","019020c4-13bf-418c-b366-63bf09d42066","Электромагнитные колебания, колебательный контур","0.95","средняя","missing_after_apply"
"102243","89768dab-7fcc-4ebc-8baf-205fe9c6aac2","019020c4-13bf-418c-b366-63bf09d42066","Электромагнитные колебания, колебательный контур","0.95","средняя","missing_after_apply"
"166337","d8eef3e9-e2e3-46d3-a127-4dea251d55d1","019020c4-13bf-418c-b366-63bf09d42066","Электромагнитные колебания, колебательный контур","0.95","средняя","missing_after_apply"
"174376","1ce53012-2fbd-43ba-8180-70614c3f8dc1","b2bac358-3fed-498b-89cf-29a3df32cd0a","Линзы, формула тонкой линзы","0.95","сложная","missing_after_apply"
"96762","fd668c24-f626-4d63-8176-ca7d1ddeb816","b2bac358-3fed-498b-89cf-29a3df32cd0a","Линзы, формула тонкой линзы","0.95","сложная","missing_after_apply"
"177180","b1837bbb-13d3-4dc5-b33d-d9047199ed4f","5ee4e31f-8b00-45ef-a1aa-607856809c83","Графики изопроцессов","0.95","средняя","missing_after_apply"
"132135","f040b7d3-c365-48a7-b19b-e415efeb468a","92c499aa-3df6-4335-a036-24219b611408","Основное уравнение МКТ","0.95","сложная","missing_after_apply"
"132102","611621da-de68-4f12-8f15-017a9bc16311","ab5b8a4a-72f7-46e0-8324-e3b84c92ea67","Тепловые машины, КПД","0.95","сложная","missing_after_apply"
"178362","07295688-332b-4231-a3ef-3d43082dc188","b2bac358-3fed-498b-89cf-29a3df32cd0a","Линзы, формула тонкой линзы","0.95","сложная","missing_after_apply"
"96685","a27fb09f-e092-4417-9514-4e541bdd136e","b2bac358-3fed-498b-89cf-29a3df32cd0a","Линзы, формула тонкой линзы","0.95","средняя","missing_after_apply"
"136072","2e1ff1d7-1ee1-4ebb-95ac-4fec2d3cd4bf","b2bac358-3fed-498b-89cf-29a3df32cd0a","Линзы, формула тонкой линзы","0.95","средняя","missing_after_apply"
"103123","9a61c96c-ba16-4293-ac40-6a633b739c26","57740562-f95c-4563-b3b2-bc1424428ee8","Работа газа в термодинамике","0.95","средняя","missing_after_apply"
"121901","78e1dd78-88a1-49e5-9ae6-cc910a1809b5","b2bac358-3fed-498b-89cf-29a3df32cd0a","Линзы, формула тонкой линзы","0.95","сложная","missing_after_apply"
"14512","dd5dd860-359d-415a-870a-87c4535a4013","b2bac358-3fed-498b-89cf-29a3df32cd0a","Линзы, формула тонкой линзы","0.95","средняя","missing_after_apply"
"132136","d5ee33e5-7c99-4972-9666-db2a5287d1ef","92c499aa-3df6-4335-a036-24219b611408","Основное уравнение МКТ","0.95","сложная","missing_after_apply"
"138846","aafaac47-3303-434d-9945-b7c2ebaf061c","f56de6c4-8ede-4e26-a7ce-ac3c09e4a8b5","Первый закон термодинамики","0.95","средняя","missing_after_apply"
"15022","331062c3-d721-482f-b9bb-80337e647713","8bbb5507-6364-4078-89d1-a423f766858f","Конденсаторы, электроёмкость","0.95","лёгкая","missing_after_apply"
"158968","b0789cc3-57b5-46f4-8037-1f65f3f5abd5","77f30a76-213f-4e80-b0dd-b296539dcaa3","Уравнение состояния идеального газа (Менделеева-Клапейрона)","0.95","средняя","missing_after_apply"
"139709","220a38aa-fb08-49d1-8355-6692f02a3702","019020c4-13bf-418c-b366-63bf09d42066","Электромагнитные колебания, колебательный контур","0.95","средняя","missing_after_apply"
"167995","f6ad0d1d-bd8c-4d38-98f8-849e1ee3306c","77f30a76-213f-4e80-b0dd-b296539dcaa3","Уравнение состояния идеального газа (Менделеева-Клапейрона)","0.95","средняя","missing_after_apply"
"167996","5a95a814-3104-4a90-bfd3-2f3260ad939f","3a3372ab-387c-4614-a852-42dade28c3b7","Изопроцессы","0.95","сложная","missing_after_apply"
"102649","f2fed6d4-4103-4182-81ff-32e8bd0dea8a","71bce80a-2ea1-4de1-99f9-cb789b285b26","Теплопередача, количество теплоты","0.95","сложная","missing_after_apply"
"104284","5f01aae2-fbaf-4a51-bdbb-83449afe6f6a","90ae48ff-fb53-42ab-bc93-a7d4b3dcffe0","Математический и пружинный маятник","0.95","средняя","missing_after_apply"
"176004","a9286fad-88f1-4a0e-aecb-e0fddf1cf506","f56de6c4-8ede-4e26-a7ce-ac3c09e4a8b5","Первый закон термодинамики","0.95","средняя","missing_after_apply"
"103382","44a65639-19f4-4fb6-9d0b-c2da43152cee","d8dbee33-8a12-4785-bb2e-adc086b7f548","Движение связанных тел (блоки, нити)","0.95","средняя","missing_after_apply"
"136791","63d270d5-3f49-4b76-8019-119a412616c3","81ff7bcf-312a-4e72-ac82-de97b383b6bf","Закон Архимеда, плавание тел","0.95","средняя","missing_after_apply"
"92335","6d235323-e1a6-47d2-a4fb-99a43895f199","b62883d8-b923-4c11-809c-317c0eb233ad","Закон сохранения механической энергии","0.95","средняя","missing_after_apply"
"132521","865ca493-a953-4e91-bd07-02b284de1e5b","662add6c-6ad6-4a05-b2e6-de8b7b4452fc","Работа и мощность","0.95","средняя","missing_after_apply"
"132169","9616e325-73c7-4774-be95-cdcf743e7f46","f9fb2020-338a-4986-bcc7-3fdcd4eec696","Магнитный поток","0.95","сложная","missing_after_apply"
"171155","f6e67d9a-d261-4251-9bd9-fe407f5cadb7","f56de6c4-8ede-4e26-a7ce-ac3c09e4a8b5","Первый закон термодинамики","0.95","сложная","missing_after_apply"
"41918","9de172c7-f2e3-4c24-bb80-148acd69fb7a","77f30a76-213f-4e80-b0dd-b296539dcaa3","Уравнение состояния идеального газа (Менделеева-Клапейрона)","0.95","сложная","missing_after_apply"
"120640","cf40c81f-7b43-4392-99c3-a6bef0c08291","77f30a76-213f-4e80-b0dd-b296539dcaa3","Уравнение состояния идеального газа (Менделеева-Клапейрона)","0.95","сложная","missing_after_apply"
"170251","56bc2079-9783-4aa4-97ff-0f3c2fd71515","77f30a76-213f-4e80-b0dd-b296539dcaa3","Уравнение состояния идеального газа (Менделеева-Клапейрона)","0.95","сложная","missing_after_apply"
"126778","c5730a61-1a56-4692-ad33-39def2239141","77f30a76-213f-4e80-b0dd-b296539dcaa3","Уравнение состояния идеального газа (Менделеева-Клапейрона)","0.95","сложная","missing_after_apply"
"132353","31fd2f13-0bb7-4ed5-83a4-5c48564e489a","b2bac358-3fed-498b-89cf-29a3df32cd0a","Линзы, формула тонкой линзы","0.95","сложная","missing_after_apply"
"14511","b8cd1031-8904-4621-b03d-92d5b50634fc","b2bac358-3fed-498b-89cf-29a3df32cd0a","Линзы, формула тонкой линзы","0.95","сложная","missing_after_apply"
"14498","c2bdda90-9228-41a2-a281-1b3ee622692f","b2bac358-3fed-498b-89cf-29a3df32cd0a","Линзы, формула тонкой линзы","0.95","сложная","missing_after_apply"
"14499","c38f7e94-fb20-4c6c-ad9f-27bdc6538478","b2bac358-3fed-498b-89cf-29a3df32cd0a","Линзы, формула тонкой линзы","0.95","сложная","missing_after_apply"
"178528","90c82b93-2c25-4953-8008-2228d589060e","77baf1e0-84d8-4933-b4d4-c520df7559a1","Импульс, закон сохранения импульса","0.95","сложная","missing_after_apply"
"18440","c1fa0265-08a8-4679-86ce-165b89f9bf4c","c7e7b6c7-e91b-4dcc-8573-6515d79e404f","Условие равновесия тел","0.95","сложная","missing_after_apply"
"132330","8631c3a6-a480-465b-b0ad-836853cb78f6","c7e7b6c7-e91b-4dcc-8573-6515d79e404f","Условие равновесия тел","0.95","сложная","missing_after_apply"
"156847","5531733c-43ba-4752-b006-216a53282a9c","d990b470-e47d-4f73-b895-427f26b0c233","Гармонические колебания","0.92","сложная","missing_after_apply"
"20265","66160f8d-7564-4d98-af15-220450b1913b","d990b470-e47d-4f73-b895-427f26b0c233","Гармонические колебания","0.95","сложная","missing_after_apply"
"79242","b0e3cade-df8f-4364-a7c7-cf7999064646","b62883d8-b923-4c11-809c-317c0eb233ad","Закон сохранения механической энергии","0.95","сложная","missing_after_apply"
"91769","357e219c-f6e1-4234-b9d1-56d1c00c80bb","7f5b64d2-fed0-494b-b096-68508ddaec58","Сила тока, напряжение, сопротивление","0.95","лёгкая","missing_after_apply"
"96666","e7e2026b-c4be-4407-8096-d414c5225c5a","63286143-8bd2-4207-abf6-a0633f570716","Агрегатные переходы (плавление, парообразование)","0.95","лёгкая","missing_after_apply"
"91767","20d3e318-4015-42a5-b2f6-f18fc6823394","61ebc2e0-9d14-4f93-ae46-8943bb279889","Влажность воздуха","0.95","лёгкая","missing_after_apply"
"140716","244b66c2-bd05-4332-bcc1-7f3aacd741b7","61ebc2e0-9d14-4f93-ae46-8943bb279889","Влажность воздуха","0.95","средняя","missing_after_apply"
"65191","f5c76b98-33aa-4fe8-9c86-2f877cda4cf2","61ebc2e0-9d14-4f93-ae46-8943bb279889","Влажность воздуха","0.95","лёгкая","missing_after_apply"
"94352","07e80acf-adbc-41b8-9533-93b10f84f459","92c499aa-3df6-4335-a036-24219b611408","Основное уравнение МКТ","0.95","лёгкая","missing_after_apply"
"64748","69c58de8-267e-42b8-a0df-0148439d6509","d927dfc1-ef7c-41b9-9f78-44f3c1254486","Фотоэффект, уравнение Эйнштейна","0.95","средняя","missing_after_apply"
"97761","67f3d5cc-12c4-4884-ba3d-46424bd7cb8e","d927dfc1-ef7c-41b9-9f78-44f3c1254486","Фотоэффект, уравнение Эйнштейна","0.95","средняя","missing_after_apply"
"135428","02fa35c6-1d5b-4d5f-897c-fc89f7bd9c53","6be8752a-d9c3-4c46-a5e0-3d86600eacaf","Закон радиоактивного распада","0.95","средняя","missing_after_apply"
"158829","480dde6b-63bb-484f-baf0-96bb14b990af","77f30a76-213f-4e80-b0dd-b296539dcaa3","Уравнение состояния идеального газа (Менделеева-Клапейрона)","0.95","сложная","missing_after_apply"
"138194","e0d91894-8a05-4326-b7e7-044d202d3147","90ae48ff-fb53-42ab-bc93-a7d4b3dcffe0","Математический и пружинный маятник","0.9","средняя","missing_after_apply"
"60864","de0d9084-d44a-4b52-8cb4-a12a07c34462","81ff7bcf-312a-4e72-ac82-de97b383b6bf","Закон Архимеда, плавание тел","0.95","средняя","missing_after_apply"
"17827","e6e8df1c-24fc-4ae9-a24b-ffd6a29efec5","d990b470-e47d-4f73-b895-427f26b0c233","Гармонические колебания","0.95","лёгкая","missing_after_apply"
"138674","a114d946-67c5-4f9e-b2bf-f19931c63d31","90ae48ff-fb53-42ab-bc93-a7d4b3dcffe0","Математический и пружинный маятник","0.95","средняя","missing_after_apply"
"136947","4ab8d9ed-2350-4c37-81a4-c1dd8c73db72","e8c6865b-99f5-4065-b0a4-d5732deda411","Момент силы, рычаг","0.95","средняя","missing_after_apply"
"133810","0b46e0bb-f2cd-4c6b-9cae-9db14be1b2ce","ffca6ba7-889d-4abe-8d92-e1e1d5ab1c49","Давление жидкости","0.95","лёгкая","missing_after_apply"
"12991","99fa0e55-d7d2-4835-abcd-667644d9e771","e8c6865b-99f5-4065-b0a4-d5732deda411","Момент силы, рычаг","0.95","средняя","missing_after_apply"
"178296","b73dcfd3-8168-44bc-b4e6-cb64e1880fc4","019ee2aa-8647-4aa1-b4ba-c805df98fa80","Движение тела, брошенного под углом к горизонту","0.95","средняя","missing_after_apply"
"175342","45760093-8d21-40e0-a659-58bbcdf54b27","6238ff98-a78d-4b89-9d17-825a74ba3854","Вес тела, невесомость, перегрузки","0.95","средняя","missing_after_apply"
"14411","fd111d3b-e368-4bb8-99a1-842a77865502","b62883d8-b923-4c11-809c-317c0eb233ad","Закон сохранения механической энергии","0.95","средняя","missing_after_apply"
"183287","96bc1504-cba4-42c5-9edd-6c01678bc518","77baf1e0-84d8-4933-b4d4-c520df7559a1","Импульс, закон сохранения импульса","0.95","средняя","missing_after_apply"
"96761","b4ba3061-865c-43d8-af25-63314d57f5a9","b62883d8-b923-4c11-809c-317c0eb233ad","Закон сохранения механической энергии","0.95","лёгкая","missing_after_apply"
"175115","d8b2d49d-1e25-4e45-ac17-da42c0877626","3a3372ab-387c-4614-a852-42dade28c3b7","Изопроцессы","0.95","средняя","missing_after_apply"
"29306","6b62e9bc-4697-4da6-99d2-dda37f9aa7a4","5ee4e31f-8b00-45ef-a1aa-607856809c83","Графики изопроцессов","0.95","средняя","missing_after_apply"
"14080","1f8e4f16-5de1-4913-8dbf-f989a143f5ed","973e904d-33c9-494b-b3da-4c34a48b4b20","Внутренняя энергия газа","0.95","средняя","missing_after_apply"
"64382","762cadeb-bbce-41e9-8282-0f6c1bd66837","3a3372ab-387c-4614-a852-42dade28c3b7","Изопроцессы","0.95","средняя","missing_after_apply"
"135335","59f54572-9949-4bc1-b476-dc7d3704ddfe","77f30a76-213f-4e80-b0dd-b296539dcaa3","Уравнение состояния идеального газа (Менделеева-Клапейрона)","0.95","средняя","missing_after_apply"
"143451","af3db938-98d5-42ae-8591-43e24fe3a923","973e904d-33c9-494b-b3da-4c34a48b4b20","Внутренняя энергия газа","0.95","средняя","missing_after_apply"
"60870","148bb79d-8bc7-4331-ace5-e8f86ddb9dda","5ee4e31f-8b00-45ef-a1aa-607856809c83","Графики изопроцессов","0.95","средняя","missing_after_apply"
"173481","3b9ba3cb-acd0-4a1b-bb32-116dd6930b05","77f30a76-213f-4e80-b0dd-b296539dcaa3","Уравнение состояния идеального газа (Менделеева-Клапейрона)","0.95","сложная","missing_after_apply"
"14079","efda8c4b-de97-40a0-aa75-29b158529ac7","973e904d-33c9-494b-b3da-4c34a48b4b20","Внутренняя энергия газа","0.95","средняя","missing_after_apply"
"121603","d9c1386d-7d86-497e-8f5b-6c3977900f22","a61293f9-8a4a-4a9d-836c-fb1d617bf961","Графики движения (x-t, v-t, a-t)","0.95","лёгкая","missing_after_apply"
"16692","97ea0dcc-e12a-4e58-8bc6-160523fe08e8","04372799-9421-4a41-b49c-6d00c2bf329d","Относительность движения","0.88","средняя","missing_after_apply"
"24172","711fc32f-6032-4196-8a55-db5d9ed26f02","b62883d8-b923-4c11-809c-317c0eb233ad","Закон сохранения механической энергии","0.95","лёгкая","missing_after_apply"
"121337","25002b19-b602-49ce-b87a-d1c022e9f005","0dad3f47-1aa4-4765-9f41-34a9a6005ed4","Законы Ньютона","0.95","средняя","missing_after_apply"
"17948","75747f6d-d980-43e7-9d6a-4e78fc1ce1a4","e8c6865b-99f5-4065-b0a4-d5732deda411","Момент силы, рычаг","0.95","лёгкая","missing_after_apply"
"121350","2e264a59-9817-4ae5-a513-cecd36929bd9","c1ed3d8f-0772-4133-85a5-f393878f3892","Законы отражения, плоское зеркало","0.95","лёгкая","missing_after_apply"
"92301","1dcf21fe-6327-4918-b23b-fbca91cefb60","c1ed3d8f-0772-4133-85a5-f393878f3892","Законы отражения, плоское зеркало","0.95","лёгкая","missing_after_apply"
"160161","cdb5760e-ec76-4d32-ac03-b9b89ec617b4","8e093a3f-e645-453a-b616-ce80c86b785b","Ядерные реакции","0.95","средняя","missing_after_apply"
"104271","18b89e4f-2546-429f-8a36-4955b6f877ce","8e093a3f-e645-453a-b616-ce80c86b785b","Ядерные реакции","0.95","лёгкая","missing_after_apply"
"132454","f9ba61b5-b2d6-469c-8cb4-1a34b418fe42","6be8752a-d9c3-4c46-a5e0-3d86600eacaf","Закон радиоактивного распада","0.95","лёгкая","missing_after_apply"
"96352","13d7e36e-ccb8-4cfe-9f7a-cf9a3a213a66","23737c94-15b4-4f02-beed-53450abd7608","Фотоны, энергия и импульс фотона","0.95","лёгкая","missing_after_apply"
"132523","56e9c187-4869-4f74-89a5-8a15a058101b","5ee4e31f-8b00-45ef-a1aa-607856809c83","Графики изопроцессов","0.95","сложная","missing_after_apply"
"163404","21ea0e26-e86c-4d6b-96dd-ceeea0744794","09e6c95c-cb15-4184-985c-193b3f790571","Закон Ома для полной цепи (ЭДС)","0.95","средняя","missing_after_apply"
"12481","5c660261-22a9-49f5-b6fb-3e4f05ead21d","92c499aa-3df6-4335-a036-24219b611408","Основное уравнение МКТ","0.95","сложная","missing_after_apply"
"141127","9076271d-19e4-4718-88f3-a54811c9e89e","92c499aa-3df6-4335-a036-24219b611408","Основное уравнение МКТ","0.95","средняя","missing_after_apply"
"126761","a68c4c6e-bda0-4198-9854-b7c9add665b3","58d13f7e-0580-491e-9b7a-59facfa77b2a","Движение по наклонной плоскости","0.95","средняя","missing_after_apply"
"91690","a18d7640-26d9-4756-a953-9383b78ecbe0","58d13f7e-0580-491e-9b7a-59facfa77b2a","Движение по наклонной плоскости","0.95","средняя","missing_after_apply"
"155747","04dac1e6-d674-4d9e-92a6-89c3463dfac9","019ee2aa-8647-4aa1-b4ba-c805df98fa80","Движение тела, брошенного под углом к горизонту","0.95","средняя","missing_after_apply"
"96709","b9d2e36c-6d6d-4148-a308-b1ba9355c51a","12c8c859-0607-44d1-92c2-a7e066beccb6","Движение спутников","0.95","средняя","missing_after_apply"
"126774","41eb99ed-badc-4ae9-a1cc-1e611b2b3006","bf4f6e6b-cb9d-474f-ae44-31bb9a73c141","Сила Ампера","0.95","лёгкая","missing_after_apply"
"158780","9042a06c-26cf-4281-a929-bb5ab069963f","d990b470-e47d-4f73-b895-427f26b0c233","Гармонические колебания","0.95","средняя","missing_after_apply"
"126637","70057680-5c7b-4b21-ba4e-a4c73f075720","019ee2aa-8647-4aa1-b4ba-c805df98fa80","Движение тела, брошенного под углом к горизонту","0.95","средняя","missing_after_apply"
"137538","ab570c96-5338-4fc5-aac9-d562281b0ef9","a61293f9-8a4a-4a9d-836c-fb1d617bf961","Графики движения (x-t, v-t, a-t)","0.95","средняя","missing_after_apply"
"136191","3b4cb579-d787-4638-9b4f-1e5fc29f1bd7","e8c6865b-99f5-4065-b0a4-d5732deda411","Момент силы, рычаг","0.95","сложная","missing_after_apply"
"159028","f2f8c09a-dca1-4a53-acdf-100b9ee0de3d","d990b470-e47d-4f73-b895-427f26b0c233","Гармонические колебания","0.95","средняя","missing_after_apply"
"169662","55972e96-4be1-4baf-93a7-4fd7e4a3888f","bf4f6e6b-cb9d-474f-ae44-31bb9a73c141","Сила Ампера","0.95","лёгкая","missing_after_apply"
"140596","a086d52d-68e9-4de2-9294-62164c2e6fa0","662add6c-6ad6-4a05-b2e6-de8b7b4452fc","Работа и мощность","0.95","средняя","missing_after_apply"
"12783","815e3bde-716a-475f-8b68-96e1b82b143a","bdc8e9ec-edf9-4a89-9008-ec27171a8506","Энергия магнитного поля","0.95","лёгкая","missing_after_apply"
"103387","4db32497-f6c9-42ce-9d50-818c1372bd4f","bdc8e9ec-edf9-4a89-9008-ec27171a8506","Энергия магнитного поля","0.95","лёгкая","missing_after_apply"
"12757","0b5d05e1-6a3d-40c8-8bde-43b8a013d09e","6358b835-156c-48a0-b1da-6c1a5c34432d","Сила Лоренца","0.95","средняя","missing_after_apply"
"65365","e08ccc55-24ce-475e-b162-64360494dc0c","30853096-b848-43ec-aa56-8a644cbdb2bf","Электромагнитная индукция (закон Фарадея)","0.95","лёгкая","missing_after_apply"
"134088","89a2bb4a-ae82-4df8-9b8f-160d4d8cee86","30853096-b848-43ec-aa56-8a644cbdb2bf","Электромагнитная индукция (закон Фарадея)","0.95","лёгкая","missing_after_apply"
"117204","cfaa6832-dcf2-4af7-8292-fb6b73131883","bdc8e9ec-edf9-4a89-9008-ec27171a8506","Энергия магнитного поля","0.95","лёгкая","missing_after_apply"
"97554","5bc9f773-8824-483d-bd46-bc6007c1c3ab","f9fb2020-338a-4986-bcc7-3fdcd4eec696","Магнитный поток","0.95","лёгкая","missing_after_apply"
"112691","9931032e-17e8-4808-bbe4-89c4a1f9b9d5","bdc8e9ec-edf9-4a89-9008-ec27171a8506","Энергия магнитного поля","0.95","лёгкая","missing_after_apply"
"12770","1171ea11-3ead-4702-a14b-185fe5ec95d9","30853096-b848-43ec-aa56-8a644cbdb2bf","Электромагнитная индукция (закон Фарадея)","0.95","средняя","missing_after_apply"
"113061","1dc0e344-f9a4-4dd0-b9bb-b4bd3e1a4e6a","bdc8e9ec-edf9-4a89-9008-ec27171a8506","Энергия магнитного поля","0.95","лёгкая","missing_after_apply"
"12769","55a549e2-27a0-4b01-99fd-8250e37fdad8","30853096-b848-43ec-aa56-8a644cbdb2bf","Электромагнитная индукция (закон Фарадея)","0.95","лёгкая","missing_after_apply"
"121873","4fc2f4b6-b2bb-4a19-a6b0-b5d149ac905c","30853096-b848-43ec-aa56-8a644cbdb2bf","Электромагнитная индукция (закон Фарадея)","0.95","лёгкая","missing_after_apply"
"113038","02dbe19a-6c27-44b8-baea-a6e1561d828a","30853096-b848-43ec-aa56-8a644cbdb2bf","Электромагнитная индукция (закон Фарадея)","0.95","лёгкая","missing_after_apply"
"103145","639e6a72-8805-4386-9635-8e86bbaf4224","bf4f6e6b-cb9d-474f-ae44-31bb9a73c141","Сила Ампера","0.95","лёгкая","missing_after_apply"
"126651","850e50b6-066e-422b-8f4c-99a35aaeb214","bdc8e9ec-edf9-4a89-9008-ec27171a8506","Энергия магнитного поля","0.95","лёгкая","missing_after_apply"
"88700","dfbdc44d-af11-4b10-bfc7-fc65a6d3b39b","77f30a76-213f-4e80-b0dd-b296539dcaa3","Уравнение состояния идеального газа (Менделеева-Клапейрона)","0.95","сложная","missing_after_apply"
"103444","ea1612dd-2c4a-451d-bb6e-7fc07b050f6f","09e6c95c-cb15-4184-985c-193b3f790571","Закон Ома для полной цепи (ЭДС)","0.95","средняя","missing_after_apply"
"65107","d421d994-05fa-43b9-9a69-be6807b8f205","8bbb5507-6364-4078-89d1-a423f766858f","Конденсаторы, электроёмкость","0.95","средняя","missing_after_apply"
"121486","8f1869e8-0a22-49c4-8b4e-d527892a4f2c","f56de6c4-8ede-4e26-a7ce-ac3c09e4a8b5","Первый закон термодинамики","0.95","сложная","missing_after_apply"
"96190","8ddfc158-c13b-4c7b-a97a-9ad00a6d0ad7","1f9ea623-cdb5-44ae-b489-fc488f68326d","Движение заряда в магнитном поле","0.95","средняя","missing_after_apply"
"19262","76e3b5df-92a1-4938-bcce-2c02fe74d430","019020c4-13bf-418c-b366-63bf09d42066","Электромагнитные колебания, колебательный контур","0.95","средняя","missing_after_apply"
"136776","eae83cab-14b6-4619-9de9-04fad8a7fead","8bbb5507-6364-4078-89d1-a423f766858f","Конденсаторы, электроёмкость","0.95","средняя","missing_after_apply"
"126484","c71b8496-fd42-4b13-9086-857c37cfa46b","019020c4-13bf-418c-b366-63bf09d42066","Электромагнитные колебания, колебательный контур","0.95","средняя","missing_after_apply"
"132446","22bfa8eb-402b-4173-84cf-dd9ae17874be","c919b5bc-ba38-4b5a-a766-cb5a7101838c","Дифракция, дифракционная решётка","0.95","средняя","missing_after_apply"
"143863","07a4b285-b1e2-42c1-a3cb-896d1a1ce86f","30853096-b848-43ec-aa56-8a644cbdb2bf","Электромагнитная индукция (закон Фарадея)","0.95","средняя","missing_after_apply"
"115792","c274c1ee-b9b4-4111-b6b9-b6b04e07d76b","019020c4-13bf-418c-b366-63bf09d42066","Электромагнитные колебания, колебательный контур","0.95","средняя","missing_after_apply"
"96721","40f9ac3d-33a1-410e-84b6-efecc6c799b6","c919b5bc-ba38-4b5a-a766-cb5a7101838c","Дифракция, дифракционная решётка","0.95","средняя","missing_after_apply"
"166443","8be218e3-6a3d-4b76-8146-4be5e606adfe","019020c4-13bf-418c-b366-63bf09d42066","Электромагнитные колебания, колебательный контур","0.95","средняя","missing_after_apply"
"128153","25a1dadb-31c0-4bb1-83ba-d5bf95120036","63286143-8bd2-4207-abf6-a0633f570716","Агрегатные переходы (плавление, парообразование)","0.95","сложная","missing_after_apply"
"139157","9ff69e66-f032-476e-90b8-30d40468381d","8bbb5507-6364-4078-89d1-a423f766858f","Конденсаторы, электроёмкость","0.95","средняя","missing_after_apply"
"138164","0334533e-35a9-422c-badc-5aacb4debc1f","30853096-b848-43ec-aa56-8a644cbdb2bf","Электромагнитная индукция (закон Фарадея)","0.95","средняя","missing_after_apply"
"138170","105b6822-77d4-4d48-a3bd-49c26ce4337c","1fdbe34f-b66c-4a48-840a-092c1a630f19","Последовательное и параллельное соединение","0.95","средняя","missing_after_apply"
"175120","347d7bcb-6032-4ae4-9045-37051dd00283","90ae48ff-fb53-42ab-bc93-a7d4b3dcffe0","Математический и пружинный маятник","0.95","средняя","missing_after_apply"
"158973","c54b470e-a6fe-4d4a-bf95-7075909f24a0","b2bac358-3fed-498b-89cf-29a3df32cd0a","Линзы, формула тонкой линзы","0.95","сложная","missing_after_apply"
"175929","88cd696a-4c36-4de2-aa7a-04726274cd10","6918f1ff-251c-4dbe-ba73-51eb58a2072f","Насыщенный пар","0.95","сложная","missing_after_apply"
"14543","0e41a174-f0ca-4bea-a1bf-38674e238e0c","ab5b8a4a-72f7-46e0-8324-e3b84c92ea67","Тепловые машины, КПД","0.95","сложная","missing_after_apply"
"110474","d5b695f6-2660-4a4f-910d-ee4ca3b728b5","b2bac358-3fed-498b-89cf-29a3df32cd0a","Линзы, формула тонкой линзы","0.95","средняя","missing_after_apply"
"78006","daad2f2a-7251-453c-b5ed-74bf5ac96134","b2bac358-3fed-498b-89cf-29a3df32cd0a","Линзы, формула тонкой линзы","0.95","средняя","missing_after_apply"
"14519","69f52441-4a91-40f7-bc5b-d850b32135d5","cac27515-dcf2-47ac-8e5a-6708e0ac6947","Законы преломления, полное внутреннее отражение","0.95","сложная","missing_after_apply"
"11234","f665aa4a-ed5a-484f-985c-8af7779c40c2","ab5b8a4a-72f7-46e0-8324-e3b84c92ea67","Тепловые машины, КПД","0.95","лёгкая","missing_after_apply"
"98116","abf54c96-03f4-4d0d-84dd-623fdaf92fc1","ab5b8a4a-72f7-46e0-8324-e3b84c92ea67","Тепловые машины, КПД","0.95","лёгкая","missing_after_apply"
"102931","e1afbcce-edde-4b96-ba22-6544a9a87db2","dc496a1c-70de-4c40-8cb0-e0d1641ec5db","Энергия электрического поля","0.95","лёгкая","missing_after_apply"
"138668","c562c5c1-f5e6-4819-83df-754a2c0e7912","77baf1e0-84d8-4933-b4d4-c520df7559a1","Импульс, закон сохранения импульса","0.95","средняя","missing_after_apply"
"136821","70c69bd8-88a8-4dbd-9a9e-d2f6acb3fdf0","71ace6ec-c281-4894-9ac9-69e0abe13228","Кинетическая и потенциальная энергия","0.95","лёгкая","missing_after_apply"
